f_Hz,S11_dB,S21_dB,S31_dB,S12_dB,S22_dB,S32_dB,S13_dB,S23_dB,S33_dB,S21_up_dB,S21_dn_dB
9.000000e+08,-0.144,-20.433,-20.214,-20.215,-0.144,-20.432,-20.432,-20.214,-0.144,-28.734,-31.159
9.002500e+08,-0.144,-20.421,-20.201,-20.203,-0.144,-20.419,-20.419,-20.201,-0.144,-28.700,-31.141
9.005000e+08,-0.144,-20.408,-20.189,-20.190,-0.144,-20.407,-20.407,-20.189,-0.144,-28.667,-31.124
9.007500e+08,-0.144,-20.396,-20.176,-20.178,-0.144,-20.394,-20.394,-20.176,-0.145,-28.633,-31.106
9.010000e+08,-0.145,-20.384,-20.164,-20.165,-0.145,-20.382,-20.382,-20.164,-0.145,-28.600,-31.088
9.012500e+08,-0.145,-20.371,-20.151,-20.153,-0.145,-20.370,-20.370,-20.151,-0.145,-28.566,-31.070
9.015000e+08,-0.145,-20.359,-20.139,-20.141,-0.145,-20.357,-20.357,-20.139,-0.145,-28.533,-31.052
9.017500e+08,-0.146,-20.347,-20.126,-20.128,-0.146,-20.345,-20.345,-20.126,-0.146,-28.499,-31.034
9.020000e+08,-0.146,-20.335,-20.114,-20.116,-0.146,-20.333,-20.333,-20.114,-0.146,-28.466,-31.016
9.022500e+08,-0.146,-20.323,-20.101,-20.103,-0.146,-20.321,-20.321,-20.101,-0.146,-28.432,-30.998
9.025000e+08,-0.147,-20.311,-20.089,-20.090,-0.147,-20.309,-20.309,-20.089,-0.147,-28.399,-30.980
9.027500e+08,-0.147,-20.299,-20.076,-20.078,-0.147,-20.297,-20.297,-20.076,-0.147,-28.365,-30.962
9.030000e+08,-0.147,-20.287,-20.064,-20.065,-0.147,-20.285,-20.285,-20.064,-0.147,-28.332,-30.944
9.032500e+08,-0.148,-20.275,-20.051,-20.053,-0.148,-20.273,-20.273,-20.051,-0.148,-28.298,-30.926
9.035000e+08,-0.148,-20.263,-20.038,-20.040,-0.148,-20.261,-20.261,-20.038,-0.148,-28.264,-30.907
9.037500e+08,-0.148,-20.251,-20.026,-20.027,-0.148,-20.249,-20.249,-20.026,-0.148,-28.231,-30.889
9.040000e+08,-0.149,-20.239,-20.013,-20.015,-0.149,-20.237,-20.237,-20.013,-0.149,-28.197,-30.870
9.042500e+08,-0.149,-20.227,-20.000,-20.002,-0.149,-20.225,-20.225,-20.000,-0.149,-28.163,-30.852
9.045000e+08,-0.150,-20.215,-19.988,-19.989,-0.150,-20.213,-20.213,-19.988,-0.150,-28.129,-30.833
9.047500e+08,-0.150,-20.203,-19.975,-19.977,-0.150,-20.202,-20.202,-19.975,-0.150,-28.095,-30.814
9.050000e+08,-0.150,-20.191,-19.962,-19.964,-0.150,-20.190,-20.190,-19.962,-0.151,-28.061,-30.796
9.052500e+08,-0.151,-20.179,-19.949,-19.951,-0.151,-20.178,-20.178,-19.949,-0.151,-28.027,-30.777
9.055000e+08,-0.151,-20.168,-19.937,-19.938,-0.151,-20.166,-20.166,-19.937,-0.151,-27.993,-30.758
9.057500e+08,-0.152,-20.156,-19.924,-19.925,-0.152,-20.154,-20.154,-19.924,-0.152,-27.959,-30.739
9.060000e+08,-0.152,-20.144,-19.911,-19.913,-0.152,-20.142,-20.142,-19.911,-0.152,-27.924,-30.720
9.062500e+08,-0.153,-20.132,-19.898,-19.900,-0.153,-20.130,-20.130,-19.898,-0.153,-27.890,-30.700
9.065000e+08,-0.153,-20.120,-19.885,-19.887,-0.153,-20.118,-20.118,-19.885,-0.153,-27.855,-30.681
9.067500e+08,-0.154,-20.108,-19.872,-19.874,-0.154,-20.106,-20.106,-19.872,-0.154,-27.821,-30.662
9.070000e+08,-0.154,-20.096,-19.859,-19.861,-0.154,-20.094,-20.094,-19.859,-0.155,-27.786,-30.642
9.072500e+08,-0.155,-20.084,-19.846,-19.848,-0.155,-20.082,-20.082,-19.846,-0.155,-27.751,-30.623
9.075000e+08,-0.156,-20.072,-19.833,-19.835,-0.156,-20.070,-20.070,-19.833,-0.156,-27.716,-30.603
9.077500e+08,-0.156,-20.060,-19.820,-19.822,-0.156,-20.058,-20.058,-19.820,-0.156,-27.681,-30.583
9.080000e+08,-0.157,-20.048,-19.807,-19.809,-0.157,-20.046,-20.046,-19.807,-0.157,-27.646,-30.564
9.082500e+08,-0.157,-20.036,-19.794,-19.796,-0.157,-20.034,-20.034,-19.794,-0.157,-27.611,-30.544
9.085000e+08,-0.158,-20.024,-19.781,-19.783,-0.158,-20.022,-20.022,-19.781,-0.158,-27.575,-30.524
9.087500e+08,-0.159,-20.012,-19.768,-19.770,-0.159,-20.010,-20.010,-19.768,-0.159,-27.540,-30.503
9.090000e+08,-0.159,-19.999,-19.755,-19.757,-0.159,-19.998,-19.998,-19.755,-0.159,-27.504,-30.483
9.092500e+08,-0.160,-19.987,-19.742,-19.744,-0.160,-19.985,-19.985,-19.742,-0.160,-27.468,-30.463
9.095000e+08,-0.160,-19.975,-19.729,-19.730,-0.160,-19.973,-19.973,-19.729,-0.161,-27.432,-30.442
9.097500e+08,-0.161,-19.963,-19.716,-19.717,-0.161,-19.961,-19.961,-19.716,-0.161,-27.396,-30.422
9.100000e+08,-0.162,-19.950,-19.702,-19.704,-0.162,-19.948,-19.948,-19.702,-0.162,-27.360,-30.401
9.102500e+08,-0.163,-19.938,-19.689,-19.691,-0.163,-19.936,-19.936,-19.689,-0.163,-27.323,-30.380
9.105000e+08,-0.163,-19.925,-19.676,-19.678,-0.163,-19.924,-19.924,-19.676,-0.163,-27.287,-30.360
9.107500e+08,-0.164,-19.913,-19.663,-19.664,-0.164,-19.911,-19.911,-19.663,-0.164,-27.250,-30.339
9.110000e+08,-0.165,-19.900,-19.649,-19.651,-0.165,-19.898,-19.898,-19.649,-0.165,-27.213,-30.318
9.112500e+08,-0.165,-19.888,-19.636,-19.638,-0.165,-19.886,-19.886,-19.636,-0.166,-27.176,-30.297
9.115000e+08,-0.166,-19.875,-19.623,-19.625,-0.166,-19.873,-19.873,-19.623,-0.166,-27.139,-30.275
9.117500e+08,-0.167,-19.862,-19.610,-19.611,-0.167,-19.860,-19.860,-19.610,-0.167,-27.101,-30.254
9.120000e+08,-0.168,-19.849,-19.596,-19.598,-0.168,-19.848,-19.848,-19.596,-0.168,-27.064,-30.233
9.122500e+08,-0.169,-19.836,-19.583,-19.585,-0.169,-19.835,-19.835,-19.583,-0.169,-27.026,-30.212
9.125000e+08,-0.169,-19.824,-19.570,-19.571,-0.169,-19.822,-19.822,-19.570,-0.170,-26.988,-30.190
9.127500e+08,-0.170,-19.810,-19.556,-19.558,-0.170,-19.809,-19.809,-19.556,-0.170,-26.950,-30.169
9.130000e+08,-0.171,-19.797,-19.543,-19.545,-0.171,-19.795,-19.795,-19.543,-0.171,-26.912,-30.147
9.132500e+08,-0.172,-19.784,-19.530,-19.532,-0.172,-19.782,-19.782,-19.530,-0.172,-26.873,-30.126
9.135000e+08,-0.173,-19.771,-19.517,-19.518,-0.173,-19.769,-19.769,-19.517,-0.173,-26.834,-30.104
9.137500e+08,-0.174,-19.758,-19.503,-19.505,-0.174,-19.756,-19.756,-19.503,-0.174,-26.795,-30.083
9.140000e+08,-0.175,-19.744,-19.490,-19.492,-0.175,-19.742,-19.742,-19.490,-0.175,-26.756,-30.061
9.142500e+08,-0.176,-19.731,-19.477,-19.479,-0.176,-19.729,-19.729,-19.477,-0.176,-26.717,-30.040
9.145000e+08,-0.177,-19.717,-19.464,-19.466,-0.177,-19.715,-19.715,-19.464,-0.177,-26.677,-30.019
9.147500e+08,-0.178,-19.703,-19.451,-19.452,-0.178,-19.701,-19.701,-19.451,-0.178,-26.638,-29.998
9.150000e+08,-0.179,-19.689,-19.438,-19.439,-0.179,-19.688,-19.688,-19.438,-0.179,-26.598,-29.977
9.152500e+08,-0.180,-19.676,-19.424,-19.426,-0.180,-19.674,-19.674,-19.424,-0.180,-26.557,-29.956
9.155000e+08,-0.181,-19.662,-19.411,-19.413,-0.181,-19.660,-19.660,-19.411,-0.181,-26.517,-29.936
9.157500e+08,-0.182,-19.648,-19.399,-19.400,-0.182,-19.646,-19.646,-19.399,-0.182,-26.476,-29.915
9.160000e+08,-0.183,-19.633,-19.386,-19.388,-0.183,-19.631,-19.631,-19.386,-0.183,-26.436,-29.896
9.162500e+08,-0.184,-19.619,-19.373,-19.375,-0.184,-19.617,-19.617,-19.373,-0.184,-26.394,-29.876
9.165000e+08,-0.186,-19.605,-19.360,-19.362,-0.186,-19.603,-19.603,-19.360,-0.186,-26.353,-29.857
9.167500e+08,-0.187,-19.591,-19.348,-19.349,-0.187,-19.589,-19.589,-19.348,-0.187,-26.311,-29.839
9.170000e+08,-0.188,-19.576,-19.335,-19.337,-0.188,-19.574,-19.574,-19.335,-0.188,-26.270,-29.821
9.172500e+08,-0.189,-19.562,-19.323,-19.324,-0.189,-19.560,-19.560,-19.323,-0.189,-26.228,-29.804
9.175000e+08,-0.191,-19.547,-19.310,-19.312,-0.191,-19.545,-19.545,-19.310,-0.191,-26.185,-29.788
9.177500e+08,-0.192,-19.532,-19.298,-19.300,-0.192,-19.531,-19.531,-19.298,-0.192,-26.143,-29.773
9.180000e+08,-0.193,-19.518,-19.286,-19.288,-0.193,-19.516,-19.516,-19.286,-0.193,-26.100,-29.759
9.182500e+08,-0.195,-19.503,-19.274,-19.276,-0.195,-19.501,-19.501,-19.274,-0.195,-26.057,-29.746
9.185000e+08,-0.196,-19.489,-19.262,-19.264,-0.196,-19.487,-19.487,-19.262,-0.196,-26.013,-29.735
9.187500e+08,-0.197,-19.474,-19.250,-19.252,-0.197,-19.472,-19.472,-19.250,-0.197,-25.970,-29.725
9.190000e+08,-0.199,-19.460,-19.239,-19.240,-0.199,-19.458,-19.458,-19.239,-0.199,-25.926,-29.717
9.192500e+08,-0.200,-19.445,-19.227,-19.229,-0.200,-19.443,-19.443,-19.227,-0.200,-25.881,-29.711
9.195000e+08,-0.202,-19.431,-19.215,-19.217,-0.202,-19.429,-19.429,-19.215,-0.202,-25.837,-29.707
9.197500e+08,-0.203,-19.417,-19.204,-19.206,-0.203,-19.415,-19.415,-19.204,-0.203,-25.792,-29.706
9.200000e+08,-0.205,-19.403,-19.193,-19.194,-0.205,-19.401,-19.401,-19.193,-0.205,-25.747,-29.707
9.202500e+08,-0.206,-19.390,-19.181,-19.183,-0.206,-19.388,-19.388,-19.181,-0.206,-25.702,-29.710
9.205000e+08,-0.208,-19.376,-19.170,-19.171,-0.208,-19.374,-19.374,-19.170,-0.208,-25.656,-29.717
9.207500e+08,-0.209,-19.363,-19.158,-19.160,-0.209,-19.361,-19.361,-19.158,-0.209,-25.610,-29.727
9.210000e+08,-0.211,-19.351,-19.146,-19.148,-0.211,-19.349,-19.349,-19.146,-0.211,-25.564,-29.740
9.212500e+08,-0.212,-19.339,-19.135,-19.136,-0.212,-19.337,-19.337,-19.135,-0.212,-25.517,-29.756
9.215000e+08,-0.214,-19.327,-19.122,-19.124,-0.214,-19.326,-19.326,-19.122,-0.214,-25.470,-29.776
9.217500e+08,-0.215,-19.317,-19.110,-19.112,-0.215,-19.315,-19.315,-19.110,-0.215,-25.423,-29.800
9.220000e+08,-0.216,-19.306,-19.097,-19.099,-0.216,-19.304,-19.304,-19.097,-0.216,-25.375,-29.827
9.222500e+08,-0.218,-19.297,-19.083,-19.085,-0.218,-19.295,-19.295,-19.083,-0.218,-25.327,-29.857
9.225000e+08,-0.219,-19.288,-19.069,-19.071,-0.219,-19.286,-19.286,-19.069,-0.219,-25.279,-29.890
9.227500e+08,-0.220,-19.280,-19.055,-19.056,-0.220,-19.278,-19.278,-19.055,-0.220,-25.230,-29.927
9.230000e+08,-0.221,-19.272,-19.039,-19.041,-0.221,-19.270,-19.270,-19.039,-0.221,-25.181,-29.966
9.232500e+08,-0.222,-19.266,-19.023,-19.024,-0.222,-19.264,-19.264,-19.023,-0.222,-25.132,-30.007
9.235000e+08,-0.223,-19.259,-19.005,-19.007,-0.223,-19.258,-19.258,-19.005,-0.223,-25.082,-30.050
9.237500e+08,-0.224,-19.254,-18.987,-18.989,-0.224,-19.252,-19.252,-18.987,-0.224,-25.032,-30.094
9.240000e+08,-0.225,-19.249,-18.968,-18.970,-0.225,-19.247,-19.247,-18.968,-0.225,-24.981,-30.138
9.242500e+08,-0.226,-19.245,-18.948,-18.949,-0.226,-19.243,-19.243,-18.948,-0.226,-24.930,-30.182
9.245000e+08,-0.226,-19.241,-18.927,-18.928,-0.226,-19.239,-19.239,-18.927,-0.226,-24.879,-30.224
9.247500e+08,-0.227,-19.237,-18.905,-18.906,-0.227,-19.235,-19.235,-18.905,-0.227,-24.828,-30.265
9.250000e+08,-0.228,-19.233,-18.882,-18.883,-0.228,-19.232,-19.232,-18.882,-0.228,-24.775,-30.304
9.252500e+08,-0.228,-19.230,-18.858,-18.859,-0.228,-19.228,-19.228,-18.858,-0.228,-24.723,-30.340
9.255000e+08,-0.229,-19.227,-18.833,-18.835,-0.229,-19.225,-19.225,-18.833,-0.229,-24.670,-30.372
9.257500e+08,-0.229,-19.223,-18.808,-18.809,-0.229,-19.222,-19.222,-18.808,-0.229,-24.617,-30.400
9.260000e+08,-0.230,-19.220,-18.782,-18.784,-0.230,-19.218,-19.218,-18.782,-0.230,-24.563,-30.425
9.262500e+08,-0.230,-19.216,-18.756,-18.757,-0.230,-19.215,-19.215,-18.756,-0.230,-24.509,-30.445
9.265000e+08,-0.231,-19.212,-18.729,-18.730,-0.231,-19.211,-19.211,-18.729,-0.231,-24.454,-30.460
9.267500e+08,-0.231,-19.208,-18.701,-18.703,-0.231,-19.206,-19.206,-18.701,-0.232,-24.399,-30.471
9.270000e+08,-0.232,-19.204,-18.673,-18.675,-0.232,-19.202,-19.202,-18.673,-0.232,-24.344,-30.478
9.272500e+08,-0.233,-19.199,-18.645,-18.647,-0.233,-19.197,-19.197,-18.645,-0.233,-24.288,-30.481
9.275000e+08,-0.233,-19.193,-18.617,-18.618,-0.233,-19.192,-19.192,-18.617,-0.233,-24.232,-30.480
9.277500e+08,-0.234,-19.188,-18.588,-18.590,-0.234,-19.186,-19.186,-18.588,-0.234,-24.175,-30.474
9.280000e+08,-0.235,-19.182,-18.560,-18.561,-0.235,-19.180,-19.180,-18.560,-0.235,-24.118,-30.466
9.282500e+08,-0.236,-19.175,-18.531,-18.532,-0.236,-19.173,-19.173,-18.531,-0.236,-24.060,-30.454
9.285000e+08,-0.237,-19.168,-18.502,-18.503,-0.237,-19.166,-19.166,-18.502,-0.237,-24.002,-30.439
9.287500e+08,-0.238,-19.161,-18.473,-18.474,-0.238,-19.159,-19.159,-18.473,-0.238,-23.943,-30.422
9.290000e+08,-0.239,-19.153,-18.444,-18.445,-0.239,-19.151,-19.151,-18.444,-0.239,-23.884,-30.402
9.292500e+08,-0.240,-19.145,-18.415,-18.416,-0.240,-19.144,-19.144,-18.415,-0.240,-23.824,-30.380
9.295000e+08,-0.241,-19.137,-18.385,-18.387,-0.241,-19.135,-19.135,-18.385,-0.241,-23.764,-30.356
9.297500e+08,-0.242,-19.129,-18.356,-18.358,-0.242,-19.127,-19.127,-18.356,-0.242,-23.703,-30.330
9.300000e+08,-0.243,-19.120,-18.327,-18.328,-0.243,-19.118,-19.118,-18.327,-0.243,-23.641,-30.303
9.302500e+08,-0.245,-19.111,-18.297,-18.299,-0.245,-19.109,-19.109,-18.297,-0.245,-23.580,-30.275
9.305000e+08,-0.246,-19.101,-18.268,-18.270,-0.246,-19.099,-19.099,-18.268,-0.246,-23.517,-30.246
9.307500e+08,-0.247,-19.092,-18.238,-18.240,-0.247,-19.090,-19.090,-18.238,-0.248,-23.454,-30.216
9.310000e+08,-0.249,-19.082,-18.209,-18.210,-0.249,-19.080,-19.080,-18.209,-0.249,-23.391,-30.185
9.312500e+08,-0.250,-19.072,-18.179,-18.181,-0.250,-19.070,-19.070,-18.179,-0.251,-23.327,-30.153
9.315000e+08,-0.252,-19.062,-18.149,-18.151,-0.252,-19.060,-19.060,-18.149,-0.252,-23.262,-30.121
9.317500e+08,-0.254,-19.052,-18.119,-18.121,-0.254,-19.050,-19.050,-18.119,-0.254,-23.197,-30.089
9.320000e+08,-0.256,-19.042,-18.089,-18.091,-0.256,-19.040,-19.040,-18.089,-0.256,-23.131,-30.056
9.322500e+08,-0.257,-19.032,-18.059,-18.060,-0.257,-19.029,-19.029,-18.059,-0.257,-23.065,-30.022
9.325000e+08,-0.259,-19.021,-18.028,-18.030,-0.259,-19.019,-19.019,-18.028,-0.259,-22.998,-29.989
9.327500e+08,-0.261,-19.011,-17.998,-17.999,-0.261,-19.008,-19.008,-17.998,-0.261,-22.930,-29.955
9.330000e+08,-0.263,-19.000,-17.967,-17.969,-0.263,-18.998,-18.998,-17.967,-0.263,-22.862,-29.922
9.332500e+08,-0.265,-18.989,-17.936,-17.938,-0.265,-18.987,-18.987,-17.936,-0.265,-22.793,-29.888
9.335000e+08,-0.267,-18.979,-17.905,-17.906,-0.267,-18.977,-18.977,-17.905,-0.267,-22.723,-29.854
9.337500e+08,-0.269,-18.968,-17.873,-17.875,-0.269,-18.966,-18.966,-17.873,-0.270,-22.653,-29.820
9.340000e+08,-0.272,-18.958,-17.841,-17.843,-0.272,-18.955,-18.955,-17.841,-0.272,-22.582,-29.786
9.342500e+08,-0.274,-18.947,-17.809,-17.811,-0.274,-18.945,-18.945,-17.809,-0.274,-22.510,-29.752
9.345000e+08,-0.276,-18.936,-17.777,-17.779,-0.276,-18.934,-18.934,-17.777,-0.276,-22.438,-29.718
9.347500e+08,-0.279,-18.926,-17.745,-17.747,-0.279,-18.923,-18.923,-17.745,-0.279,-22.365,-29.684
9.350000e+08,-0.281,-18.915,-17.712,-17.714,-0.281,-18.913,-18.913,-17.712,-0.281,-22.291,-29.651
9.352500e+08,-0.284,-18.905,-17.679,-17.681,-0.284,-18.902,-18.902,-17.679,-0.284,-22.217,-29.617
9.355000e+08,-0.286,-18.894,-17.646,-17.648,-0.286,-18.892,-18.892,-17.646,-0.286,-22.142,-29.583
9.357500e+08,-0.289,-18.884,-17.612,-17.614,-0.289,-18.882,-18.882,-17.612,-0.289,-22.066,-29.550
9.360000e+08,-0.292,-18.874,-17.578,-17.580,-0.292,-18.871,-18.871,-17.578,-0.292,-21.989,-29.516
9.362500e+08,-0.295,-18.864,-17.544,-17.546,-0.295,-18.861,-18.861,-17.544,-0.295,-21.912,-29.483
9.365000e+08,-0.298,-18.854,-17.509,-17.511,-0.298,-18.851,-18.851,-17.509,-0.298,-21.834,-29.449
9.367500e+08,-0.301,-18.844,-17.474,-17.476,-0.301,-18.841,-18.841,-17.474,-0.301,-21.755,-29.416
9.370000e+08,-0.304,-18.834,-17.438,-17.440,-0.304,-18.832,-18.832,-17.438,-0.304,-21.675,-29.383
9.372500e+08,-0.307,-18.825,-17.403,-17.405,-0.307,-18.822,-18.822,-17.403,-0.307,-21.594,-29.349
9.375000e+08,-0.310,-18.815,-17.366,-17.368,-0.310,-18.813,-18.813,-17.366,-0.310,-21.513,-29.316
9.377500e+08,-0.313,-18.806,-17.330,-17.332,-0.313,-18.804,-18.804,-17.330,-0.314,-21.431,-29.283
9.380000e+08,-0.317,-18.797,-17.292,-17.294,-0.317,-18.795,-18.795,-17.292,-0.317,-21.348,-29.250
9.382500e+08,-0.320,-18.789,-17.255,-17.257,-0.320,-18.786,-18.786,-17.255,-0.320,-21.264,-29.217
9.385000e+08,-0.324,-18.780,-17.217,-17.219,-0.324,-18.777,-18.777,-17.217,-0.324,-21.179,-29.184
9.387500e+08,-0.328,-18.772,-17.178,-17.180,-0.328,-18.769,-18.769,-17.178,-0.328,-21.093,-29.151
9.390000e+08,-0.331,-18.764,-17.139,-17.141,-0.331,-18.761,-18.761,-17.139,-0.332,-21.007,-29.119
9.392500e+08,-0.335,-18.757,-17.100,-17.102,-0.335,-18.754,-18.754,-17.100,-0.335,-20.919,-29.086
9.395000e+08,-0.339,-18.749,-17.060,-17.062,-0.339,-18.746,-18.746,-17.060,-0.340,-20.831,-29.053
9.397500e+08,-0.343,-18.742,-17.019,-17.021,-0.343,-18.739,-18.739,-17.019,-0.344,-20.742,-29.020
9.400000e+08,-0.348,-18.736,-16.978,-16.980,-0.348,-18.733,-18.733,-16.978,-0.348,-20.652,-28.988
9.402500e+08,-0.352,-18.730,-16.937,-16.939,-0.352,-18.727,-18.727,-16.937,-0.352,-20.560,-28.955
9.405000e+08,-0.357,-18.724,-16.895,-16.897,-0.357,-18.721,-18.721,-16.895,-0.357,-20.468,-28.922
9.407500e+08,-0.361,-18.719,-16.852,-16.854,-0.361,-18.715,-18.715,-16.852,-0.361,-20.375,-28.889
9.410000e+08,-0.366,-18.714,-16.809,-16.811,-0.366,-18.711,-18.711,-16.809,-0.366,-20.281,-28.857
9.412500e+08,-0.371,-18.709,-16.765,-16.767,-0.371,-18.706,-18.706,-16.765,-0.371,-20.186,-28.824
9.415000e+08,-0.376,-18.706,-16.720,-16.722,-0.376,-18.702,-18.702,-16.720,-0.376,-20.090,-28.791
9.417500e+08,-0.381,-18.702,-16.675,-16.677,-0.381,-18.699,-18.699,-16.675,-0.381,-19.993,-28.758
9.420000e+08,-0.386,-18.700,-16.629,-16.631,-0.386,-18.696,-18.696,-16.629,-0.387,-19.895,-28.726
9.422500e+08,-0.392,-18.698,-16.583,-16.585,-0.392,-18.694,-18.694,-16.583,-0.392,-19.795,-28.693
9.425000e+08,-0.398,-18.696,-16.536,-16.538,-0.398,-18.693,-18.693,-16.536,-0.398,-19.695,-28.660
9.427500e+08,-0.404,-18.696,-16.488,-16.490,-0.404,-18.692,-18.692,-16.488,-0.404,-19.594,-28.627
9.430000e+08,-0.410,-18.696,-16.440,-16.442,-0.410,-18.693,-18.693,-16.440,-0.410,-19.492,-28.594
9.432500e+08,-0.416,-18.697,-16.390,-16.393,-0.416,-18.694,-18.694,-16.390,-0.416,-19.388,-28.561
9.435000e+08,-0.422,-18.699,-16.341,-16.343,-0.422,-18.696,-18.696,-16.341,-0.423,-19.284,-28.528
9.437500e+08,-0.429,-18.702,-16.290,-16.292,-0.429,-18.698,-18.698,-16.290,-0.429,-19.179,-28.495
9.440000e+08,-0.436,-18.706,-16.239,-16.241,-0.436,-18.702,-18.702,-16.239,-0.436,-19.072,-28.462
9.442500e+08,-0.443,-18.711,-16.187,-16.189,-0.443,-18.707,-18.707,-16.187,-0.443,-18.964,-28.429
9.445000e+08,-0.450,-18.717,-16.134,-16.136,-0.450,-18.713,-18.713,-16.134,-0.450,-18.856,-28.396
9.447500e+08,-0.458,-18.724,-16.080,-16.083,-0.458,-18.720,-18.720,-16.080,-0.458,-18.746,-28.362
9.450000e+08,-0.465,-18.733,-16.026,-16.028,-0.465,-18.729,-18.729,-16.026,-0.466,-18.635,-28.329
9.452500e+08,-0.473,-18.743,-15.971,-15.973,-0.473,-18.739,-18.739,-15.971,-0.474,-18.523,-28.295
9.455000e+08,-0.482,-18.754,-15.915,-15.917,-0.482,-18.750,-18.750,-15.915,-0.482,-18.410,-28.262
9.457500e+08,-0.490,-18.767,-15.859,-15.861,-0.490,-18.763,-18.763,-15.859,-0.491,-18.296,-28.228
9.460000e+08,-0.499,-18.782,-15.801,-15.803,-0.499,-18.778,-18.778,-15.801,-0.500,-18.181,-28.194
9.462500e+08,-0.508,-18.798,-15.743,-15.745,-0.508,-18.794,-18.794,-15.743,-0.509,-18.065,-28.160
9.465000e+08,-0.518,-18.816,-15.684,-15.686,-0.518,-18.812,-18.812,-15.684,-0.518,-17.948,-28.127
9.467500e+08,-0.528,-18.837,-15.624,-15.627,-0.528,-18.832,-18.832,-15.624,-0.528,-17.830,-28.092
9.470000e+08,-0.538,-18.859,-15.564,-15.566,-0.538,-18.855,-18.855,-15.564,-0.538,-17.711,-28.058
9.472500e+08,-0.548,-18.884,-15.503,-15.505,-0.548,-18.879,-18.879,-15.503,-0.548,-17.592,-28.024
9.475000e+08,-0.559,-18.911,-15.441,-15.443,-0.559,-18.907,-18.907,-15.441,-0.559,-17.471,-27.990
9.477500e+08,-0.570,-18.941,-15.378,-15.380,-0.570,-18.936,-18.936,-15.378,-0.570,-17.349,-27.955
9.480000e+08,-0.581,-18.974,-15.315,-15.317,-0.581,-18.969,-18.969,-15.315,-0.582,-17.227,-27.920
9.482500e+08,-0.593,-19.009,-15.251,-15.253,-0.593,-19.005,-19.005,-15.251,-0.594,-17.104,-27.886
9.485000e+08,-0.606,-19.048,-15.186,-15.188,-0.606,-19.043,-19.043,-15.186,-0.606,-16.981,-27.851
9.487500e+08,-0.618,-19.090,-15.121,-15.123,-0.618,-19.086,-19.086,-15.121,-0.619,-16.857,-27.816
9.490000e+08,-0.631,-19.136,-15.055,-15.057,-0.631,-19.132,-19.132,-15.055,-0.632,-16.732,-27.780
9.492500e+08,-0.645,-19.186,-14.989,-14.991,-0.645,-19.181,-19.181,-14.989,-0.645,-16.607,-27.745
9.495000e+08,-0.659,-19.240,-14.922,-14.924,-0.659,-19.235,-19.235,-14.922,-0.659,-16.481,-27.710
9.497500e+08,-0.673,-19.299,-14.855,-14.857,-0.673,-19.294,-19.294,-14.855,-0.673,-16.356,-27.674
9.500000e+08,-0.687,-19.362,-14.788,-14.790,-0.687,-19.357,-19.357,-14.788,-0.688,-16.230,-27.638
9.502500e+08,-0.703,-19.431,-14.721,-14.723,-0.703,-19.426,-19.426,-14.721,-0.703,-16.105,-27.602
9.505000e+08,-0.718,-19.505,-14.653,-14.655,-0.718,-19.499,-19.499,-14.653,-0.719,-15.979,-27.566
9.507500e+08,-0.734,-19.584,-14.586,-14.588,-0.734,-19.579,-19.579,-14.586,-0.734,-15.854,-27.530
9.510000e+08,-0.750,-19.670,-14.518,-14.520,-0.750,-19.665,-19.665,-14.518,-0.751,-15.730,-27.493
9.512500e+08,-0.767,-19.763,-14.451,-14.453,-0.767,-19.757,-19.757,-14.451,-0.767,-15.606,-27.457
9.515000e+08,-0.784,-19.863,-14.384,-14.386,-0.784,-19.857,-19.857,-14.384,-0.784,-15.483,-27.420
9.517500e+08,-0.801,-19.970,-14.318,-14.320,-0.801,-19.964,-19.964,-14.318,-0.802,-15.362,-27.383
9.520000e+08,-0.818,-20.085,-14.253,-14.255,-0.818,-20.079,-20.079,-14.253,-0.819,-15.241,-27.346
9.522500e+08,-0.836,-20.208,-14.188,-14.190,-0.836,-20.202,-20.202,-14.188,-0.837,-15.123,-27.309
9.525000e+08,-0.854,-20.340,-14.125,-14.127,-0.854,-20.335,-20.335,-14.125,-0.855,-15.006,-27.271
9.527500e+08,-0.872,-20.482,-14.063,-14.065,-0.872,-20.476,-20.476,-14.063,-0.873,-14.892,-27.234
9.530000e+08,-0.890,-20.634,-14.003,-14.005,-0.890,-20.628,-20.628,-14.003,-0.891,-14.780,-27.196
9.532500e+08,-0.908,-20.796,-13.944,-13.946,-0.908,-20.789,-20.789,-13.944,-0.909,-14.671,-27.158
9.535000e+08,-0.926,-20.968,-13.888,-13.889,-0.926,-20.962,-20.962,-13.888,-0.927,-14.565,-27.119
9.537500e+08,-0.944,-21.152,-13.833,-13.835,-0.944,-21.146,-21.146,-13.833,-0.945,-14.462,-27.081
9.540000e+08,-0.961,-21.347,-13.782,-13.783,-0.961,-21.341,-21.341,-13.782,-0.962,-14.364,-27.042
9.542500e+08,-0.978,-21.554,-13.733,-13.735,-0.978,-21.547,-21.547,-13.733,-0.979,-14.270,-27.003
9.545000e+08,-0.995,-21.772,-13.687,-13.689,-0.995,-21.765,-21.765,-13.687,-0.996,-14.180,-26.964
9.547500e+08,-1.010,-22.001,-13.645,-13.647,-1.010,-21.995,-21.995,-13.645,-1.011,-14.096,-26.925
9.550000e+08,-1.025,-22.242,-13.607,-13.608,-1.025,-22.235,-22.235,-13.607,-1.026,-14.017,-26.885
9.552500e+08,-1.039,-22.492,-13.572,-13.574,-1.039,-22.486,-22.486,-13.572,-1.040,-13.943,-26.846
9.555000e+08,-1.053,-22.752,-13.542,-13.544,-1.053,-22.746,-22.746,-13.542,-1.053,-13.876,-26.806
9.557500e+08,-1.064,-23.018,-13.517,-13.518,-1.064,-23.013,-23.013,-13.517,-1.065,-13.816,-26.765
9.560000e+08,-1.075,-23.290,-13.496,-13.497,-1.075,-23.285,-23.285,-13.496,-1.076,-13.762,-26.725
9.562500e+08,-1.084,-23.563,-13.480,-13.481,-1.084,-23.558,-23.558,-13.480,-1.085,-13.715,-26.684
9.565000e+08,-1.091,-23.834,-13.469,-13.470,-1.091,-23.830,-23.830,-13.469,-1.092,-13.676,-26.643
9.567500e+08,-1.097,-24.098,-13.464,-13.465,-1.097,-24.095,-24.095,-13.464,-1.098,-13.645,-26.602
9.570000e+08,-1.102,-24.349,-13.464,-13.465,-1.102,-24.346,-24.346,-13.464,-1.103,-13.622,-26.561
9.572500e+08,-1.104,-24.581,-13.469,-13.470,-1.104,-24.579,-24.579,-13.469,-1.105,-13.607,-26.519
9.575000e+08,-1.105,-24.785,-13.480,-13.481,-1.105,-24.784,-24.784,-13.480,-1.106,-13.600,-26.477
9.577500e+08,-1.103,-24.955,-13.497,-13.497,-1.103,-24.955,-24.955,-13.497,-1.104,-13.601,-26.435
9.580000e+08,-1.100,-25.084,-13.518,-13.519,-1.100,-25.085,-25.085,-13.518,-1.101,-13.611,-26.393
9.582500e+08,-1.096,-25.165,-13.546,-13.546,-1.096,-25.168,-25.168,-13.546,-1.097,-13.629,-26.350
9.585000e+08,-1.089,-25.195,-13.578,-13.579,-1.089,-25.199,-25.199,-13.578,-1.090,-13.656,-26.307
9.587500e+08,-1.081,-25.171,-13.615,-13.616,-1.081,-25.176,-25.176,-13.615,-1.082,-13.691,-26.264
9.590000e+08,-1.072,-25.094,-13.657,-13.658,-1.072,-25.101,-25.101,-13.657,-1.073,-13.734,-26.220
9.592500e+08,-1.061,-24.967,-13.704,-13.704,-1.061,-24.975,-24.975,-13.704,-1.062,-13.785,-26.176
9.595000e+08,-1.049,-24.795,-13.755,-13.755,-1.049,-24.804,-24.804,-13.755,-1.049,-13.844,-26.132
9.597500e+08,-1.035,-24.585,-13.809,-13.809,-1.035,-24.594,-24.594,-13.809,-1.036,-13.910,-26.088
9.600000e+08,-1.021,-24.343,-13.867,-13.867,-1.021,-24.352,-24.352,-13.867,-1.022,-13.983,-26.043
9.602500e+08,-1.006,-24.077,-13.928,-13.928,-1.006,-24.087,-24.087,-13.928,-1.007,-14.063,-25.998
9.605000e+08,-0.990,-23.793,-13.992,-13.992,-0.990,-23.803,-23.803,-13.992,-0.991,-14.150,-25.953
9.607500e+08,-0.973,-23.498,-14.058,-14.058,-0.973,-23.508,-23.508,-14.058,-0.974,-14.242,-25.908
9.610000e+08,-0.957,-23.196,-14.126,-14.126,-0.957,-23.206,-23.206,-14.126,-0.957,-14.340,-25.862
9.612500e+08,-0.940,-22.893,-14.195,-14.195,-0.940,-22.903,-22.903,-14.195,-0.940,-14.444,-25.815
9.615000e+08,-0.922,-22.591,-14.266,-14.265,-0.922,-22.601,-22.601,-14.266,-0.923,-14.552,-25.769
9.617500e+08,-0.905,-22.293,-14.337,-14.336,-0.905,-22.302,-22.302,-14.337,-0.906,-14.665,-25.722
9.620000e+08,-0.888,-22.001,-14.408,-14.408,-0.888,-22.010,-22.010,-14.408,-0.889,-14.782,-25.675
9.622500e+08,-0.871,-21.716,-14.480,-14.479,-0.871,-21.725,-21.725,-14.480,-0.872,-14.902,-25.627
9.625000e+08,-0.854,-21.440,-14.551,-14.550,-0.854,-21.449,-21.449,-14.551,-0.855,-15.027,-25.579
9.627500e+08,-0.838,-21.173,-14.621,-14.621,-0.838,-21.181,-21.181,-14.621,-0.839,-15.154,-25.531
9.630000e+08,-0.822,-20.915,-14.691,-14.690,-0.822,-20.923,-20.923,-14.691,-0.823,-15.284,-25.483
9.632500e+08,-0.806,-20.666,-14.759,-14.759,-0.806,-20.674,-20.674,-14.759,-0.807,-15.416,-25.434
9.635000e+08,-0.791,-20.427,-14.826,-14.825,-0.791,-20.435,-20.435,-14.826,-0.792,-15.550,-25.384
9.637500e+08,-0.777,-20.197,-14.891,-14.890,-0.777,-20.204,-20.204,-14.891,-0.777,-15.687,-25.335
9.640000e+08,-0.763,-19.976,-14.955,-14.954,-0.763,-19.983,-19.983,-14.955,-0.763,-15.824,-25.285
9.642500e+08,-0.749,-19.764,-15.016,-15.015,-0.749,-19.771,-19.771,-15.016,-0.750,-15.963,-25.234
9.645000e+08,-0.736,-19.560,-15.075,-15.074,-0.736,-19.566,-19.566,-15.075,-0.737,-16.103,-25.183
9.647500e+08,-0.724,-19.364,-15.132,-15.131,-0.724,-19.370,-19.370,-15.132,-0.725,-16.244,-25.132
9.650000e+08,-0.712,-19.175,-15.186,-15.185,-0.712,-19.181,-19.181,-15.186,-0.713,-16.385,-25.081
9.652500e+08,-0.701,-18.994,-15.238,-15.237,-0.701,-19.000,-19.000,-15.238,-0.702,-16.527,-25.029
9.655000e+08,-0.691,-18.819,-15.288,-15.286,-0.691,-18.825,-18.825,-15.288,-0.691,-16.669,-24.976
9.657500e+08,-0.681,-18.651,-15.334,-15.333,-0.681,-18.657,-18.657,-15.334,-0.681,-16.811,-24.923
9.660000e+08,-0.672,-18.489,-15.378,-15.377,-0.672,-18.494,-18.494,-15.378,-0.672,-16.953,-24.870
9.662500e+08,-0.663,-18.332,-15.420,-15.418,-0.663,-18.337,-18.337,-15.420,-0.663,-17.095,-24.816
9.665000e+08,-0.655,-18.181,-15.458,-15.457,-0.655,-18.186,-18.186,-15.458,-0.655,-17.236,-24.762
9.667500e+08,-0.647,-18.035,-15.494,-15.493,-0.647,-18.039,-18.039,-15.494,-0.647,-17.377,-24.708
9.670000e+08,-0.640,-17.893,-15.527,-15.526,-0.640,-17.897,-17.897,-15.527,-0.640,-17.518,-24.653
9.672500e+08,-0.633,-17.755,-15.558,-15.556,-0.633,-17.760,-17.760,-15.558,-0.634,-17.658,-24.597
9.675000e+08,-0.627,-17.622,-15.586,-15.584,-0.627,-17.626,-17.626,-15.586,-0.628,-17.797,-24.542
9.677500e+08,-0.622,-17.492,-15.611,-15.610,-0.622,-17.497,-17.497,-15.611,-0.622,-17.935,-24.485
9.680000e+08,-0.617,-17.366,-15.634,-15.632,-0.617,-17.370,-17.370,-15.634,-0.617,-18.073,-24.428
9.682500e+08,-0.612,-17.244,-15.654,-15.652,-0.612,-17.248,-17.248,-15.654,-0.612,-18.210,-24.371
9.685000e+08,-0.608,-17.124,-15.672,-15.670,-0.608,-17.128,-17.128,-15.672,-0.608,-18.345,-24.313
9.687500e+08,-0.604,-17.007,-15.687,-15.685,-0.604,-17.011,-17.011,-15.687,-0.605,-18.480,-24.255
9.690000e+08,-0.601,-16.893,-15.700,-15.698,-0.601,-16.897,-16.897,-15.700,-0.601,-18.614,-24.196
9.692500e+08,-0.598,-16.781,-15.710,-15.709,-0.598,-16.785,-16.785,-15.710,-0.599,-18.747,-24.137
9.695000e+08,-0.596,-16.672,-15.718,-15.717,-0.596,-16.675,-16.675,-15.718,-0.596,-18.878,-24.078
9.697500e+08,-0.594,-16.565,-15.724,-15.723,-0.594,-16.568,-16.568,-15.724,-0.594,-19.008,-24.017
9.700000e+08,-0.592,-16.460,-15.728,-15.727,-0.592,-16.463,-16.463,-15.728,-0.593,-19.138,-23.956
9.702500e+08,-0.591,-16.356,-15.730,-15.728,-0.591,-16.359,-16.359,-15.730,-0.591,-19.266,-23.895
9.705000e+08,-0.590,-16.254,-15.730,-15.728,-0.590,-16.257,-16.257,-15.730,-0.591,-19.393,-23.833
9.707500e+08,-0.590,-16.154,-15.728,-15.726,-0.590,-16.157,-16.157,-15.728,-0.590,-19.518,-23.771
9.710000e+08,-0.590,-16.055,-15.723,-15.722,-0.590,-16.058,-16.058,-15.723,-0.590,-19.643,-23.708
9.712500e+08,-0.590,-15.958,-15.717,-15.716,-0.590,-15.960,-15.960,-15.717,-0.590,-19.766,-23.644
9.715000e+08,-0.591,-15.861,-15.710,-15.708,-0.591,-15.864,-15.864,-15.710,-0.591,-19.888,-23.580
9.717500e+08,-0.592,-15.766,-15.700,-15.699,-0.592,-15.769,-15.769,-15.700,-0.592,-20.009,-23.516
9.720000e+08,-0.593,-15.672,-15.689,-15.687,-0.593,-15.675,-15.675,-15.689,-0.593,-20.128,-23.450
9.722500e+08,-0.595,-15.579,-15.676,-15.674,-0.595,-15.581,-15.581,-15.676,-0.595,-20.247,-23.385
9.725000e+08,-0.597,-15.486,-15.661,-15.660,-0.597,-15.489,-15.489,-15.661,-0.597,-20.364,-23.318
9.727500e+08,-0.599,-15.394,-15.645,-15.644,-0.599,-15.397,-15.397,-15.645,-0.599,-20.479,-23.251
9.730000e+08,-0.602,-15.303,-15.628,-15.626,-0.602,-15.305,-15.305,-15.628,-0.602,-20.594,-23.183
9.732500e+08,-0.605,-15.213,-15.609,-15.608,-0.605,-15.215,-15.215,-15.609,-0.605,-20.707,-23.115
9.735000e+08,-0.608,-15.123,-15.589,-15.587,-0.608,-15.125,-15.125,-15.589,-0.608,-20.819,-23.046
9.737500e+08,-0.612,-15.033,-15.567,-15.566,-0.612,-15.035,-15.035,-15.567,-0.612,-20.930,-22.976
9.740000e+08,-0.615,-14.943,-15.544,-15.543,-0.615,-14.946,-14.946,-15.544,-0.616,-21.039,-22.906
9.742500e+08,-0.620,-14.854,-15.520,-15.518,-0.620,-14.856,-14.856,-15.520,-0.620,-21.148,-22.835
9.745000e+08,-0.624,-14.766,-15.494,-15.493,-0.624,-14.768,-14.768,-15.494,-0.624,-21.255,-22.764
9.747500e+08,-0.629,-14.677,-15.467,-15.466,-0.629,-14.679,-14.679,-15.467,-0.629,-21.361,-22.691
9.750000e+08,-0.635,-14.588,-15.439,-15.438,-0.635,-14.590,-14.590,-15.439,-0.635,-21.465,-22.618
9.752500e+08,-0.640,-14.500,-15.410,-15.409,-0.640,-14.502,-14.502,-15.410,-0.640,-21.569,-22.544
9.755000e+08,-0.646,-14.411,-15.380,-15.379,-0.646,-14.413,-14.413,-15.380,-0.646,-21.671,-22.470
9.757500e+08,-0.652,-14.323,-15.349,-15.348,-0.652,-14.324,-14.324,-15.349,-0.652,-21.772,-22.395
9.760000e+08,-0.659,-14.234,-15.317,-15.316,-0.659,-14.236,-14.236,-15.317,-0.659,-21.872,-22.319
9.762500e+08,-0.666,-14.145,-15.284,-15.283,-0.666,-14.147,-14.147,-15.284,-0.666,-21.970,-22.242
9.765000e+08,-0.673,-14.056,-15.250,-15.248,-0.673,-14.058,-14.058,-15.250,-0.673,-22.068,-22.165
9.767500e+08,-0.681,-13.967,-15.214,-15.213,-0.681,-13.968,-13.968,-15.214,-0.681,-22.164,-22.086
9.770000e+08,-0.689,-13.877,-15.178,-15.177,-0.689,-13.879,-13.879,-15.178,-0.689,-22.259,-22.007
9.772500e+08,-0.698,-13.787,-15.141,-15.140,-0.698,-13.789,-13.789,-15.141,-0.698,-22.353,-21.927
9.775000e+08,-0.706,-13.697,-15.104,-15.103,-0.706,-13.699,-13.699,-15.104,-0.707,-22.445,-21.847
9.777500e+08,-0.716,-13.606,-15.065,-15.064,-0.716,-13.608,-13.608,-15.065,-0.716,-22.537,-21.765
9.780000e+08,-0.725,-13.515,-15.026,-15.025,-0.725,-13.517,-13.517,-15.026,-0.725,-22.627,-21.683
9.782500e+08,-0.735,-13.424,-14.985,-14.984,-0.735,-13.425,-13.425,-14.985,-0.736,-22.716,-21.600
9.785000e+08,-0.746,-13.331,-14.944,-14.943,-0.746,-13.333,-13.333,-14.944,-0.746,-22.804,-21.516
9.787500e+08,-0.757,-13.239,-14.903,-14.902,-0.757,-13.240,-13.240,-14.903,-0.757,-22.891,-21.431
9.790000e+08,-0.768,-13.145,-14.860,-14.859,-0.768,-13.147,-13.147,-14.860,-0.769,-22.977,-21.345
9.792500e+08,-0.780,-13.051,-14.817,-14.816,-0.780,-13.052,-13.052,-14.817,-0.780,-23.062,-21.258
9.795000e+08,-0.793,-12.957,-14.773,-14.772,-0.793,-12.958,-12.958,-14.773,-0.793,-23.145,-21.171
9.797500e+08,-0.806,-12.861,-14.729,-14.728,-0.806,-12.862,-12.862,-14.729,-0.806,-23.227,-21.082
9.800000e+08,-0.819,-12.765,-14.683,-14.683,-0.819,-12.766,-12.766,-14.683,-0.819,-23.308,-20.993
9.802500e+08,-0.833,-12.668,-14.638,-14.637,-0.833,-12.669,-12.669,-14.638,-0.833,-23.388,-20.902
9.805000e+08,-0.848,-12.570,-14.591,-14.591,-0.848,-12.571,-12.571,-14.591,-0.848,-23.467,-20.811
9.807500e+08,-0.863,-12.471,-14.545,-14.544,-0.863,-12.472,-12.472,-14.545,-0.863,-23.545,-20.719
9.810000e+08,-0.879,-12.372,-14.497,-14.496,-0.879,-12.373,-12.373,-14.497,-0.879,-23.622,-20.626
9.812500e+08,-0.895,-12.271,-14.449,-14.449,-0.895,-12.272,-12.272,-14.449,-0.896,-23.697,-20.531
9.815000e+08,-0.913,-12.170,-14.401,-14.400,-0.913,-12.171,-12.171,-14.401,-0.913,-23.771,-20.436
9.817500e+08,-0.930,-12.067,-14.352,-14.351,-0.930,-12.068,-12.068,-14.352,-0.931,-23.844,-20.340
9.820000e+08,-0.949,-11.964,-14.303,-14.302,-0.949,-11.965,-11.965,-14.303,-0.949,-23.916,-20.243
9.822500e+08,-0.968,-11.859,-14.253,-14.252,-0.968,-11.860,-11.860,-14.253,-0.969,-23.987,-20.144
9.825000e+08,-0.989,-11.754,-14.203,-14.202,-0.989,-11.754,-11.754,-14.203,-0.989,-24.057,-20.045
9.827500e+08,-1.010,-11.647,-14.152,-14.152,-1.010,-11.648,-11.648,-14.152,-1.010,-24.126,-19.945
9.830000e+08,-1.032,-11.539,-14.102,-14.101,-1.032,-11.540,-11.540,-14.102,-1.032,-24.193,-19.843
9.832500e+08,-1.054,-11.430,-14.051,-14.050,-1.054,-11.430,-11.430,-14.051,-1.055,-24.259,-19.741
9.835000e+08,-1.078,-11.319,-13.999,-13.999,-1.078,-11.320,-11.320,-13.999,-1.078,-24.324,-19.637
9.837500e+08,-1.103,-11.208,-13.948,-13.948,-1.103,-11.208,-11.208,-13.948,-1.103,-24.388,-19.532
9.840000e+08,-1.129,-11.095,-13.897,-13.896,-1.129,-11.095,-11.095,-13.897,-1.129,-24.451,-19.427
9.842500e+08,-1.156,-10.980,-13.845,-13.845,-1.156,-10.981,-10.981,-13.845,-1.156,-24.513,-19.320
9.845000e+08,-1.184,-10.865,-13.793,-13.793,-1.184,-10.865,-10.865,-13.793,-1.184,-24.573,-19.212
9.847500e+08,-1.213,-10.748,-13.742,-13.741,-1.213,-10.748,-10.748,-13.742,-1.214,-24.632,-19.103
9.850000e+08,-1.244,-10.630,-13.690,-13.690,-1.244,-10.630,-10.630,-13.690,-1.244,-24.691,-18.993
9.852500e+08,-1.276,-10.510,-13.639,-13.638,-1.276,-10.510,-10.510,-13.639,-1.276,-24.747,-18.882
9.855000e+08,-1.310,-10.389,-13.587,-13.587,-1.310,-10.389,-10.389,-13.587,-1.310,-24.803,-18.770
9.857500e+08,-1.345,-10.266,-13.536,-13.536,-1.345,-10.266,-10.266,-13.536,-1.345,-24.858,-18.657
9.860000e+08,-1.382,-10.142,-13.486,-13.486,-1.382,-10.142,-10.142,-13.486,-1.382,-24.911,-18.542
9.862500e+08,-1.420,-10.016,-13.436,-13.436,-1.420,-10.017,-10.017,-13.436,-1.420,-24.963,-18.427
9.865000e+08,-1.460,-9.889,-13.386,-13.386,-1.460,-9.889,-9.889,-13.386,-1.460,-25.013,-18.311
9.867500e+08,-1.502,-9.760,-13.337,-13.337,-1.502,-9.761,-9.761,-13.337,-1.503,-25.063,-18.194
9.870000e+08,-1.546,-9.630,-13.289,-13.289,-1.546,-9.630,-9.630,-13.289,-1.547,-25.111,-18.075
9.872500e+08,-1.593,-9.498,-13.242,-13.242,-1.593,-9.498,-9.498,-13.242,-1.593,-25.158,-17.956
9.875000e+08,-1.641,-9.365,-13.195,-13.196,-1.641,-9.365,-9.365,-13.195,-1.641,-25.204,-17.836
9.877500e+08,-1.692,-9.230,-13.150,-13.151,-1.692,-9.230,-9.230,-13.150,-1.692,-25.248,-17.715
9.880000e+08,-1.745,-9.093,-13.106,-13.107,-1.745,-9.094,-9.094,-13.106,-1.746,-25.291,-17.593
9.882500e+08,-1.801,-8.955,-13.064,-13.065,-1.801,-8.956,-8.956,-13.064,-1.802,-25.333,-17.471
9.885000e+08,-1.860,-8.816,-13.023,-13.024,-1.860,-8.816,-8.816,-13.023,-1.861,-25.373,-17.347
9.887500e+08,-1.922,-8.675,-12.985,-12.985,-1.922,-8.675,-8.675,-12.985,-1.923,-25.413,-17.223
9.890000e+08,-1.987,-8.532,-12.948,-12.949,-1.987,-8.533,-8.533,-12.948,-1.988,-25.450,-17.099
9.892500e+08,-2.056,-8.388,-12.914,-12.914,-2.056,-8.389,-8.389,-12.914,-2.056,-25.487,-16.974
9.895000e+08,-2.128,-8.243,-12.882,-12.882,-2.128,-8.243,-8.243,-12.882,-2.128,-25.521,-16.849
9.897500e+08,-2.204,-8.096,-12.853,-12.854,-2.204,-8.096,-8.096,-12.853,-2.204,-25.555,-16.723
9.900000e+08,-2.284,-7.948,-12.827,-12.828,-2.284,-7.948,-7.948,-12.827,-2.284,-25.587,-16.597
9.902500e+08,-2.368,-7.799,-12.805,-12.806,-2.368,-7.799,-7.799,-12.805,-2.369,-25.618,-16.471
9.905000e+08,-2.457,-7.648,-12.786,-12.787,-2.457,-7.648,-7.648,-12.786,-2.457,-25.647,-16.345
9.907500e+08,-2.551,-7.497,-12.772,-12.773,-2.551,-7.497,-7.497,-12.772,-2.551,-25.675,-16.219
9.910000e+08,-2.649,-7.344,-12.762,-12.763,-2.649,-7.344,-7.344,-12.762,-2.650,-25.701,-16.094
9.912500e+08,-2.754,-7.191,-12.758,-12.759,-2.754,-7.191,-7.191,-12.758,-2.754,-25.725,-15.969
9.915000e+08,-2.863,-7.037,-12.759,-12.760,-2.863,-7.037,-7.037,-12.759,-2.864,-25.749,-15.845
9.917500e+08,-2.979,-6.882,-12.766,-12.768,-2.979,-6.882,-6.882,-12.766,-2.980,-25.770,-15.722
9.920000e+08,-3.102,-6.727,-12.781,-12.782,-3.102,-6.727,-6.727,-12.781,-3.103,-25.790,-15.600
9.922500e+08,-3.231,-6.571,-12.802,-12.803,-3.231,-6.572,-6.572,-12.802,-3.232,-25.809,-15.480
9.925000e+08,-3.368,-6.416,-12.832,-12.833,-3.368,-6.416,-6.416,-12.832,-3.368,-25.826,-15.361
9.927500e+08,-3.512,-6.261,-12.870,-12.872,-3.512,-6.261,-6.261,-12.870,-3.512,-25.842,-15.244
9.930000e+08,-3.664,-6.106,-12.918,-12.920,-3.664,-6.106,-6.106,-12.918,-3.664,-25.855,-15.129
9.932500e+08,-3.824,-5.951,-12.977,-12.979,-3.824,-5.951,-5.951,-12.977,-3.825,-25.868,-15.017
9.935000e+08,-3.993,-5.797,-13.047,-13.049,-3.993,-5.798,-5.798,-13.047,-3.994,-25.878,-14.908
9.937500e+08,-4.171,-5.645,-13.130,-13.132,-4.171,-5.645,-5.645,-13.130,-4.172,-25.887,-14.802
9.940000e+08,-4.359,-5.494,-13.227,-13.229,-4.359,-5.494,-5.494,-13.227,-4.360,-25.895,-14.700
9.942500e+08,-4.557,-5.344,-13.339,-13.341,-4.557,-5.344,-5.344,-13.339,-4.558,-25.901,-14.601
9.945000e+08,-4.765,-5.196,-13.467,-13.469,-4.765,-5.197,-5.197,-13.467,-4.766,-25.905,-14.507
9.947500e+08,-4.984,-5.051,-13.613,-13.615,-4.984,-5.051,-5.051,-13.613,-4.985,-25.908,-14.417
9.950000e+08,-5.213,-4.908,-13.778,-13.781,-5.213,-4.909,-4.909,-13.778,-5.215,-25.910,-14.333
9.952500e+08,-5.454,-4.769,-13.965,-13.968,-5.454,-4.769,-4.769,-13.965,-5.456,-25.910,-14.254
9.955000e+08,-5.707,-4.632,-14.175,-14.178,-5.707,-4.632,-4.632,-14.175,-5.708,-25.908,-14.181
9.957500e+08,-5.971,-4.499,-14.410,-14.413,-5.971,-4.499,-4.499,-14.410,-5.972,-25.905,-14.114
9.960000e+08,-6.246,-4.370,-14.672,-14.675,-6.246,-4.370,-4.370,-14.672,-6.248,-25.901,-14.054
9.962500e+08,-6.533,-4.245,-14.964,-14.968,-6.533,-4.245,-4.245,-14.964,-6.535,-25.895,-14.000
9.965000e+08,-6.832,-4.124,-15.289,-15.293,-6.832,-4.124,-4.124,-15.289,-6.834,-25.889,-13.954
9.967500e+08,-7.141,-4.008,-15.650,-15.654,-7.141,-4.009,-4.009,-15.650,-7.144,-25.881,-13.916
9.970000e+08,-7.462,-3.898,-16.049,-16.053,-7.462,-3.898,-3.898,-16.049,-7.464,-25.873,-13.885
9.972500e+08,-7.794,-3.792,-16.489,-16.494,-7.794,-3.793,-3.793,-16.489,-7.796,-25.864,-13.862
9.975000e+08,-8.135,-3.692,-16.975,-16.980,-8.135,-3.693,-3.693,-16.975,-8.138,-25.854,-13.847
9.977500e+08,-8.487,-3.598,-17.508,-17.513,-8.487,-3.598,-3.598,-17.508,-8.489,-25.844,-13.841
9.980000e+08,-8.846,-3.510,-18.092,-18.097,-8.846,-3.510,-3.510,-18.092,-8.849,-25.834,-13.843
9.982500e+08,-9.214,-3.427,-18.725,-18.730,-9.214,-3.428,-3.428,-18.725,-9.217,-25.824,-13.854
9.985000e+08,-9.590,-3.351,-19.404,-19.410,-9.590,-3.352,-3.352,-19.404,-9.592,-25.814,-13.873
9.987500e+08,-9.971,-3.281,-20.120,-20.125,-9.971,-3.282,-3.282,-20.120,-9.973,-25.806,-13.901
9.990000e+08,-10.357,-3.218,-20.851,-20.855,-10.357,-3.219,-3.219,-20.851,-10.359,-25.798,-13.936
9.992500e+08,-10.746,-3.161,-21.556,-21.558,-10.746,-3.162,-3.162,-21.556,-10.748,-25.792,-13.980
9.995000e+08,-11.136,-3.112,-22.171,-22.171,-11.136,-3.112,-3.112,-22.171,-11.138,-25.789,-14.032
9.997500e+08,-11.524,-3.069,-22.609,-22.606,-11.524,-3.069,-3.069,-22.609,-11.526,-25.788,-14.092
1.000000e+09,-11.905,-3.033,-22.779,-22.773,-11.905,-3.034,-3.034,-22.779,-11.907,-25.790,-14.158
1.000250e+09,-12.275,-3.005,-22.629,-22.620,-12.275,-3.005,-3.005,-22.629,-12.276,-25.797,-14.232
1.000500e+09,-12.624,-2.984,-22.175,-22.163,-12.624,-2.985,-2.985,-22.175,-12.625,-25.808,-14.313
1.000750e+09,-12.943,-2.971,-21.492,-21.479,-12.943,-2.972,-2.972,-21.492,-12.943,-25.824,-14.400
1.001000e+09,-13.217,-2.967,-20.673,-20.660,-13.217,-2.968,-2.968,-20.673,-13.216,-25.848,-14.493
1.001250e+09,-13.430,-2.971,-19.799,-19.786,-13.430,-2.972,-2.972,-19.799,-13.428,-25.878,-14.592
1.001500e+09,-13.564,-2.985,-18.922,-18.910,-13.564,-2.985,-2.985,-18.922,-13.561,-25.917,-14.696
1.001750e+09,-13.601,-3.008,-18.076,-18.064,-13.601,-3.009,-3.009,-18.076,-13.597,-25.965,-14.805
1.002000e+09,-13.529,-3.041,-17.276,-17.265,-13.529,-3.042,-3.042,-17.276,-13.524,-26.023,-14.919
1.002250e+09,-13.340,-3.085,-16.532,-16.522,-13.340,-3.086,-3.086,-16.532,-13.335,-26.092,-15.036
1.002500e+09,-13.039,-3.141,-15.844,-15.835,-13.039,-3.142,-3.142,-15.844,-13.033,-26.174,-15.158
1.002750e+09,-12.638,-3.208,-15.214,-15.205,-12.638,-3.209,-3.209,-15.214,-12.632,-26.270,-15.282
1.003000e+09,-12.155,-3.288,-14.640,-14.631,-12.155,-3.289,-3.289,-14.640,-12.149,-26.379,-15.410
1.003250e+09,-11.611,-3.381,-14.118,-14.111,-11.611,-3.382,-3.382,-14.118,-11.606,-26.504,-15.541
1.003500e+09,-11.029,-3.487,-13.648,-13.641,-11.029,-3.488,-3.488,-13.648,-11.023,-26.645,-15.673
1.003750e+09,-10.426,-3.606,-13.226,-13.219,-10.426,-3.607,-3.607,-13.226,-10.421,-26.802,-15.808
1.004000e+09,-9.819,-3.740,-12.850,-12.843,-9.819,-3.741,-3.741,-12.850,-9.814,-26.977,-15.945
1.004250e+09,-9.219,-3.887,-12.517,-12.511,-9.219,-3.888,-3.888,-12.517,-9.215,-27.169,-16.083
1.004500e+09,-8.635,-4.048,-12.226,-12.220,-8.635,-4.049,-4.049,-12.226,-8.631,-27.378,-16.222
1.004750e+09,-8.073,-4.222,-11.973,-11.968,-8.073,-4.223,-4.223,-11.973,-8.070,-27.605,-16.362
1.005000e+09,-7.538,-4.409,-11.758,-11.752,-7.538,-4.411,-4.411,-11.758,-7.535,-27.850,-16.503
1.005250e+09,-7.031,-4.609,-11.577,-11.572,-7.031,-4.611,-4.611,-11.577,-7.029,-28.112,-16.645
1.005500e+09,-6.555,-4.821,-11.428,-11.423,-6.555,-4.822,-4.822,-11.428,-6.553,-28.390,-16.787
1.005750e+09,-6.108,-5.044,-11.310,-11.305,-6.108,-5.045,-5.045,-11.310,-6.106,-28.684,-16.929
1.006000e+09,-5.692,-5.277,-11.220,-11.215,-5.692,-5.278,-5.278,-11.220,-5.690,-28.994,-17.071
1.006250e+09,-5.304,-5.519,-11.156,-11.152,-5.304,-5.521,-5.521,-11.156,-5.302,-29.318,-17.213
1.006500e+09,-4.944,-5.770,-11.116,-11.112,-4.944,-5.771,-5.771,-11.116,-4.943,-29.656,-17.355
1.006750e+09,-4.610,-6.028,-11.099,-11.094,-4.610,-6.029,-6.029,-11.099,-4.609,-30.006,-17.496
1.007000e+09,-4.302,-6.292,-11.101,-11.097,-4.302,-6.294,-6.294,-11.101,-4.301,-30.368,-17.638
1.007250e+09,-4.017,-6.562,-11.123,-11.119,-4.017,-6.563,-6.563,-11.123,-4.016,-30.741,-17.778
1.007500e+09,-3.754,-6.836,-11.161,-11.157,-3.754,-6.837,-6.837,-11.161,-3.753,-31.124,-17.918
1.007750e+09,-3.511,-7.113,-11.214,-11.210,-3.511,-7.115,-7.115,-11.214,-3.510,-31.516,-18.057
1.008000e+09,-3.286,-7.393,-11.281,-11.277,-3.286,-7.395,-7.395,-11.281,-3.286,-31.916,-18.195
1.008250e+09,-3.079,-7.675,-11.360,-11.357,-3.079,-7.677,-7.677,-11.360,-3.079,-32.324,-18.333
1.008500e+09,-2.889,-7.958,-11.451,-11.447,-2.889,-7.960,-7.960,-11.451,-2.888,-32.738,-18.469
1.008750e+09,-2.712,-8.242,-11.551,-11.548,-2.712,-8.243,-8.243,-11.551,-2.712,-33.159,-18.605
1.009000e+09,-2.550,-8.525,-11.660,-11.657,-2.550,-8.527,-8.527,-11.660,-2.549,-33.585,-18.740
1.009250e+09,-2.399,-8.808,-11.777,-11.773,-2.399,-8.809,-8.809,-11.777,-2.399,-34.017,-18.873
1.009500e+09,-2.260,-9.089,-11.900,-11.897,-2.260,-9.091,-9.091,-11.900,-2.260,-34.453,-19.006
1.009750e+09,-2.132,-9.369,-12.030,-12.027,-2.132,-9.371,-9.371,-12.030,-2.131,-34.893,-19.137
1.010000e+09,-2.013,-9.647,-12.165,-12.162,-2.013,-9.649,-9.649,-12.165,-2.012,-35.338,-19.267
1.010250e+09,-1.902,-9.923,-12.304,-12.301,-1.902,-9.925,-9.925,-12.304,-1.902,-35.786,-19.396
1.010500e+09,-1.800,-10.197,-12.448,-12.445,-1.800,-10.199,-10.199,-12.448,-1.799,-36.237,-19.524
1.010750e+09,-1.705,-10.467,-12.595,-12.592,-1.705,-10.469,-10.469,-12.595,-1.704,-36.693,-19.651
1.011000e+09,-1.616,-10.735,-12.745,-12.742,-1.616,-10.737,-10.737,-12.745,-1.616,-37.151,-19.776
1.011250e+09,-1.534,-11.001,-12.897,-12.894,-1.534,-11.003,-11.003,-12.897,-1.534,-37.613,-19.901
1.011500e+09,-1.457,-11.263,-13.052,-13.049,-1.457,-11.265,-11.265,-13.052,-1.457,-38.078,-20.023
1.011750e+09,-1.386,-11.522,-13.208,-13.205,-1.386,-11.524,-11.524,-13.208,-1.385,-38.546,-20.145
1.012000e+09,-1.319,-11.777,-13.366,-13.364,-1.319,-11.779,-11.779,-13.366,-1.319,-39.018,-20.266
1.012250e+09,-1.256,-12.030,-13.525,-13.523,-1.256,-12.032,-12.032,-13.525,-1.256,-39.494,-20.385
1.012500e+09,-1.198,-12.279,-13.686,-13.683,-1.198,-12.281,-12.281,-13.686,-1.198,-39.973,-20.503
1.012750e+09,-1.143,-12.526,-13.847,-13.844,-1.143,-12.528,-12.528,-13.847,-1.143,-40.455,-20.620
1.013000e+09,-1.092,-12.768,-14.008,-14.006,-1.092,-12.770,-12.770,-14.008,-1.092,-40.942,-20.735
1.013250e+09,-1.044,-13.008,-14.170,-14.168,-1.044,-13.010,-13.010,-14.170,-1.044,-41.434,-20.849
1.013500e+09,-0.999,-13.245,-14.333,-14.330,-0.999,-13.247,-13.247,-14.333,-0.999,-41.929,-20.962
1.013750e+09,-0.956,-13.478,-14.495,-14.493,-0.956,-13.480,-13.480,-14.495,-0.956,-42.430,-21.074
1.014000e+09,-0.916,-13.709,-14.657,-14.655,-0.916,-13.711,-13.711,-14.657,-0.916,-42.936,-21.184
1.014250e+09,-0.878,-13.936,-14.820,-14.818,-0.878,-13.938,-13.938,-14.820,-0.878,-43.448,-21.294
1.014500e+09,-0.843,-14.161,-14.982,-14.980,-0.843,-14.163,-14.163,-14.982,-0.843,-43.966,-21.402
1.014750e+09,-0.809,-14.383,-15.144,-15.142,-0.809,-14.385,-14.385,-15.144,-0.809,-44.491,-21.508
1.015000e+09,-0.778,-14.602,-15.306,-15.304,-0.778,-14.604,-14.604,-15.306,-0.777,-45.023,-21.614
1.015250e+09,-0.748,-14.818,-15.467,-15.465,-0.748,-14.820,-14.820,-15.467,-0.748,-45.563,-21.718
1.015500e+09,-0.719,-15.031,-15.628,-15.626,-0.719,-15.033,-15.033,-15.628,-0.719,-46.112,-21.821
1.015750e+09,-0.692,-15.242,-15.788,-15.786,-0.692,-15.244,-15.244,-15.788,-0.692,-46.670,-21.923
1.016000e+09,-0.667,-15.451,-15.948,-15.946,-0.667,-15.453,-15.453,-15.948,-0.667,-47.237,-22.023
1.016250e+09,-0.643,-15.657,-16.108,-16.106,-0.643,-15.659,-15.659,-16.108,-0.643,-47.816,-22.123
1.016500e+09,-0.620,-15.861,-16.267,-16.265,-0.620,-15.863,-15.863,-16.267,-0.620,-48.407,-22.221
1.016750e+09,-0.598,-16.062,-16.425,-16.423,-0.598,-16.064,-16.064,-16.425,-0.598,-49.011,-22.318
1.017000e+09,-0.577,-16.261,-16.583,-16.581,-0.577,-16.263,-16.263,-16.583,-0.577,-49.630,-22.414
1.017250e+09,-0.557,-16.458,-16.740,-16.738,-0.557,-16.460,-16.460,-16.740,-0.557,-50.264,-22.508
1.017500e+09,-0.538,-16.653,-16.896,-16.894,-0.538,-16.655,-16.655,-16.896,-0.538,-50.916,-22.602
1.017750e+09,-0.521,-16.846,-17.052,-17.050,-0.521,-16.848,-16.848,-17.052,-0.521,-51.586,-22.694
1.018000e+09,-0.504,-17.037,-17.207,-17.205,-0.504,-17.039,-17.039,-17.207,-0.504,-52.277,-22.785
1.018250e+09,-0.487,-17.226,-17.362,-17.360,-0.487,-17.228,-17.228,-17.362,-0.487,-52.992,-22.875
1.018500e+09,-0.472,-17.413,-17.516,-17.514,-0.472,-17.415,-17.415,-17.516,-0.472,-53.732,-22.963
1.018750e+09,-0.457,-17.598,-17.669,-17.667,-0.457,-17.600,-17.600,-17.669,-0.457,-54.500,-23.051
1.019000e+09,-0.443,-17.782,-17.822,-17.820,-0.443,-17.784,-17.784,-17.822,-0.443,-55.299,-23.137
1.019250e+09,-0.429,-17.964,-17.974,-17.972,-0.429,-17.966,-17.966,-17.974,-0.429,-56.132,-23.222
1.019500e+09,-0.416,-18.145,-18.125,-18.123,-0.416,-18.146,-18.146,-18.125,-0.416,-57.003,-23.306
1.019750e+09,-0.404,-18.324,-18.276,-18.274,-0.404,-18.325,-18.325,-18.276,-0.404,-57.915,-23.389
1.020000e+09,-0.392,-18.501,-18.426,-18.424,-0.392,-18.503,-18.503,-18.426,-0.392,-58.870,-23.471
1.020250e+09,-0.380,-18.677,-18.575,-18.573,-0.380,-18.679,-18.679,-18.575,-0.380,-59.871,-23.551
1.020500e+09,-0.369,-18.852,-18.724,-18.722,-0.369,-18.854,-18.854,-18.724,-0.369,-60.915,-23.631
1.020750e+09,-0.359,-19.025,-18.872,-18.870,-0.359,-19.027,-19.027,-18.872,-0.359,-61.996,-23.709
1.021000e+09,-0.349,-19.197,-19.020,-19.018,-0.349,-19.199,-19.199,-19.020,-0.349,-63.098,-23.786
1.021250e+09,-0.339,-19.368,-19.167,-19.165,-0.339,-19.370,-19.370,-19.167,-0.339,-64.186,-23.862
1.021500e+09,-0.330,-19.538,-19.313,-19.312,-0.330,-19.540,-19.540,-19.313,-0.330,-65.199,-23.937
1.021750e+09,-0.321,-19.707,-19.459,-19.458,-0.321,-19.709,-19.709,-19.459,-0.321,-66.047,-24.011
1.022000e+09,-0.312,-19.874,-19.605,-19.603,-0.312,-19.876,-19.876,-19.605,-0.312,-66.623,-24.083
1.022250e+09,-0.304,-20.041,-19.749,-19.748,-0.304,-20.043,-20.043,-19.749,-0.304,-66.846,-24.154
1.022500e+09,-0.296,-20.207,-19.894,-19.892,-0.296,-20.208,-20.208,-19.894,-0.296,-66.710,-24.225
1.022750e+09,-0.288,-20.371,-20.037,-20.036,-0.288,-20.373,-20.373,-20.037,-0.289,-66.288,-24.294
1.023000e+09,-0.281,-20.535,-20.181,-20.179,-0.281,-20.537,-20.537,-20.181,-0.281,-65.687,-24.361
1.023250e+09,-0.274,-20.698,-20.323,-20.322,-0.274,-20.700,-20.700,-20.323,-0.274,-65.001,-24.428
1.023500e+09,-0.267,-20.860,-20.466,-20.464,-0.267,-20.862,-20.862,-20.466,-0.267,-64.295,-24.494
1.023750e+09,-0.261,-21.021,-20.607,-20.606,-0.261,-21.023,-21.023,-20.607,-0.261,-63.606,-24.558
1.024000e+09,-0.254,-21.182,-20.749,-20.747,-0.254,-21.183,-21.183,-20.749,-0.254,-62.953,-24.621
1.024250e+09,-0.248,-21.342,-20.889,-20.888,-0.248,-21.343,-21.343,-20.889,-0.248,-62.344,-24.683
1.024500e+09,-0.242,-21.501,-21.030,-21.028,-0.242,-21.503,-21.503,-21.030,-0.242,-61.780,-24.744
1.024750e+09,-0.237,-21.659,-21.170,-21.168,-0.237,-21.661,-21.661,-21.170,-0.237,-61.261,-24.803
1.025000e+09,-0.231,-21.817,-21.309,-21.308,-0.231,-21.819,-21.819,-21.309,-0.231,-60.784,-24.862
1.025250e+09,-0.226,-21.975,-21.448,-21.447,-0.226,-21.977,-21.977,-21.448,-0.226,-60.345,-24.919
1.025500e+09,-0.221,-22.132,-21.587,-21.586,-0.221,-22.133,-22.133,-21.587,-0.221,-59.942,-24.975
1.025750e+09,-0.216,-22.288,-21.725,-21.724,-0.216,-22.290,-22.290,-21.725,-0.216,-59.571,-25.030
1.026000e+09,-0.211,-22.444,-21.863,-21.862,-0.211,-22.446,-22.446,-21.863,-0.211,-59.229,-25.083
1.026250e+09,-0.206,-22.600,-22.001,-21.999,-0.206,-22.602,-22.602,-22.001,-0.206,-58.914,-25.135
1.026500e+09,-0.202,-22.755,-22.138,-22.136,-0.202,-22.757,-22.757,-22.138,-0.202,-58.624,-25.186
1.026750e+09,-0.198,-22.910,-22.274,-22.273,-0.198,-22.912,-22.912,-22.274,-0.198,-58.355,-25.236
1.027000e+09,-0.194,-23.064,-22.411,-22.409,-0.194,-23.066,-23.066,-22.411,-0.194,-58.107,-25.284
1.027250e+09,-0.190,-23.219,-22.547,-22.546,-0.190,-23.220,-23.220,-22.547,-0.190,-57.878,-25.331
1.027500e+09,-0.186,-23.373,-22.683,-22.681,-0.186,-23.374,-23.374,-22.683,-0.186,-57.666,-25.377
1.027750e+09,-0.182,-23.527,-22.818,-22.817,-0.182,-23.528,-23.528,-22.818,-0.182,-57.469,-25.422
1.028000e+09,-0.178,-23.680,-22.953,-22.952,-0.178,-23.682,-23.682,-22.953,-0.178,-57.287,-25.465
1.028250e+09,-0.175,-23.834,-23.088,-23.086,-0.175,-23.835,-23.835,-23.088,-0.175,-57.119,-25.507
1.028500e+09,-0.171,-23.987,-23.222,-23.221,-0.171,-23.989,-23.989,-23.222,-0.171,-56.963,-25.547
1.028750e+09,-0.168,-24.140,-23.356,-23.355,-0.168,-24.142,-24.142,-23.356,-0.168,-56.818,-25.587
1.029000e+09,-0.165,-24.293,-23.490,-23.489,-0.165,-24.295,-24.295,-23.490,-0.165,-56.685,-25.624
1.029250e+09,-0.162,-24.447,-23.624,-23.622,-0.162,-24.448,-24.448,-23.624,-0.162,-56.562,-25.661
1.029500e+09,-0.159,-24.600,-23.757,-23.756,-0.159,-24.601,-24.601,-23.757,-0.159,-56.448,-25.696
1.029750e+09,-0.156,-24.753,-23.890,-23.889,-0.156,-24.755,-24.755,-23.890,-0.156,-56.343,-25.729
1.030000e+09,-0.153,-24.906,-24.022,-24.021,-0.153,-24.908,-24.908,-24.022,-0.153,-56.247,-25.761
1.030250e+09,-0.150,-25.060,-24.155,-24.154,-0.150,-25.061,-25.061,-24.155,-0.151,-56.158,-25.792
1.030500e+09,-0.148,-25.213,-24.287,-24.286,-0.148,-25.215,-25.215,-24.287,-0.148,-56.077,-25.821
1.030750e+09,-0.145,-25.367,-24.419,-24.417,-0.145,-25.369,-25.369,-24.419,-0.145,-56.003,-25.849
1.031000e+09,-0.143,-25.521,-24.550,-24.549,-0.143,-25.523,-25.523,-24.550,-0.143,-55.936,-25.875
1.031250e+09,-0.141,-25.675,-24.681,-24.680,-0.141,-25.677,-25.677,-24.681,-0.141,-55.875,-25.899
1.031500e+09,-0.138,-25.830,-24.812,-24.811,-0.138,-25.831,-25.831,-24.812,-0.138,-55.820,-25.922
1.031750e+09,-0.136,-25.985,-24.943,-24.942,-0.136,-25.986,-25.986,-24.943,-0.136,-55.770,-25.944
1.032000e+09,-0.134,-26.140,-25.073,-25.072,-0.134,-26.141,-26.141,-25.073,-0.134,-55.726,-25.964
1.032250e+09,-0.132,-26.295,-25.204,-25.202,-0.132,-26.297,-26.297,-25.204,-0.132,-55.688,-25.982
1.032500e+09,-0.130,-26.451,-25.333,-25.332,-0.130,-26.453,-26.453,-25.333,-0.130,-55.654,-25.999
1.032750e+09,-0.128,-26.607,-25.463,-25.462,-0.128,-26.609,-26.609,-25.463,-0.128,-55.625,-26.014
1.033000e+09,-0.126,-26.764,-25.592,-25.591,-0.126,-26.766,-26.766,-25.592,-0.126,-55.601,-26.028
1.033250e+09,-0.124,-26.922,-25.721,-25.720,-0.124,-26.923,-26.923,-25.721,-0.124,-55.581,-26.040
1.033500e+09,-0.123,-27.079,-25.849,-25.848,-0.123,-27.081,-27.081,-25.849,-0.123,-55.566,-26.050
1.033750e+09,-0.121,-27.238,-25.978,-25.977,-0.121,-27.240,-27.240,-25.978,-0.121,-55.554,-26.059
1.034000e+09,-0.119,-27.397,-26.106,-26.104,-0.119,-27.399,-27.399,-26.106,-0.120,-55.546,-26.066
1.034250e+09,-0.118,-27.557,-26.233,-26.232,-0.118,-27.558,-27.558,-26.233,-0.118,-55.542,-26.072
1.034500e+09,-0.116,-27.717,-26.360,-26.359,-0.116,-27.719,-27.719,-26.360,-0.117,-55.542,-26.076
1.034750e+09,-0.115,-27.878,-26.487,-26.486,-0.115,-27.880,-27.880,-26.487,-0.115,-55.545,-26.078
1.035000e+09,-0.114,-28.040,-26.613,-26.612,-0.114,-28.042,-28.042,-26.613,-0.114,-55.552,-26.079
1.035250e+09,-0.112,-28.203,-26.739,-26.738,-0.112,-28.204,-28.204,-26.739,-0.112,-55.562,-26.078
1.035500e+09,-0.111,-28.366,-26.865,-26.864,-0.111,-28.368,-28.368,-26.865,-0.111,-55.575,-26.076
1.035750e+09,-0.110,-28.530,-26.990,-26.989,-0.110,-28.532,-28.532,-26.990,-0.110,-55.591,-26.072
1.036000e+09,-0.109,-28.695,-27.114,-27.113,-0.109,-28.697,-28.697,-27.114,-0.109,-55.611,-26.067
1.036250e+09,-0.108,-28.861,-27.238,-27.237,-0.108,-28.862,-28.862,-27.238,-0.108,-55.633,-26.061
1.036500e+09,-0.107,-29.028,-27.362,-27.361,-0.107,-29.029,-29.029,-27.362,-0.107,-55.658,-26.054
1.036750e+09,-0.106,-29.195,-27.485,-27.484,-0.106,-29.196,-29.196,-27.485,-0.106,-55.686,-26.045
1.037000e+09,-0.105,-29.363,-27.608,-27.607,-0.105,-29.364,-29.364,-27.608,-0.105,-55.717,-26.036
1.037250e+09,-0.104,-29.532,-27.730,-27.729,-0.104,-29.533,-29.533,-27.730,-0.104,-55.750,-26.026
1.037500e+09,-0.103,-29.701,-27.851,-27.850,-0.103,-29.703,-29.703,-27.851,-0.103,-55.787,-26.015
1.037750e+09,-0.102,-29.871,-27.972,-27.971,-0.102,-29.873,-29.873,-27.972,-0.102,-55.825,-26.004
1.038000e+09,-0.101,-30.042,-28.093,-28.092,-0.101,-30.043,-30.043,-28.093,-0.101,-55.867,-25.992
1.038250e+09,-0.101,-30.213,-28.213,-28.212,-0.101,-30.214,-30.214,-28.213,-0.101,-55.911,-25.981
1.038500e+09,-0.100,-30.384,-28.332,-28.332,-0.100,-30.386,-30.386,-28.332,-0.100,-55.957,-25.970
1.038750e+09,-0.099,-30.556,-28.452,-28.451,-0.099,-30.557,-30.557,-28.452,-0.099,-56.006,-25.960
1.039000e+09,-0.098,-30.727,-28.570,-28.570,-0.098,-30.729,-30.729,-28.570,-0.099,-56.057,-25.952
1.039250e+09,-0.098,-30.898,-28.689,-28.688,-0.098,-30.900,-30.900,-28.689,-0.098,-56.111,-25.944
1.039500e+09,-0.097,-31.069,-28.807,-28.806,-0.097,-31.070,-31.070,-28.807,-0.097,-56.166,-25.939
1.039750e+09,-0.097,-31.239,-28.925,-28.925,-0.097,-31.240,-31.240,-28.925,-0.097,-56.225,-25.937
1.040000e+09,-0.096,-31.407,-29.044,-29.043,-0.096,-31.408,-31.408,-29.044,-0.096,-56.285,-25.938
1.040250e+09,-0.095,-31.574,-29.162,-29.162,-0.095,-31.575,-31.575,-29.162,-0.095,-56.348,-25.942
1.040500e+09,-0.095,-31.739,-29.281,-29.281,-0.095,-31.740,-31.740,-29.281,-0.095,-56.413,-25.952
1.040750e+09,-0.094,-31.902,-29.401,-29.401,-0.094,-31.903,-31.903,-29.401,-0.094,-56.481,-25.967
1.041000e+09,-0.093,-32.062,-29.522,-29.521,-0.093,-32.063,-32.063,-29.522,-0.093,-56.551,-25.989
1.041250e+09,-0.092,-32.218,-29.644,-29.643,-0.092,-32.219,-32.219,-29.644,-0.092,-56.623,-26.018
1.041500e+09,-0.091,-32.371,-29.767,-29.767,-0.091,-32.372,-32.372,-29.767,-0.092,-56.697,-26.055
1.041750e+09,-0.091,-32.520,-29.893,-29.893,-0.091,-32.520,-32.520,-29.893,-0.091,-56.773,-26.101
1.042000e+09,-0.090,-32.664,-30.021,-30.021,-0.090,-32.664,-32.664,-30.021,-0.090,-56.852,-26.158
1.042250e+09,-0.089,-32.803,-30.152,-30.152,-0.089,-32.804,-32.804,-30.152,-0.089,-56.933,-26.227
1.042500e+09,-0.087,-32.938,-30.287,-30.286,-0.087,-32.938,-32.938,-30.287,-0.087,-57.016,-26.308
1.042750e+09,-0.086,-33.067,-30.425,-30.424,-0.086,-33.067,-33.067,-30.425,-0.086,-57.102,-26.402
1.043000e+09,-0.085,-33.192,-30.567,-30.567,-0.085,-33.192,-33.192,-30.567,-0.085,-57.190,-26.511
1.043250e+09,-0.083,-33.311,-30.714,-30.714,-0.083,-33.312,-33.312,-30.714,-0.083,-57.280,-26.635
1.043500e+09,-0.082,-33.427,-30.865,-30.865,-0.082,-33.427,-33.427,-30.865,-0.082,-57.372,-26.776
1.043750e+09,-0.080,-33.539,-31.022,-31.022,-0.080,-33.539,-33.539,-31.022,-0.080,-57.467,-26.933
1.044000e+09,-0.078,-33.648,-31.185,-31.185,-0.078,-33.648,-33.648,-31.185,-0.078,-57.564,-27.108
1.044250e+09,-0.077,-33.754,-31.353,-31.353,-0.077,-33.754,-33.754,-31.353,-0.077,-57.663,-27.300
1.044500e+09,-0.075,-33.860,-31.527,-31.527,-0.075,-33.859,-33.859,-31.527,-0.075,-57.765,-27.511
1.044750e+09,-0.073,-33.964,-31.707,-31.707,-0.073,-33.964,-33.964,-31.707,-0.073,-57.869,-27.739
1.045000e+09,-0.071,-34.070,-31.892,-31.892,-0.071,-34.069,-34.069,-31.892,-0.071,-57.976,-27.985
1.045250e+09,-0.069,-34.177,-32.083,-32.084,-0.069,-34.176,-34.176,-32.083,-0.069,-58.085,-28.248
1.045500e+09,-0.067,-34.286,-32.280,-32.280,-0.067,-34.285,-34.285,-32.280,-0.067,-58.196,-28.528
1.045750e+09,-0.065,-34.398,-32.481,-32.481,-0.065,-34.397,-34.397,-32.481,-0.065,-58.310,-28.824
1.046000e+09,-0.063,-34.513,-32.687,-32.688,-0.063,-34.513,-34.513,-32.687,-0.063,-58.427,-29.136
1.046250e+09,-0.061,-34.634,-32.898,-32.898,-0.061,-34.633,-34.633,-32.898,-0.061,-58.546,-29.462
1.046500e+09,-0.059,-34.758,-33.113,-33.113,-0.059,-34.758,-34.758,-33.113,-0.059,-58.668,-29.802
1.046750e+09,-0.057,-34.888,-33.332,-33.332,-0.057,-34.888,-34.888,-33.332,-0.057,-58.792,-30.154
1.047000e+09,-0.055,-35.024,-33.554,-33.554,-0.055,-35.023,-35.023,-33.554,-0.055,-58.919,-30.519
1.047250e+09,-0.053,-35.164,-33.779,-33.779,-0.053,-35.164,-35.164,-33.779,-0.053,-59.049,-30.894
1.047500e+09,-0.051,-35.311,-34.007,-34.007,-0.051,-35.310,-35.310,-34.007,-0.051,-59.182,-31.279
1.047750e+09,-0.050,-35.463,-34.237,-34.238,-0.050,-35.463,-35.463,-34.237,-0.050,-59.318,-31.673
1.048000e+09,-0.048,-35.621,-34.470,-34.471,-0.048,-35.621,-35.621,-34.470,-0.048,-59.457,-32.076
1.048250e+09,-0.047,-35.785,-34.706,-34.706,-0.047,-35.784,-35.784,-34.706,-0.047,-59.599,-32.485
1.048500e+09,-0.045,-35.954,-34.943,-34.943,-0.045,-35.954,-35.954,-34.943,-0.045,-59.744,-32.902
1.048750e+09,-0.044,-36.129,-35.182,-35.183,-0.044,-36.129,-36.129,-35.182,-0.044,-59.893,-33.325
1.049000e+09,-0.043,-36.310,-35.424,-35.424,-0.043,-36.309,-36.309,-35.424,-0.043,-60.045,-33.753
1.049250e+09,-0.041,-36.496,-35.667,-35.668,-0.041,-36.495,-36.495,-35.667,-0.041,-60.200,-34.186
1.049500e+09,-0.040,-36.687,-35.913,-35.913,-0.040,-36.687,-36.687,-35.913,-0.040,-60.359,-34.624
1.049750e+09,-0.039,-36.884,-36.160,-36.160,-0.039,-36.883,-36.883,-36.160,-0.039,-60.521,-35.066
1.050000e+09,-0.038,-37.086,-36.410,-36.410,-0.038,-37.085,-37.085,-36.410,-0.038,-60.688,-35.512
1.050250e+09,-0.037,-37.293,-36.661,-36.662,-0.037,-37.293,-37.293,-36.661,-0.037,-60.858,-35.962
1.050500e+09,-0.036,-37.506,-36.916,-36.916,-0.036,-37.505,-37.505,-36.916,-0.036,-61.032,-36.415
1.050750e+09,-0.035,-37.723,-37.173,-37.173,-0.035,-37.723,-37.723,-37.173,-0.035,-61.211,-36.872
1.051000e+09,-0.035,-37.946,-37.432,-37.432,-0.035,-37.946,-37.946,-37.432,-0.035,-61.394,-37.332
1.051250e+09,-0.034,-38.175,-37.694,-37.695,-0.034,-38.174,-38.174,-37.694,-0.034,-61.581,-37.795
1.051500e+09,-0.033,-38.408,-37.960,-37.960,-0.033,-38.408,-38.408,-37.960,-0.033,-61.773,-38.261
1.051750e+09,-0.032,-38.647,-38.229,-38.229,-0.032,-38.647,-38.647,-38.229,-0.032,-61.971,-38.731
1.052000e+09,-0.032,-38.892,-38.501,-38.502,-0.032,-38.892,-38.892,-38.501,-0.032,-62.173,-39.204
1.052250e+09,-0.031,-39.143,-38.778,-38.778,-0.031,-39.142,-39.142,-38.778,-0.031,-62.380,-39.680
1.052500e+09,-0.031,-39.399,-39.058,-39.059,-0.031,-39.399,-39.399,-39.058,-0.031,-62.594,-40.160
1.052750e+09,-0.030,-39.662,-39.343,-39.344,-0.030,-39.661,-39.661,-39.343,-0.030,-62.813,-40.644
1.053000e+09,-0.030,-39.930,-39.633,-39.634,-0.030,-39.930,-39.930,-39.633,-0.030,-63.038,-41.131
1.053250e+09,-0.029,-40.206,-39.928,-39.929,-0.029,-40.206,-40.206,-39.928,-0.029,-63.269,-41.623
1.053500e+09,-0.029,-40.488,-40.229,-40.229,-0.029,-40.488,-40.488,-40.229,-0.029,-63.508,-42.120
1.053750e+09,-0.028,-40.777,-40.535,-40.535,-0.028,-40.777,-40.777,-40.535,-0.028,-63.753,-42.622
1.054000e+09,-0.028,-41.074,-40.848,-40.848,-0.028,-41.074,-41.074,-40.848,-0.028,-64.006,-43.128
1.054250e+09,-0.027,-41.379,-41.167,-41.168,-0.027,-41.379,-41.379,-41.167,-0.027,-64.267,-43.641
1.054500e+09,-0.027,-41.692,-41.494,-41.494,-0.027,-41.692,-41.692,-41.494,-0.027,-64.536,-44.160
1.054750e+09,-0.026,-42.014,-41.829,-41.829,-0.026,-42.014,-42.014,-41.829,-0.026,-64.814,-44.685
1.055000e+09,-0.026,-42.345,-42.172,-42.172,-0.026,-42.345,-42.345,-42.172,-0.026,-65.101,-45.218
1.055250e+09,-0.026,-42.686,-42.524,-42.524,-0.026,-42.686,-42.686,-42.524,-0.026,-65.399,-45.758
1.055500e+09,-0.025,-43.037,-42.886,-42.886,-0.025,-43.037,-43.037,-42.886,-0.025,-65.707,-46.307
1.055750e+09,-0.025,-43.400,-43.258,-43.258,-0.025,-43.399,-43.399,-43.258,-0.025,-66.026,-46.865
1.056000e+09,-0.025,-43.774,-43.642,-43.642,-0.025,-43.774,-43.774,-43.642,-0.025,-66.358,-47.434
1.056250e+09,-0.024,-44.161,-44.037,-44.038,-0.024,-44.161,-44.161,-44.037,-0.024,-66.702,-48.013
1.056500e+09,-0.024,-44.563,-44.446,-44.447,-0.024,-44.562,-44.562,-44.446,-0.024,-67.061,-48.605
1.056750e+09,-0.024,-44.979,-44.870,-44.870,-0.024,-44.978,-44.978,-44.870,-0.024,-67.435,-49.209
1.057000e+09,-0.024,-45.411,-45.309,-45.309,-0.024,-45.410,-45.410,-45.309,-0.024,-67.825,-49.828
1.057250e+09,-0.023,-45.860,-45.764,-45.765,-0.023,-45.860,-45.860,-45.764,-0.023,-68.232,-50.462
1.057500e+09,-0.023,-46.328,-46.239,-46.239,-0.023,-46.328,-46.328,-46.239,-0.023,-68.659,-51.114
1.057750e+09,-0.023,-46.817,-46.733,-46.733,-0.023,-46.817,-46.817,-46.733,-0.023,-69.106,-51.785
1.058000e+09,-0.023,-47.328,-47.249,-47.250,-0.023,-47.328,-47.328,-47.249,-0.023,-69.576,-52.477
1.058250e+09,-0.022,-47.864,-47.790,-47.790,-0.022,-47.864,-47.864,-47.790,-0.022,-70.071,-53.191
1.058500e+09,-0.022,-48.427,-48.357,-48.357,-0.022,-48.427,-48.427,-48.357,-0.022,-70.593,-53.932
1.058750e+09,-0.022,-49.019,-48.954,-48.954,-0.022,-49.019,-49.019,-48.954,-0.022,-71.145,-54.700
1.059000e+09,-0.022,-49.643,-49.582,-49.582,-0.022,-49.643,-49.643,-49.582,-0.022,-71.730,-55.499
1.059250e+09,-0.021,-50.303,-50.246,-50.246,-0.021,-50.303,-50.303,-50.246,-0.021,-72.350,-56.333
1.059500e+09,-0.021,-51.002,-50.948,-50.948,-0.021,-51.002,-51.002,-50.948,-0.021,-73.010,-57.204
1.059750e+09,-0.021,-51.743,-51.692,-51.692,-0.021,-51.743,-51.743,-51.692,-0.021,-73.711,-58.116
1.060000e+09,-0.021,-52.529,-52.480,-52.481,-0.021,-52.529,-52.529,-52.480,-0.021,-74.458,-59.071
1.060250e+09,-0.021,-53.361,-53.315,-53.315,-0.021,-53.361,-53.361,-53.315,-0.021,-75.252,-60.072
1.060500e+09,-0.021,-54.238,-54.195,-54.195,-0.021,-54.238,-54.238,-54.195,-0.021,-76.090,-61.116
1.060750e+09,-0.020,-55.153,-55.112,-55.112,-0.020,-55.153,-55.153,-55.112,-0.020,-76.967,-62.198
1.061000e+09,-0.020,-56.090,-56.051,-56.051,-0.020,-56.090,-56.090,-56.051,-0.020,-77.866,-63.300
1.061250e+09,-0.020,-57.014,-56.976,-56.976,-0.020,-57.014,-57.014,-56.976,-0.020,-78.752,-64.388
1.061500e+09,-0.020,-57.864,-57.828,-57.828,-0.020,-57.864,-57.864,-57.828,-0.020,-79.565,-65.401
1.061750e+09,-0.020,-58.550,-58.516,-58.516,-0.020,-58.550,-58.550,-58.516,-0.020,-80.214,-66.250
1.062000e+09,-0.020,-58.965,-58.932,-58.932,-0.020,-58.965,-58.965,-58.932,-0.020,-80.592,-66.825
1.062250e+09,-0.019,-59.027,-58.996,-58.996,-0.019,-59.027,-59.027,-58.996,-0.019,-80.618,-67.048
1.062500e+09,-0.019,-58.732,-58.702,-58.702,-0.019,-58.732,-58.732,-58.702,-0.019,-80.287,-66.913
1.062750e+09,-0.019,-58.152,-58.123,-58.123,-0.019,-58.152,-58.152,-58.123,-0.019,-79.671,-66.491
1.063000e+09,-0.019,-57.393,-57.365,-57.365,-0.019,-57.393,-57.393,-57.365,-0.019,-78.877,-65.890
1.063250e+09,-0.019,-56.551,-56.523,-56.523,-0.019,-56.551,-56.551,-56.523,-0.019,-77.998,-65.204
1.063500e+09,-0.019,-55.688,-55.661,-55.661,-0.019,-55.688,-55.688,-55.661,-0.019,-77.101,-64.498
1.063750e+09,-0.019,-54.844,-54.817,-54.817,-0.019,-54.844,-54.844,-54.817,-0.019,-76.222,-63.809
1.064000e+09,-0.018,-54.036,-54.010,-54.010,-0.018,-54.036,-54.036,-54.010,-0.018,-75.380,-63.156
1.064250e+09,-0.018,-53.273,-53.247,-53.247,-0.018,-53.273,-53.273,-53.247,-0.018,-74.583,-62.547
1.064500e+09,-0.018,-52.556,-52.530,-52.530,-0.018,-52.556,-52.556,-52.530,-0.018,-73.832,-61.984
1.064750e+09,-0.018,-51.885,-51.859,-51.859,-0.018,-51.885,-51.885,-51.859,-0.018,-73.127,-61.465
1.065000e+09,-0.018,-51.256,-51.230,-51.229,-0.018,-51.256,-51.256,-51.230,-0.018,-72.464,-60.988
1.065250e+09,-0.018,-50.666,-50.639,-50.639,-0.018,-50.666,-50.666,-50.639,-0.018,-71.841,-60.549
1.065500e+09,-0.018,-50.112,-50.085,-50.085,-0.018,-50.112,-50.112,-50.085,-0.018,-71.255,-60.146
1.065750e+09,-0.018,-49.590,-49.564,-49.564,-0.018,-49.590,-49.590,-49.564,-0.018,-70.702,-59.775
1.066000e+09,-0.018,-49.099,-49.072,-49.072,-0.018,-49.099,-49.099,-49.072,-0.018,-70.178,-59.433
1.066250e+09,-0.017,-48.635,-48.607,-48.607,-0.017,-48.635,-48.635,-48.607,-0.017,-69.683,-59.118
1.066500e+09,-0.017,-48.196,-48.168,-48.168,-0.017,-48.196,-48.196,-48.168,-0.017,-69.213,-58.828
1.066750e+09,-0.017,-47.779,-47.750,-47.750,-0.017,-47.779,-47.779,-47.750,-0.017,-68.765,-58.560
1.067000e+09,-0.017,-47.383,-47.354,-47.354,-0.017,-47.383,-47.383,-47.354,-0.017,-68.339,-58.311
1.067250e+09,-0.017,-47.006,-46.976,-46.976,-0.017,-47.006,-47.006,-46.976,-0.017,-67.933,-58.082
1.067500e+09,-0.017,-46.647,-46.616,-46.616,-0.017,-46.647,-46.647,-46.616,-0.017,-67.544,-57.870
1.067750e+09,-0.017,-46.304,-46.272,-46.272,-0.017,-46.304,-46.304,-46.272,-0.017,-67.173,-57.673
1.068000e+09,-0.017,-45.976,-45.943,-45.943,-0.017,-45.976,-45.976,-45.943,-0.017,-66.816,-57.491
1.068250e+09,-0.017,-45.662,-45.628,-45.628,-0.017,-45.662,-45.662,-45.628,-0.017,-66.474,-57.323
1.068500e+09,-0.017,-45.360,-45.325,-45.325,-0.017,-45.360,-45.360,-45.325,-0.017,-66.146,-57.167
1.068750e+09,-0.017,-45.071,-45.034,-45.034,-0.017,-45.071,-45.071,-45.034,-0.017,-65.830,-57.023
1.069000e+09,-0.016,-44.792,-44.755,-44.755,-0.016,-44.793,-44.793,-44.755,-0.016,-65.526,-56.889
1.069250e+09,-0.016,-44.525,-44.485,-44.485,-0.016,-44.525,-44.525,-44.485,-0.016,-65.233,-56.766
1.069500e+09,-0.016,-44.267,-44.226,-44.226,-0.016,-44.267,-44.267,-44.226,-0.016,-64.950,-56.652
1.069750e+09,-0.016,-44.018,-43.975,-43.975,-0.016,-44.018,-44.018,-43.975,-0.016,-64.678,-56.547
1.070000e+09,-0.016,-43.777,-43.734,-43.733,-0.016,-43.777,-43.777,-43.734,-0.016,-64.415,-56.451
1.070250e+09,-0.016,-43.545,-43.500,-43.500,-0.016,-43.545,-43.545,-43.500,-0.016,-64.161,-56.362
1.070500e+09,-0.016,-43.321,-43.273,-43.273,-0.016,-43.321,-43.321,-43.273,-0.016,-63.916,-56.281
1.070750e+09,-0.016,-43.103,-43.054,-43.054,-0.016,-43.103,-43.103,-43.054,-0.016,-63.679,-56.207
1.071000e+09,-0.016,-42.893,-42.842,-42.842,-0.016,-42.893,-42.893,-42.842,-0.016,-63.450,-56.140
1.071250e+09,-0.016,-42.689,-42.636,-42.636,-0.016,-42.689,-42.689,-42.636,-0.016,-63.228,-56.079
1.071500e+09,-0.016,-42.491,-42.436,-42.436,-0.016,-42.491,-42.491,-42.436,-0.016,-63.014,-56.024
1.071750e+09,-0.016,-42.299,-42.242,-42.242,-0.016,-42.299,-42.299,-42.242,-0.016,-62.807,-55.975
1.072000e+09,-0.016,-42.112,-42.053,-42.053,-0.016,-42.112,-42.112,-42.053,-0.016,-62.607,-55.931
1.072250e+09,-0.016,-41.931,-41.870,-41.870,-0.016,-41.931,-41.931,-41.870,-0.016,-62.414,-55.892
1.072500e+09,-0.016,-41.755,-41.692,-41.692,-0.016,-41.755,-41.755,-41.692,-0.016,-62.227,-55.859
1.072750e+09,-0.016,-41.584,-41.518,-41.518,-0.016,-41.584,-41.584,-41.518,-0.016,-62.046,-55.830
1.073000e+09,-0.016,-41.417,-41.349,-41.349,-0.016,-41.417,-41.417,-41.349,-0.016,-61.872,-55.805
1.073250e+09,-0.016,-41.254,-41.184,-41.184,-0.016,-41.254,-41.254,-41.184,-0.016,-61.704,-55.786
1.073500e+09,-0.016,-41.096,-41.024,-41.024,-0.016,-41.096,-41.096,-41.024,-0.016,-61.542,-55.770
1.073750e+09,-0.015,-40.941,-40.867,-40.867,-0.015,-40.942,-40.942,-40.867,-0.015,-61.386,-55.758
1.074000e+09,-0.015,-40.791,-40.714,-40.714,-0.015,-40.791,-40.791,-40.714,-0.015,-61.236,-55.750
1.074250e+09,-0.015,-40.644,-40.565,-40.565,-0.015,-40.644,-40.644,-40.565,-0.015,-61.091,-55.747
1.074500e+09,-0.015,-40.501,-40.420,-40.420,-0.015,-40.501,-40.501,-40.420,-0.015,-60.951,-55.746
1.074750e+09,-0.015,-40.361,-40.278,-40.278,-0.015,-40.361,-40.361,-40.278,-0.015,-60.818,-55.749
1.075000e+09,-0.015,-40.224,-40.139,-40.139,-0.015,-40.224,-40.224,-40.139,-0.015,-60.689,-55.756
1.075250e+09,-0.015,-40.090,-40.004,-40.004,-0.015,-40.090,-40.090,-40.004,-0.015,-60.565,-55.766
1.075500e+09,-0.015,-39.959,-39.871,-39.871,-0.015,-39.959,-39.959,-39.871,-0.015,-60.447,-55.779
1.075750e+09,-0.015,-39.831,-39.742,-39.742,-0.015,-39.831,-39.831,-39.742,-0.015,-60.333,-55.795
1.076000e+09,-0.015,-39.706,-39.615,-39.615,-0.015,-39.706,-39.706,-39.615,-0.015,-60.223,-55.815
1.076250e+09,-0.015,-39.583,-39.491,-39.491,-0.015,-39.583,-39.583,-39.491,-0.015,-60.118,-55.837
1.076500e+09,-0.015,-39.463,-39.370,-39.370,-0.015,-39.463,-39.463,-39.370,-0.015,-60.017,-55.862
1.076750e+09,-0.015,-39.345,-39.251,-39.251,-0.015,-39.345,-39.345,-39.251,-0.015,-59.919,-55.890
1.077000e+09,-0.015,-39.230,-39.135,-39.135,-0.015,-39.230,-39.230,-39.135,-0.015,-59.825,-55.921
1.077250e+09,-0.015,-39.116,-39.022,-39.022,-0.015,-39.116,-39.116,-39.022,-0.015,-59.735,-55.955
1.077500e+09,-0.015,-39.005,-38.910,-38.910,-0.015,-39.005,-39.005,-38.910,-0.015,-59.647,-55.991
1.077750e+09,-0.015,-38.896,-38.801,-38.801,-0.015,-38.896,-38.896,-38.801,-0.015,-59.562,-56.029
1.078000e+09,-0.015,-38.789,-38.694,-38.694,-0.015,-38.789,-38.789,-38.694,-0.015,-59.479,-56.071
1.078250e+09,-0.015,-38.684,-38.589,-38.589,-0.015,-38.684,-38.684,-38.589,-0.015,-59.398,-56.115
1.078500e+09,-0.015,-38.581,-38.487,-38.487,-0.015,-38.581,-38.581,-38.487,-0.015,-59.318,-56.161
1.078750e+09,-0.015,-38.479,-38.386,-38.386,-0.015,-38.479,-38.479,-38.386,-0.015,-59.240,-56.210
1.079000e+09,-0.015,-38.379,-38.287,-38.287,-0.015,-38.379,-38.379,-38.287,-0.015,-59.163,-56.261
1.079250e+09,-0.015,-38.281,-38.190,-38.190,-0.015,-38.281,-38.281,-38.190,-0.015,-59.086,-56.314
1.079500e+09,-0.015,-38.184,-38.095,-38.095,-0.015,-38.184,-38.184,-38.095,-0.015,-59.010,-56.370
1.079750e+09,-0.015,-38.089,-38.001,-38.001,-0.015,-38.089,-38.089,-38.001,-0.015,-58.934,-56.429
1.080000e+09,-0.015,-37.996,-37.909,-37.909,-0.015,-37.996,-37.996,-37.909,-0.015,-58.858,-56.489
1.080250e+09,-0.015,-37.904,-37.819,-37.819,-0.015,-37.904,-37.904,-37.819,-0.015,-58.782,-56.552
1.080500e+09,-0.015,-37.813,-37.730,-37.730,-0.015,-37.813,-37.813,-37.730,-0.015,-58.706,-56.617
1.080750e+09,-0.015,-37.724,-37.643,-37.643,-0.015,-37.724,-37.724,-37.643,-0.015,-58.629,-56.685
1.081000e+09,-0.015,-37.636,-37.557,-37.557,-0.015,-37.636,-37.636,-37.557,-0.015,-58.551,-56.754
1.081250e+09,-0.015,-37.549,-37.473,-37.473,-0.015,-37.549,-37.549,-37.473,-0.015,-58.473,-56.826
1.081500e+09,-0.014,-37.464,-37.390,-37.390,-0.014,-37.464,-37.464,-37.390,-0.014,-58.394,-56.900
1.081750e+09,-0.014,-37.380,-37.308,-37.308,-0.014,-37.380,-37.380,-37.308,-0.014,-58.314,-56.977
1.082000e+09,-0.014,-37.298,-37.228,-37.228,-0.014,-37.298,-37.298,-37.228,-0.014,-58.234,-57.056
1.082250e+09,-0.014,-37.216,-37.148,-37.148,-0.014,-37.216,-37.216,-37.148,-0.014,-58.153,-57.137
1.082500e+09,-0.014,-37.136,-37.070,-37.070,-0.014,-37.136,-37.136,-37.070,-0.014,-58.071,-57.220
1.082750e+09,-0.014,-37.057,-36.994,-36.994,-0.014,-37.057,-37.057,-36.994,-0.014,-57.989,-57.305
1.083000e+09,-0.014,-36.979,-36.918,-36.918,-0.014,-36.979,-36.979,-36.918,-0.014,-57.906,-57.393
1.083250e+09,-0.014,-36.902,-36.843,-36.843,-0.014,-36.902,-36.902,-36.843,-0.014,-57.823,-57.483
1.083500e+09,-0.014,-36.826,-36.770,-36.770,-0.014,-36.826,-36.826,-36.770,-0.014,-57.739,-57.575
1.083750e+09,-0.014,-36.752,-36.697,-36.697,-0.014,-36.752,-36.752,-36.697,-0.014,-57.655,-57.670
1.084000e+09,-0.014,-36.678,-36.626,-36.626,-0.014,-36.678,-36.678,-36.626,-0.014,-57.571,-57.767
1.084250e+09,-0.014,-36.606,-36.555,-36.555,-0.014,-36.606,-36.606,-36.555,-0.014,-57.487,-57.866
1.084500e+09,-0.014,-36.534,-36.486,-36.486,-0.014,-36.534,-36.534,-36.486,-0.014,-57.402,-57.968
1.084750e+09,-0.014,-36.464,-36.417,-36.417,-0.014,-36.464,-36.464,-36.417,-0.014,-57.318,-58.072
1.085000e+09,-0.014,-36.394,-36.349,-36.349,-0.014,-36.394,-36.394,-36.349,-0.014,-57.233,-58.178
1.085250e+09,-0.014,-36.325,-36.282,-36.282,-0.014,-36.325,-36.325,-36.282,-0.014,-57.149,-58.287
1.085500e+09,-0.014,-36.258,-36.217,-36.217,-0.014,-36.258,-36.258,-36.217,-0.014,-57.065,-58.399
1.085750e+09,-0.014,-36.191,-36.151,-36.152,-0.014,-36.191,-36.191,-36.151,-0.014,-56.981,-58.512
1.086000e+09,-0.014,-36.125,-36.087,-36.087,-0.014,-36.125,-36.125,-36.087,-0.014,-56.897,-58.629
1.086250e+09,-0.014,-36.060,-36.024,-36.024,-0.014,-36.060,-36.060,-36.024,-0.014,-56.814,-58.748
1.086500e+09,-0.014,-35.996,-35.961,-35.961,-0.014,-35.996,-35.996,-35.961,-0.014,-56.731,-58.870
1.086750e+09,-0.014,-35.933,-35.900,-35.900,-0.014,-35.933,-35.933,-35.900,-0.014,-56.649,-58.994
1.087000e+09,-0.014,-35.870,-35.839,-35.839,-0.014,-35.870,-35.870,-35.839,-0.014,-56.567,-59.121
1.087250e+09,-0.014,-35.809,-35.778,-35.778,-0.014,-35.809,-35.809,-35.778,-0.014,-56.486,-59.251
1.087500e+09,-0.014,-35.748,-35.719,-35.719,-0.014,-35.748,-35.748,-35.719,-0.014,-56.405,-59.384
1.087750e+09,-0.014,-35.688,-35.660,-35.660,-0.014,-35.688,-35.688,-35.660,-0.014,-56.324,-59.520
1.088000e+09,-0.014,-35.628,-35.602,-35.602,-0.014,-35.628,-35.628,-35.602,-0.014,-56.245,-59.659
1.088250e+09,-0.014,-35.570,-35.545,-35.545,-0.014,-35.570,-35.570,-35.545,-0.014,-56.166,-59.801
1.088500e+09,-0.014,-35.512,-35.488,-35.488,-0.014,-35.512,-35.512,-35.488,-0.014,-56.088,-59.946
1.088750e+09,-0.014,-35.455,-35.432,-35.432,-0.014,-35.455,-35.455,-35.432,-0.014,-56.010,-60.094
1.089000e+09,-0.014,-35.398,-35.377,-35.377,-0.014,-35.398,-35.398,-35.377,-0.014,-55.933,-60.246
1.089250e+09,-0.014,-35.343,-35.322,-35.322,-0.014,-35.342,-35.342,-35.322,-0.014,-55.857,-60.401
1.089500e+09,-0.014,-35.287,-35.268,-35.268,-0.014,-35.287,-35.287,-35.268,-0.014,-55.781,-60.560
1.089750e+09,-0.014,-35.233,-35.215,-35.215,-0.014,-35.233,-35.233,-35.215,-0.014,-55.706,-60.722
1.090000e+09,-0.014,-35.179,-35.162,-35.162,-0.014,-35.179,-35.179,-35.162,-0.014,-55.632,-60.888
1.090250e+09,-0.014,-35.126,-35.110,-35.110,-0.014,-35.126,-35.126,-35.110,-0.014,-55.558,-61.059
1.090500e+09,-0.014,-35.074,-35.058,-35.058,-0.014,-35.074,-35.074,-35.058,-0.014,-55.486,-61.233
1.090750e+09,-0.014,-35.022,-35.007,-35.007,-0.014,-35.022,-35.022,-35.007,-0.014,-55.414,-61.411
1.091000e+09,-0.014,-34.970,-34.957,-34.957,-0.014,-34.970,-34.970,-34.957,-0.014,-55.342,-61.594
1.091250e+09,-0.014,-34.920,-34.907,-34.907,-0.014,-34.920,-34.920,-34.907,-0.014,-55.272,-61.781
1.091500e+09,-0.014,-34.869,-34.857,-34.857,-0.014,-34.869,-34.869,-34.857,-0.014,-55.202,-61.974
1.091750e+09,-0.014,-34.820,-34.809,-34.809,-0.014,-34.820,-34.820,-34.809,-0.014,-55.133,-62.171
1.092000e+09,-0.014,-34.771,-34.760,-34.760,-0.014,-34.771,-34.771,-34.760,-0.014,-55.064,-62.373
1.092250e+09,-0.014,-34.722,-34.713,-34.713,-0.014,-34.722,-34.722,-34.713,-0.014,-54.997,-62.580
1.092500e+09,-0.014,-34.674,-34.666,-34.666,-0.014,-34.674,-34.674,-34.666,-0.014,-54.930,-62.793
1.092750e+09,-0.014,-34.627,-34.619,-34.619,-0.014,-34.627,-34.627,-34.619,-0.014,-54.863,-63.012
1.093000e+09,-0.014,-34.580,-34.573,-34.573,-0.014,-34.580,-34.580,-34.573,-0.014,-54.798,-63.237
1.093250e+09,-0.014,-34.534,-34.527,-34.527,-0.014,-34.534,-34.534,-34.527,-0.014,-54.733,-63.469
1.093500e+09,-0.014,-34.488,-34.482,-34.482,-0.014,-34.488,-34.488,-34.482,-0.014,-54.668,-63.707
1.093750e+09,-0.014,-34.442,-34.437,-34.437,-0.014,-34.442,-34.442,-34.437,-0.014,-54.605,-63.952
1.094000e+09,-0.014,-34.397,-34.393,-34.393,-0.014,-34.397,-34.397,-34.393,-0.014,-54.542,-64.205
1.094250e+09,-0.014,-34.353,-34.349,-34.349,-0.014,-34.353,-34.353,-34.349,-0.014,-54.479,-64.466
1.094500e+09,-0.014,-34.309,-34.306,-34.306,-0.014,-34.309,-34.309,-34.306,-0.014,-54.418,-64.735
1.094750e+09,-0.014,-34.265,-34.263,-34.263,-0.014,-34.265,-34.265,-34.263,-0.014,-54.357,-65.012
1.095000e+09,-0.014,-34.222,-34.220,-34.220,-0.014,-34.222,-34.222,-34.220,-0.014,-54.296,-65.300
1.095250e+09,-0.014,-34.179,-34.178,-34.178,-0.014,-34.179,-34.179,-34.178,-0.014,-54.237,-65.597
1.095500e+09,-0.014,-34.137,-34.136,-34.137,-0.014,-34.137,-34.137,-34.136,-0.014,-54.177,-65.905
1.095750e+09,-0.014,-34.095,-34.095,-34.095,-0.014,-34.095,-34.095,-34.095,-0.014,-54.119,-66.224
1.096000e+09,-0.014,-34.054,-34.054,-34.055,-0.014,-34.054,-34.054,-34.054,-0.014,-54.061,-66.556
1.096250e+09,-0.014,-34.013,-34.014,-34.014,-0.014,-34.013,-34.013,-34.014,-0.014,-54.004,-66.900
1.096500e+09,-0.014,-33.972,-33.974,-33.974,-0.014,-33.972,-33.972,-33.974,-0.014,-53.947,-67.259
1.096750e+09,-0.014,-33.932,-33.935,-33.935,-0.014,-33.932,-33.932,-33.935,-0.014,-53.891,-67.632
1.097000e+09,-0.014,-33.892,-33.895,-33.895,-0.014,-33.892,-33.892,-33.895,-0.014,-53.835,-68.022
1.097250e+09,-0.014,-33.853,-33.856,-33.857,-0.014,-33.853,-33.853,-33.856,-0.014,-53.780,-68.429
1.097500e+09,-0.014,-33.814,-33.818,-33.818,-0.014,-33.814,-33.814,-33.818,-0.014,-53.726,-68.856
1.097750e+09,-0.014,-33.775,-33.780,-33.780,-0.014,-33.775,-33.775,-33.780,-0.014,-53.672,-69.303
1.098000e+09,-0.014,-33.737,-33.742,-33.742,-0.014,-33.737,-33.737,-33.742,-0.014,-53.618,-69.773
1.098250e+09,-0.014,-33.699,-33.705,-33.705,-0.014,-33.699,-33.699,-33.705,-0.014,-53.566,-70.268
1.098500e+09,-0.014,-33.661,-33.668,-33.668,-0.014,-33.661,-33.661,-33.668,-0.014,-53.513,-70.790
1.098750e+09,-0.014,-33.624,-33.631,-33.631,-0.014,-33.624,-33.624,-33.631,-0.014,-53.461,-71.342
1.099000e+09,-0.014,-33.587,-33.595,-33.595,-0.014,-33.587,-33.587,-33.595,-0.014,-53.410,-71.926
1.099250e+09,-0.014,-33.550,-33.559,-33.559,-0.014,-33.550,-33.550,-33.559,-0.014,-53.359,-72.546
1.099500e+09,-0.014,-33.514,-33.523,-33.523,-0.014,-33.514,-33.514,-33.523,-0.014,-53.309,-73.206
1.099750e+09,-0.014,-33.478,-33.488,-33.488,-0.014,-33.478,-33.478,-33.488,-0.014,-53.259,-73.907
1.100000e+09,-0.014,-33.442,-33.453,-33.453,-0.014,-33.442,-33.442,-33.453,-0.014,-53.210,-74.654
