driver,f_Hz,S11_dB,S21_dB,S31_dB,S12_dB,S22_dB,S32_dB,S13_dB,S23_dB,S33_dB,S21_up_dB,S21_dn_dB,P_vddm_W,P_vdd_W
cmos,9.7000e+08,-0.866,-15.249,-16.329,-16.312,-0.868,-15.244,-15.256,-16.312,-0.866,-23.505,-21.658,1.3732e-03,2.3492e-04
cmos,9.7500e+08,-1.074,-13.630,-15.777,-15.748,-1.078,-13.629,-13.649,-15.753,-1.073,-25.651,-20.312,1.3726e-03,2.3447e-04
cmos,9.8000e+08,-1.499,-11.830,-15.031,-15.007,-1.503,-11.828,-11.840,-15.010,-1.499,-27.664,-18.739,1.3689e-03,2.3461e-04
cmos,9.8500e+08,-2.385,-9.712,-14.409,-14.376,-2.391,-9.711,-9.723,-14.381,-2.383,-29.709,-16.934,1.3685e-03,2.3393e-04
cmos,9.9000e+08,-4.244,-7.323,-15.021,-14.576,-4.325,-7.440,-7.485,-14.787,-4.369,-32.099,-15.032,1.3765e-03,2.3321e-04
cmos,9.9500e+08,-7.580,-5.707,-19.065,-18.979,-7.603,-5.707,-5.713,-18.986,-7.577,-34.786,-14.608,1.3666e-03,2.3362e-04
cmos,1.0000e+09,-8.610,-5.637,-17.939,-17.998,-8.599,-5.635,-5.636,-17.990,-8.613,-37.632,-15.890,1.3695e-03,2.3474e-04
cmos,1.0050e+09,-4.111,-8.138,-13.600,-13.632,-4.099,-8.134,-8.125,-13.635,-4.114,-45.738,-18.305,1.3712e-03,2.3406e-04
cmos,1.0100e+09,-1.551,-12.499,-14.774,-14.794,-1.547,-12.498,-12.491,-14.788,-1.551,-51.639,-20.860,1.3752e-03,2.3476e-04
cmos,1.0150e+09,-0.723,-16.601,-17.473,-17.485,-0.722,-16.598,-16.593,-17.481,-0.723,-46.550,-23.215,1.3761e-03,2.3499e-04
cmos,1.0200e+09,-0.415,-20.022,-20.283,-20.293,-0.414,-20.019,-20.013,-20.290,-0.414,-46.087,-25.343,1.3745e-03,2.3539e-04
cmos,1.0250e+09,-0.277,-23.023,-23.012,-23.018,-0.276,-23.020,-23.018,-23.016,-0.277,-46.916,-27.341,1.3782e-03,2.3537e-04
cmos,1.0300e+09,-0.210,-25.846,-25.708,-25.713,-0.210,-25.845,-25.843,-25.712,-0.210,-48.344,-29.362,1.3787e-03,2.3550e-04
ideal,9.7000e+08,-0.878,-15.182,-16.289,-16.291,-0.878,-15.183,-15.183,-16.289,-0.879,-23.594,-21.603,-0.0000e+00,-0.0000e+00
ideal,1.0000e+09,-8.464,-5.711,-17.635,-17.632,-8.463,-5.712,-5.713,-17.634,-8.463,-37.835,-15.980,-0.0000e+00,-0.0000e+00
ideal,1.0300e+09,-0.210,-25.953,-25.815,-25.816,-0.210,-25.953,-25.953,-25.816,-0.210,-48.397,-29.448,-0.0000e+00,-0.0000e+00
