VGS_V,ID_lin_A(VDS=0.05),ID_sat_A(VDS=0.6)
0.0000,3.893128e-10,1.000000e-09
0.0050,4.536692e-10,1.165215e-09
0.0100,5.286423e-10,1.357660e-09
0.0150,6.159779e-10,1.581808e-09
0.0200,7.177072e-10,1.842859e-09
0.0250,8.361935e-10,2.146863e-09
0.0300,9.741857e-10,2.500853e-09
0.0350,1.134881e-09,2.913007e-09
0.0400,1.321997e-09,3.392828e-09
0.0450,1.539854e-09,3.951359e-09
0.0500,1.793475e-09,4.601429e-09
0.0550,2.088697e-09,5.357934e-09
0.0600,2.432297e-09,6.238168e-09
0.0650,2.832148e-09,7.262202e-09
0.0700,3.297388e-09,8.453319e-09
0.0750,3.838623e-09,9.838518e-09
0.0800,4.468154e-09,1.144909e-08
0.0850,5.200247e-09,1.332130e-08
0.0900,6.051436e-09,1.549712e-08
0.0950,7.040876e-09,1.802513e-08
0.1000,8.190745e-09,2.096153e-08
0.1050,9.526711e-09,2.437126e-08
0.1100,1.107846e-08,2.832934e-08
0.1150,1.288029e-08,3.292233e-08
0.1200,1.497184e-08,3.825005e-08
0.1250,1.739884e-08,4.442751e-08
0.1300,2.021400e-08,5.158707e-08
0.1350,2.347808e-08,5.988089e-08
0.1400,2.726099e-08,6.948373e-08
0.1450,3.164310e-08,8.059600e-08
0.1500,3.671671e-08,9.344724e-08
0.1550,4.258768e-08,1.083000e-07
0.1600,4.937723e-08,1.254539e-07
0.1650,5.722402e-08,1.452508e-07
0.1700,6.628634e-08,1.680791e-07
0.1750,7.674462e-08,1.943803e-07
0.1800,8.880411e-08,2.246542e-07
0.1850,1.026978e-07,2.594658e-07
0.1900,1.186897e-07,2.994519e-07
0.1950,1.370779e-07,3.453282e-07
0.2000,1.581986e-07,3.978969e-07
0.2050,1.824294e-07,4.580540e-07
0.2100,2.101933e-07,5.267969e-07
0.2150,2.419624e-07,6.052316e-07
0.2200,2.782619e-07,6.945794e-07
0.2250,3.196734e-07,7.961833e-07
0.2300,3.668382e-07,9.115135e-07
0.2350,4.204603e-07,1.042171e-06
0.2400,4.813076e-07,1.189889e-06
0.2450,5.502140e-07,1.356535e-06
0.2500,6.280784e-07,1.544110e-06
0.2550,7.158635e-07,1.754740e-06
0.2600,8.145920e-07,1.990673e-06
0.2650,9.253417e-07,2.254265e-06
0.2700,1.049237e-06,2.547972e-06
0.2750,1.187440e-06,2.874328e-06
0.2800,1.341136e-06,3.235929e-06
0.2850,1.511517e-06,3.635411e-06
0.2900,1.699767e-06,4.075425e-06
0.2950,1.907036e-06,4.558612e-06
0.3000,2.134419e-06,5.087577e-06
0.3050,2.382931e-06,5.664861e-06
0.3100,2.653478e-06,6.292916e-06
0.3150,2.946833e-06,6.974075e-06
0.3200,3.263607e-06,7.710538e-06
0.3250,3.604224e-06,8.504342e-06
0.3300,3.968896e-06,9.357350e-06
0.3350,4.357609e-06,1.027123e-05
0.3400,4.770103e-06,1.124745e-05
0.3450,5.205864e-06,1.228728e-05
0.3500,5.664124e-06,1.339176e-05
0.3550,6.143860e-06,1.456174e-05
0.3600,6.643804e-06,1.579783e-05
0.3650,7.162464e-06,1.710048e-05
0.3700,7.698144e-06,1.846991e-05
0.3750,8.248972e-06,1.990619e-05
0.3800,8.812936e-06,2.140919e-05
0.3850,9.387915e-06,2.297865e-05
0.3900,9.971721e-06,2.461414e-05
0.3950,1.056214e-05,2.631513e-05
0.4000,1.115695e-05,2.808095e-05
0.4050,1.175399e-05,2.991084e-05
0.4100,1.235118e-05,3.180395e-05
0.4150,1.294650e-05,3.375935e-05
0.4200,1.353811e-05,3.577606e-05
0.4250,1.412429e-05,3.785303e-05
0.4300,1.470346e-05,3.998919e-05
0.4350,1.527424e-05,4.218340e-05
0.4400,1.583541e-05,4.443454e-05
0.4450,1.638591e-05,4.674144e-05
0.4500,1.692485e-05,4.910293e-05
0.4550,1.745150e-05,5.151784e-05
0.4600,1.796531e-05,5.398499e-05
0.4650,1.846582e-05,5.650322e-05
0.4700,1.895274e-05,5.907136e-05
0.4750,1.942589e-05,6.168827e-05
0.4800,1.988517e-05,6.435281e-05
0.4850,2.033059e-05,6.706386e-05
0.4900,2.076225e-05,6.982033e-05
0.4950,2.118031e-05,7.262113e-05
0.5000,2.158497e-05,7.546522e-05
0.5050,2.197649e-05,7.835154e-05
0.5100,2.235518e-05,8.127910e-05
0.5150,2.272137e-05,8.424690e-05
0.5200,2.307541e-05,8.725397e-05
0.5250,2.341767e-05,9.029936e-05
0.5300,2.374854e-05,9.338216e-05
0.5350,2.406839e-05,9.650147e-05
0.5400,2.437763e-05,9.965640e-05
0.5450,2.467664e-05,1.028461e-04
0.5500,2.496582e-05,1.060697e-04
0.5550,2.524554e-05,1.093265e-04
0.5600,2.551617e-05,1.126155e-04
0.5650,2.577809e-05,1.159361e-04
0.5700,2.603164e-05,1.192874e-04
0.5750,2.627718e-05,1.226687e-04
0.5800,2.651502e-05,1.260793e-04
0.5850,2.674550e-05,1.295185e-04
0.5900,2.696892e-05,1.329854e-04
0.5950,2.718557e-05,1.364795e-04
0.6000,2.739574e-05,1.400000e-04
