VDS_V,ID_A(VGS=0.36),ID_A(VGS=0.528),ID_A(VGS=0.696),ID_A(VGS=0.864),ID_A(VGS=1.032),ID_A(VGS=1.2)
0.0000,0.000000e+00,0.000000e+00,0.000000e+00,0.000000e+00,0.000000e+00,0.000000e+00
0.0100,1.510173e-07,7.708428e-07,1.437716e-06,2.001382e-06,2.490863e-06,2.923168e-06
0.0200,2.814725e-07,1.501975e-06,2.841692e-06,3.974095e-06,4.956708e-06,5.824241e-06
0.0300,3.932980e-07,2.193303e-06,4.211620e-06,5.917955e-06,7.397402e-06,8.703115e-06
0.0400,4.882122e-07,2.844647e-06,5.547127e-06,7.832748e-06,9.812794e-06,1.155967e-05
0.0500,5.677783e-07,3.455731e-06,6.847762e-06,9.718233e-06,1.220272e-05,1.439379e-05
0.0600,6.335113e-07,4.026197e-06,8.112976e-06,1.157413e-05,1.456702e-05,1.720534e-05
0.0700,6.869807e-07,4.555660e-06,9.342111e-06,1.340013e-05,1.690548e-05,1.999418e-05
0.0800,7.298602e-07,5.043800e-06,1.053439e-05,1.519585e-05,1.921790e-05,2.276017e-05
0.0900,7.638960e-07,5.490480e-06,1.168892e-05,1.696088e-05,2.150405e-05,2.550315e-05
0.1000,7.908090e-07,5.895883e-06,1.280468e-05,1.869471e-05,2.376366e-05,2.822296e-05
0.1100,8.121783e-07,6.260646e-06,1.388056e-05,2.039680e-05,2.599644e-05,3.091941e-05
0.1200,8.293543e-07,6.585959e-06,1.491538e-05,2.206653e-05,2.820208e-05,3.359230e-05
0.1300,8.434246e-07,6.873622e-06,1.590788e-05,2.370320e-05,3.038021e-05,3.624143e-05
0.1400,8.552250e-07,7.126018e-06,1.685683e-05,2.530603e-05,3.253044e-05,3.886656e-05
0.1500,8.653776e-07,7.346025e-06,1.776106e-05,2.687419e-05,3.465234e-05,4.146744e-05
0.1600,8.743360e-07,7.536870e-06,1.861947e-05,2.840677e-05,3.674545e-05,4.404381e-05
0.1700,8.824272e-07,7.701952e-06,1.943119e-05,2.990281e-05,3.880923e-05,4.659538e-05
0.1800,8.898863e-07,7.844661e-06,2.019556e-05,3.136128e-05,4.084315e-05,4.912183e-05
0.1900,8.968825e-07,7.968236e-06,2.091227e-05,3.278112e-05,4.284659e-05,5.162282e-05
0.2000,9.035382e-07,8.075650e-06,2.158135e-05,3.416124e-05,4.481893e-05,5.409800e-05
0.2100,9.099423e-07,8.169550e-06,2.220326e-05,3.550055e-05,4.675946e-05,5.654698e-05
0.2200,9.161603e-07,8.252236e-06,2.277890e-05,3.679796e-05,4.866747e-05,5.896933e-05
0.2300,9.222407e-07,8.325663e-06,2.330958e-05,3.805241e-05,5.054220e-05,6.136463e-05
0.2400,9.282196e-07,8.391474e-06,2.379703e-05,3.926293e-05,5.238285e-05,6.373241e-05
0.2500,9.341244e-07,8.451026e-06,2.424336e-05,4.042861e-05,5.418859e-05,6.607216e-05
0.2600,9.399761e-07,8.505438e-06,2.465094e-05,4.154867e-05,5.595857e-05,6.838337e-05
0.2700,9.457905e-07,8.555627e-06,2.502239e-05,4.262248e-05,5.769192e-05,7.066548e-05
0.2800,9.515802e-07,8.602339e-06,2.536043e-05,4.364957e-05,5.938776e-05,7.291793e-05
0.2900,9.573549e-07,8.646183e-06,2.566788e-05,4.462967e-05,6.104521e-05,7.514010e-05
0.3000,9.631223e-07,8.687656e-06,2.594751e-05,4.556275e-05,6.266339e-05,7.733138e-05
0.3100,9.688884e-07,8.727163e-06,2.620203e-05,4.644898e-05,6.424145e-05,7.949112e-05
0.3200,9.746583e-07,8.765035e-06,2.643401e-05,4.728882e-05,6.577856e-05,8.161864e-05
0.3300,9.804358e-07,8.801543e-06,2.664588e-05,4.808293e-05,6.727394e-05,8.371327e-05
0.3400,9.862243e-07,8.836913e-06,2.683987e-05,4.883224e-05,6.872686e-05,8.577431e-05
0.3500,9.920262e-07,8.871328e-06,2.701802e-05,4.953791e-05,7.013667e-05,8.780104e-05
0.3600,9.978439e-07,8.904940e-06,2.718219e-05,5.020130e-05,7.150278e-05,8.979275e-05
0.3700,1.003679e-06,8.937878e-06,2.733402e-05,5.082398e-05,7.282473e-05,9.174872e-05
0.3800,1.009533e-06,8.970246e-06,2.747499e-05,5.140765e-05,7.410215e-05,9.366823e-05
0.3900,1.015408e-06,9.002133e-06,2.760641e-05,5.195416e-05,7.533477e-05,9.555057e-05
0.4000,1.021304e-06,9.033614e-06,2.772943e-05,5.246544e-05,7.652247e-05,9.739505e-05
0.4100,1.027222e-06,9.064751e-06,2.784508e-05,5.294351e-05,7.766529e-05,9.920100e-05
0.4200,1.033164e-06,9.095598e-06,2.795423e-05,5.339038e-05,7.876336e-05,1.009678e-04
0.4300,1.039129e-06,9.126199e-06,2.805767e-05,5.380809e-05,7.981700e-05,1.026947e-04
0.4400,1.045118e-06,9.156593e-06,2.815608e-05,5.419863e-05,8.082667e-05,1.043813e-04
0.4500,1.051133e-06,9.186814e-06,2.825006e-05,5.456397e-05,8.179295e-05,1.060270e-04
0.4600,1.057173e-06,9.216888e-06,2.834013e-05,5.490599e-05,8.271660e-05,1.076313e-04
0.4700,1.063238e-06,9.246841e-06,2.842674e-05,5.522650e-05,8.359850e-05,1.091939e-04
0.4800,1.069330e-06,9.276693e-06,2.851030e-05,5.552722e-05,8.443963e-05,1.107143e-04
0.4900,1.075449e-06,9.306462e-06,2.859115e-05,5.580976e-05,8.524114e-05,1.121924e-04
0.5000,1.081594e-06,9.336164e-06,2.866960e-05,5.607564e-05,8.600422e-05,1.136278e-04
0.5100,1.087766e-06,9.365813e-06,2.874592e-05,5.632627e-05,8.673020e-05,1.150207e-04
0.5200,1.093966e-06,9.395421e-06,2.882035e-05,5.656296e-05,8.742045e-05,1.163708e-04
0.5300,1.100193e-06,9.424997e-06,2.889308e-05,5.678693e-05,8.807641e-05,1.176783e-04
0.5400,1.106447e-06,9.454552e-06,2.896431e-05,5.699928e-05,8.869956e-05,1.189435e-04
0.5500,1.112730e-06,9.484093e-06,2.903420e-05,5.720104e-05,8.929140e-05,1.201665e-04
0.5600,1.119041e-06,9.513627e-06,2.910289e-05,5.739314e-05,8.985345e-05,1.213477e-04
0.5700,1.125380e-06,9.543161e-06,2.917051e-05,5.757643e-05,9.038722e-05,1.224876e-04
0.5800,1.131748e-06,9.572700e-06,2.923716e-05,5.775171e-05,9.089422e-05,1.235868e-04
0.5900,1.138144e-06,9.602249e-06,2.930296e-05,5.791967e-05,9.137594e-05,1.246459e-04
0.6000,1.144569e-06,9.631813e-06,2.936798e-05,5.808096e-05,9.183380e-05,1.256656e-04
0.6100,1.151022e-06,9.661395e-06,2.943230e-05,5.823617e-05,9.226923e-05,1.266468e-04
0.6200,1.157505e-06,9.690998e-06,2.949600e-05,5.838583e-05,9.268357e-05,1.275903e-04
0.6300,1.164017e-06,9.720627e-06,2.955914e-05,5.853043e-05,9.307814e-05,1.284970e-04
0.6400,1.170558e-06,9.750284e-06,2.962178e-05,5.867040e-05,9.345418e-05,1.293681e-04
0.6500,1.177129e-06,9.779971e-06,2.968396e-05,5.880615e-05,9.381289e-05,1.302045e-04
0.6600,1.183729e-06,9.809690e-06,2.974573e-05,5.893803e-05,9.415540e-05,1.310073e-04
0.6700,1.190359e-06,9.839444e-06,2.980714e-05,5.906637e-05,9.448279e-05,1.317777e-04
0.6800,1.197019e-06,9.869235e-06,2.986821e-05,5.919148e-05,9.479606e-05,1.325168e-04
0.6900,1.203708e-06,9.899064e-06,2.992898e-05,5.931363e-05,9.509617e-05,1.332258e-04
0.7000,1.210428e-06,9.928932e-06,2.998949e-05,5.943305e-05,9.538403e-05,1.339059e-04
0.7100,1.217177e-06,9.958841e-06,3.004976e-05,5.954998e-05,9.566046e-05,1.345582e-04
0.7200,1.223957e-06,9.988792e-06,3.010981e-05,5.966463e-05,9.592626e-05,1.351840e-04
0.7300,1.230767e-06,1.001879e-05,3.016966e-05,5.977717e-05,9.618215e-05,1.357844e-04
0.7400,1.237608e-06,1.004883e-05,3.022934e-05,5.988778e-05,9.642884e-05,1.363606e-04
0.7500,1.244479e-06,1.007891e-05,3.028887e-05,5.999661e-05,9.666695e-05,1.369137e-04
0.7600,1.251380e-06,1.010904e-05,3.034826e-05,6.010380e-05,9.689708e-05,1.374448e-04
0.7700,1.258312e-06,1.013922e-05,3.040752e-05,6.020948e-05,9.711978e-05,1.379550e-04
0.7800,1.265275e-06,1.016944e-05,3.046667e-05,6.031378e-05,9.733558e-05,1.384454e-04
0.7900,1.272269e-06,1.019972e-05,3.052573e-05,6.041680e-05,9.754494e-05,1.389169e-04
0.8000,1.279294e-06,1.023004e-05,3.058470e-05,6.051863e-05,9.774831e-05,1.393705e-04
0.8100,1.286350e-06,1.026041e-05,3.064359e-05,6.061937e-05,9.794611e-05,1.398073e-04
0.8200,1.293438e-06,1.029084e-05,3.070242e-05,6.071911e-05,9.813871e-05,1.402280e-04
0.8300,1.300556e-06,1.032131e-05,3.076119e-05,6.081791e-05,9.832647e-05,1.406336e-04
0.8400,1.307706e-06,1.035183e-05,3.081992e-05,6.091585e-05,9.850972e-05,1.410249e-04
0.8500,1.314887e-06,1.038241e-05,3.087860e-05,6.101299e-05,9.868877e-05,1.414026e-04
0.8600,1.322100e-06,1.041303e-05,3.093725e-05,6.110940e-05,9.886390e-05,1.417676e-04
0.8700,1.329345e-06,1.044371e-05,3.099587e-05,6.120513e-05,9.903536e-05,1.421205e-04
0.8800,1.336621e-06,1.047445e-05,3.105448e-05,6.130022e-05,9.920342e-05,1.424620e-04
0.8900,1.343930e-06,1.050523e-05,3.111306e-05,6.139472e-05,9.936829e-05,1.427928e-04
0.9000,1.351270e-06,1.053607e-05,3.117164e-05,6.148869e-05,9.953018e-05,1.431135e-04
0.9100,1.358642e-06,1.056696e-05,3.123021e-05,6.158215e-05,9.968928e-05,1.434247e-04
0.9200,1.366046e-06,1.059790e-05,3.128878e-05,6.167515e-05,9.984579e-05,1.437268e-04
0.9300,1.373483e-06,1.062890e-05,3.134734e-05,6.176771e-05,9.999987e-05,1.440204e-04
0.9400,1.380952e-06,1.065995e-05,3.140592e-05,6.185988e-05,1.001517e-04,1.443061e-04
0.9500,1.388453e-06,1.069106e-05,3.146451e-05,6.195167e-05,1.003013e-04,1.445842e-04
0.9600,1.395987e-06,1.072222e-05,3.152310e-05,6.204312e-05,1.004490e-04,1.448552e-04
0.9700,1.403553e-06,1.075343e-05,3.158172e-05,6.213425e-05,1.005948e-04,1.451194e-04
0.9800,1.411152e-06,1.078470e-05,3.164035e-05,6.222508e-05,1.007389e-04,1.453774e-04
0.9900,1.418784e-06,1.081603e-05,3.169900e-05,6.231565e-05,1.008813e-04,1.456294e-04
1.0000,1.426448e-06,1.084741e-05,3.175768e-05,6.240595e-05,1.010222e-04,1.458758e-04
1.0100,1.434146e-06,1.087885e-05,3.181638e-05,6.249603e-05,1.011617e-04,1.461168e-04
1.0200,1.441877e-06,1.091034e-05,3.187510e-05,6.258588e-05,1.012998e-04,1.463529e-04
1.0300,1.449640e-06,1.094188e-05,3.193386e-05,6.267554e-05,1.014366e-04,1.465842e-04
1.0400,1.457437e-06,1.097348e-05,3.199265e-05,6.276501e-05,1.015722e-04,1.468111e-04
1.0500,1.465268e-06,1.100514e-05,3.205148e-05,6.285431e-05,1.017067e-04,1.470337e-04
1.0600,1.473131e-06,1.103686e-05,3.211033e-05,6.294345e-05,1.018402e-04,1.472524e-04
1.0700,1.481028e-06,1.106862e-05,3.216923e-05,6.303245e-05,1.019726e-04,1.474674e-04
1.0800,1.488959e-06,1.110045e-05,3.222816e-05,6.312131e-05,1.021042e-04,1.476788e-04
1.0900,1.496924e-06,1.113233e-05,3.228713e-05,6.321005e-05,1.022348e-04,1.478868e-04
1.1000,1.504922e-06,1.116427e-05,3.234614e-05,6.329868e-05,1.023647e-04,1.480917e-04
1.1100,1.512954e-06,1.119626e-05,3.240519e-05,6.338721e-05,1.024937e-04,1.482936e-04
1.1200,1.521020e-06,1.122831e-05,3.246429e-05,6.347564e-05,1.026221e-04,1.484927e-04
1.1300,1.529120e-06,1.126042e-05,3.252342e-05,6.356398e-05,1.027497e-04,1.486891e-04
1.1400,1.537254e-06,1.129258e-05,3.258261e-05,6.365225e-05,1.028767e-04,1.488829e-04
1.1500,1.545422e-06,1.132480e-05,3.264183e-05,6.374045e-05,1.030031e-04,1.490744e-04
1.1600,1.553624e-06,1.135708e-05,3.270111e-05,6.382859e-05,1.031290e-04,1.492636e-04
1.1700,1.561861e-06,1.138941e-05,3.276043e-05,6.391666e-05,1.032542e-04,1.494506e-04
1.1800,1.570133e-06,1.142180e-05,3.281980e-05,6.400469e-05,1.033790e-04,1.496356e-04
1.1900,1.578439e-06,1.145425e-05,3.287921e-05,6.409268e-05,1.035033e-04,1.498187e-04
1.2000,1.586779e-06,1.148676e-05,3.293868e-05,6.418062e-05,1.036272e-04,1.500000e-04
