VDS_V,ID_A(VGS=0.15),ID_A(VGS=0.22),ID_A(VGS=0.29),ID_A(VGS=0.36),ID_A(VGS=0.43),ID_A(VGS=0.5)
0.0000,0.000000e+00,0.000000e+00,0.000000e+00,0.000000e+00,0.000000e+00,0.000000e+00
0.0100,1.365751e-09,1.103199e-08,6.769359e-08,2.378347e-07,4.510860e-07,5.992167e-07
0.0200,2.409631e-09,1.961984e-08,1.229326e-07,4.480742e-07,8.771327e-07,1.182900e-06
0.0300,3.207323e-09,2.628807e-08,1.676813e-07,6.321637e-07,1.277387e-06,1.750264e-06
0.0400,3.813577e-09,3.143172e-08,2.035965e-07,7.916879e-07,1.651184e-06,2.300478e-06
0.0500,4.270735e-09,3.536461e-08,2.321067e-07,9.283384e-07,1.997969e-06,2.832680e-06
0.0600,4.614518e-09,3.835584e-08,2.545069e-07,1.043925e-06,2.317312e-06,3.345979e-06
0.0700,4.876058e-09,4.064453e-08,2.720167e-07,1.140429e-06,2.608938e-06,3.839452e-06
0.0800,5.081234e-09,4.243582e-08,2.857740e-07,1.220048e-06,2.872764e-06,4.312152e-06
0.0900,5.249726e-09,4.389223e-08,2.967822e-07,1.285194e-06,3.108966e-06,4.763106e-06
0.1000,5.395258e-09,4.513195e-08,3.058594e-07,1.338388e-06,3.318076e-06,5.191330e-06
0.1100,5.526829e-09,4.623537e-08,3.136243e-07,1.382093e-06,3.501069e-06,5.595843e-06
0.1200,5.650140e-09,4.725499e-08,3.205174e-07,1.418537e-06,3.659448e-06,5.975689e-06
0.1300,5.768766e-09,4.822442e-08,3.268405e-07,1.449592e-06,3.795253e-06,6.329984e-06
0.1400,5.884961e-09,4.916517e-08,3.327962e-07,1.476737e-06,3.910990e-06,6.657974e-06
0.1500,6.000164e-09,5.009112e-08,3.385192e-07,1.501090e-06,4.009460e-06,6.959109e-06
0.1600,6.115315e-09,5.101135e-08,3.441000e-07,1.523464e-06,4.093543e-06,7.233147e-06
0.1700,6.231043e-09,5.193196e-08,3.495992e-07,1.544446e-06,4.165976e-06,7.480249e-06
0.1800,6.347781e-09,5.285710e-08,3.550584e-07,1.564452e-06,4.229201e-06,7.701070e-06
0.1900,6.465836e-09,5.378968e-08,3.605066e-07,1.583776e-06,4.285279e-06,7.896808e-06
0.2000,6.585430e-09,5.473180e-08,3.659641e-07,1.602628e-06,4.335881e-06,8.069194e-06
0.2100,6.706734e-09,5.568501e-08,3.714455e-07,1.621161e-06,4.382319e-06,8.220404e-06
0.2200,6.829879e-09,5.665050e-08,3.769616e-07,1.639482e-06,4.425605e-06,8.352910e-06
0.2300,6.954971e-09,5.762918e-08,3.825203e-07,1.657672e-06,4.466510e-06,8.469309e-06
0.2400,7.082099e-09,5.862180e-08,3.881276e-07,1.675788e-06,4.505613e-06,8.572141e-06
0.2500,7.211341e-09,5.962897e-08,3.937883e-07,1.693876e-06,4.543355e-06,8.663762e-06
0.2600,7.342764e-09,6.065122e-08,3.995059e-07,1.711967e-06,4.580064e-06,8.746254e-06
0.2700,7.476431e-09,6.168902e-08,4.052835e-07,1.730088e-06,4.615993e-06,8.821396e-06
0.2800,7.612398e-09,6.274277e-08,4.111235e-07,1.748257e-06,4.651332e-06,8.890664e-06
0.2900,7.750720e-09,6.381286e-08,4.170278e-07,1.766489e-06,4.686227e-06,8.955257e-06
0.3000,7.891449e-09,6.489964e-08,4.229983e-07,1.784796e-06,4.720791e-06,9.016138e-06
0.3100,8.034636e-09,6.600345e-08,4.290363e-07,1.803187e-06,4.755112e-06,9.074074e-06
0.3200,8.180331e-09,6.712460e-08,4.351433e-07,1.821670e-06,4.789258e-06,9.129670e-06
0.3300,8.328584e-09,6.826342e-08,4.413204e-07,1.840251e-06,4.823282e-06,9.183404e-06
0.3400,8.479442e-09,6.942020e-08,4.475686e-07,1.858934e-06,4.857227e-06,9.235652e-06
0.3500,8.632956e-09,7.059525e-08,4.538890e-07,1.877723e-06,4.891127e-06,9.286714e-06
0.3600,8.789174e-09,7.178886e-08,4.602824e-07,1.896622e-06,4.925010e-06,9.336825e-06
0.3700,8.948145e-09,7.300133e-08,4.667498e-07,1.915633e-06,4.958897e-06,9.386175e-06
0.3800,9.109919e-09,7.423296e-08,4.732919e-07,1.934759e-06,4.992806e-06,9.434914e-06
0.3900,9.274546e-09,7.548403e-08,4.799096e-07,1.954001e-06,5.026751e-06,9.483163e-06
0.4000,9.442077e-09,7.675484e-08,4.866036e-07,1.973361e-06,5.060745e-06,9.531019e-06
0.4100,9.612563e-09,7.804570e-08,4.933746e-07,1.992840e-06,5.094798e-06,9.578561e-06
0.4200,9.786056e-09,7.935689e-08,5.002234e-07,2.012439e-06,5.128917e-06,9.625855e-06
0.4300,9.962608e-09,8.068871e-08,5.071506e-07,2.032160e-06,5.163109e-06,9.672953e-06
0.4400,1.014227e-08,8.204148e-08,5.141570e-07,2.052003e-06,5.197380e-06,9.719897e-06
0.4500,1.032510e-08,8.341548e-08,5.212432e-07,2.071969e-06,5.231734e-06,9.766725e-06
0.4600,1.051116e-08,8.481103e-08,5.284100e-07,2.092059e-06,5.266176e-06,9.813466e-06
0.4700,1.070049e-08,8.622845e-08,5.356578e-07,2.112273e-06,5.300708e-06,9.860145e-06
0.4800,1.089315e-08,8.766803e-08,5.429875e-07,2.132611e-06,5.335334e-06,9.906782e-06
0.4900,1.108921e-08,8.913009e-08,5.503997e-07,2.153075e-06,5.370056e-06,9.953396e-06
0.5000,1.128871e-08,9.061496e-08,5.578950e-07,2.173664e-06,5.404876e-06,1.000000e-05
