device,mape_idvg_lin,mape_idvg_sat,mape_idvd,rmse_log_idvg,model_Ion_A_per_um,model_Ioff_A_per_um,model_SS_mV_dec,model_DIBL_mV_V,model_Vth_lin_V,model_Vth_sat_V,model_gm_max_uS_um,model_Ion_Ioff,ref_Ion_A_per_um,ref_Ioff_A_per_um,ref_SS_mV_dec,ref_DIBL_mV_V,ref_Vth_lin_V,ref_Vth_sat_V,ref_gm_max_uS_um,ref_Ion_Ioff
gaa_n,8.076625903941817,6.036663252616152,10.758622530634112,0.033843896789977415,0.0008364744072178914,1.047375453494758e-09,68.21573202253606,54.05301199307126,0.17117920056328265,0.13604474276778633,3163.1229175561593,798638.5440167066,0.001,1e-09,68.19202481654813,49.62428422457588,0.1696046232690001,0.1373488385230258,4226.666666666643,1000000.0
gaa_p,7.8742307717861335,5.819731906496406,10.695803770866386,0.031790106488573146,0.0006367064048134777,1.045287199777315e-09,70.16633950973753,59.76606176283177,0.17904590410472787,0.14019796395888723,2449.273346843963,609121.0195141773,0.00075,1e-09,70.21929234680367,55.157398763033456,0.1774254924681344,0.14157318327216267,3183.8666666666613,750000.0
sige_p,8.712972733021534,7.046083716369565,11.912514245382996,0.038849404568939545,0.000780597236651381,1.5602760878937683e-09,71.93281931104165,66.09944656105979,0.17386145323071858,0.13089681296602973,2976.697970657128,500294.3022123198,0.00095,1.5e-09,72.22623828040011,60.84975590279251,0.172141872425788,0.13258953108897287,4037.599999999977,633333.3333333334
mos2_n,6.715539173322732,5.110286844784077,11.213920836656959,0.02502467556058655,8.919197366165676e-05,1.047307450749218e-09,72.06567533630056,78.56537849038651,0.1796440725056664,0.14428965218499248,616.2841396064579,85163.12339595314,0.00010000000000000002,1e-09,72.26721613346452,70.16014757149573,0.17757203040185174,0.14599996399467866,728.3160000000009,100000.00000000001
wse2_p,6.928852510243727,6.0521488987779835,12.618519688578758,0.03007693170969918,6.084520261073202e-05,1.0323438333333458e-09,77.48466058222675,87.02151198584683,0.19469901850687588,0.1555393381132448,438.24746133805684,58938.89288248888,7.000000000000001e-05,1e-09,78.23467131661764,77.58349698985577,0.19267610944325086,0.15776353579781577,532.642,70000.0
cnt_n,12.143108339541559,10.157265019226895,9.881650398766864,0.05512916191129665,0.0012988559584847337,1.652408429257419e-08,85.54858065979589,62.17843500097107,0.10789987058566933,0.07370173133513525,5149.429386308055,78603.80856737887,0.0015,1.0000000000000002e-08,75.29897438543388,56.41549401173881,0.10653733655062658,0.07550881484417024,7744.799999999955,149999.99999999997
cnt_p,11.5830732749573,9.654245707807235,9.385749970293718,0.05291488119305979,0.0012273566589851143,1.634275719793492e-08,85.23563728746626,61.85279267505794,0.10792049282638082,0.07390145685509895,4836.159979617744,75100.95414867962,0.0014,1.0000000000000002e-08,75.29432544177529,56.406725660067174,0.10652501789915765,0.07550131878612071,7040.999999999997,139999.99999999997
gan_n,5.0642250532284185,5.221284651749829,5.709815758532189,0.025653089538972603,0.0004497358082571135,1.1016467355660259e-09,83.29445357233335,39.19646078241722,0.2109978681600846,0.1659219382603048,660.8325852623415,408239.58691806893,0.0005,1e-09,80.59438823941542,38.275761233606545,0.20855805132693817,0.16454092590829064,882.8800000000249,500000.0
gan_p,2.9922264709884647,1.3153464125831693,3.7185866779540744,0.006566990793057822,5.0559638107025507e-05,1.0358087561484747e-10,86.0210758827174,40.948018470521085,0.3195315130551715,0.2724412918140723,96.40624585216648,488117.5005222508,4.9999999999999996e-05,1e-10,85.68562819649316,45.16408448405705,0.32428282788513507,0.27234413072846947,97.82666666666731,499999.99999999994
