study,platform,vdd,temp_c,x1name,x1,x2name,x2,VM,gain,NML,NMH,Pstat,tpHL,tpLH,tpd_inv,E_period,osc,fRO,tpd,Pavg,Ecycle,PDP
tmd_rc,tmd,0.5,27.0,RCN_kohm_um,0.1,RCP_kohm_um,0.1,0.24125,11.981641599999989,0.20914409028,0.22611308000000002,5.1992213249999996e-11,1.7167679613574365e-11,2.1830948444301165e-11,1.9499314028937765e-11,1.7402142451202172e-16,True,3985240957.030485,2.5092585637409686e-11,2.6895686103447398e-06,6.748823068276436e-16,6.748823068276435e-17
tmd_rc,tmd,0.5,27.0,RCN_kohm_um,0.1,RCP_kohm_um,0.2,0.24125,11.982712800000002,0.20920469108,0.225886998,5.1992107e-11,1.7172279226564907e-11,2.388232574512227e-11,2.052730248584359e-11,1.740587624458386e-16,True,3780768662.9397817,2.6449647919543376e-11,2.549490629000214e-06,6.743312951123085e-16,6.743312951123084e-17
tmd_rc,tmd,0.5,27.0,RCN_kohm_um,0.1,RCP_kohm_um,0.5,0.24125,11.985900799999996,0.2066726744,0.22799733699999997,5.199178725e-11,1.718024599957218e-11,2.9608153775795664e-11,2.339419988768392e-11,1.7412869933796662e-16,True,3300511751.9550343,3.0298331748331366e-11,2.221356831050714e-06,6.73034061985966e-16,6.73034061985966e-17
tmd_rc,tmd,0.5,27.0,RCN_kohm_um,0.1,RCP_kohm_um,1.0,0.24125,12.000335599999971,0.2070700909,0.226984087,5.1991255e-11,1.7185882857299663e-11,3.827260913237683e-11,2.7729245994838246e-11,1.7421475127659746e-16,True,2766306104.6607614,3.614928941938739e-11,1.855576061326664e-06,6.70777560805845e-16,6.70777560805845e-17
tmd_rc,tmd,0.5,27.0,RCN_kohm_um,0.1,RCP_kohm_um,2.0,0.24,12.003422799999981,0.20774367576,0.22494405899999997,5.1990191250000005e-11,1.7188399940498548e-11,5.387529006593987e-11,3.553184500321921e-11,1.7429551528803615e-16,True,2149912466.478859,4.6513521624338814e-11,1.4346834654253914e-06,6.673218039314529e-16,6.673218039314529e-17
tmd_rc,tmd,0.5,27.0,RCN_kohm_um,0.2,RCP_kohm_um,0.1,0.24125,11.980893599999973,0.20892399754,0.22619625200000004,5.199209825e-11,1.898759226415233e-11,2.1839326919723858e-11,2.0413459591938095e-11,1.7407641202819436e-16,True,3784261735.194568,2.6425233505910895e-11,2.5527903784145667e-06,6.745808184124756e-16,6.745808184124755e-17
tmd_rc,tmd,0.5,27.0,RCN_kohm_um,0.2,RCP_kohm_um,0.2,0.24125,11.981776799999977,0.20898578024,0.22597187700000004,5.1991992e-11,1.8992623414752158e-11,2.3891742272262355e-11,2.1442182843507256e-11,1.7411300783135763e-16,True,3602547406.435407,2.7758135762867435e-11,2.428506012402101e-06,6.741079959319734e-16,6.741079959319735e-17
tmd_rc,tmd,0.5,27.0,RCN_kohm_um,0.2,RCP_kohm_um,0.5,0.24125,11.984954799999969,0.20791402056,0.22680572,5.199167225e-11,1.9001787224844147e-11,2.9619957309232726e-11,2.4310872267038437e-11,1.7418688467870664e-16,True,3169070913.8301716,3.155498968596413e-11,2.1324179640441927e-06,6.728842686157914e-16,6.728842686157914e-17
tmd_rc,tmd,0.5,27.0,RCN_kohm_um,0.2,RCP_kohm_um,1.0,0.24125,12.00148679999998,0.2068375593,0.22704776100000001,5.199114025e-11,1.900824532963112e-11,3.8288123046332053e-11,2.8648184187981587e-11,1.7426345130108428e-16,True,2676776467.448745,3.735836787870103e-11,1.7961221397917643e-06,6.710019165342041e-16,6.710019165342041e-17
tmd_rc,tmd,0.5,27.0,RCN_kohm_um,0.2,RCP_kohm_um,2.0,0.24,12.00293959999999,0.20752475856,0.22501911799999996,5.1990076249999997e-11,1.9011405284352923e-11,5.3897136592117483e-11,3.6454270938235203e-11,1.743416733731633e-16,True,2097201588.5451653,4.768258833399525e-11,1.400012667314639e-06,6.675622767794257e-16,6.675622767794258e-17
tmd_rc,tmd,0.5,27.0,RCN_kohm_um,0.5,RCP_kohm_um,0.1,0.24125,11.978062800000004,0.2082623913,0.22643323200000004,5.19917535e-11,2.405922943689049e-11,2.1854874891267093e-11,2.2957052164078792e-11,1.7417426581802803e-16,True,3303476026.938169,3.027114445043669e-11,2.2248089325940395e-06,6.734751257317603e-16,6.734751257317604e-17
tmd_rc,tmd,0.5,27.0,RCN_kohm_um,0.5,RCP_kohm_um,0.2,0.24125,11.979062400000004,0.208327793,0.22621365100000002,5.1991647e-11,2.406592393252388e-11,2.390877653847363e-11,2.3987350235498755e-11,1.74218473267158e-16,True,3169864681.595181,3.154708798158434e-11,2.1335694514976675e-06,6.730790320121756e-16,6.730790320121756e-17
tmd_rc,tmd,0.5,27.0,RCN_kohm_um,0.5,RCP_kohm_um,0.5,0.24125,11.983122399999985,0.2085164027,0.225552354,5.199132725e-11,2.407804581688786e-11,2.964180835110883e-11,2.6859927083998344e-11,1.7429013702949004e-16,True,2839742476.150607,3.521446076179214e-11,1.9094029728495208e-06,6.72385960658587e-16,6.72385960658587e-17
tmd_rc,tmd,0.5,27.0,RCN_kohm_um,0.5,RCP_kohm_um,1.0,0.24125,11.987362799999971,0.2061369952,0.227231387,5.1990795250000005e-11,2.408691620792655e-11,3.831680783599769e-11,3.120186202196212e-11,1.7436032274923536e-16,True,2445611518.4282217,4.0889568619741095e-11,1.6407928842431845e-06,6.709131323104461e-16,6.709131323104459e-17
tmd_rc,tmd,0.5,27.0,RCN_kohm_um,0.5,RCP_kohm_um,2.0,0.24125,12.002303599999976,0.2068661993,0.22523523699999998,5.198973125e-11,2.4091829459272396e-11,5.393762424726625e-11,3.9014726853269324e-11,1.744288109493334e-16,True,1957006742.284891,5.109844429214671e-11,1.3072737111510448e-06,6.679965290383955e-16,6.679965290383955e-17
tmd_rc,tmd,0.5,27.0,RCN_kohm_um,1.0,RCP_kohm_um,0.1,0.24125,11.974695199999985,0.2071547429,0.22679142000000002,5.199117925e-11,3.1746567886527935e-11,2.1866624316606547e-11,2.680659610156724e-11,1.7424317846178069e-16,True,2759296608.84419,3.624112017514777e-11,1.853199368480064e-06,6.716202102159394e-16,6.716202102159395e-17
tmd_rc,tmd,0.5,27.0,RCN_kohm_um,1.0,RCP_kohm_um,0.2,0.24125,11.975497600000011,0.2072264441,0.22657889600000003,5.1991073e-11,3.175552681223456e-11,2.3921735657719668e-11,2.7838631234977115e-11,1.742860553143474e-16,True,2669589679.200777,3.745894014316763e-11,1.7926273903255273e-06,6.714992211320674e-16,6.714992211320672e-17
tmd_rc,tmd,0.5,27.0,RCN_kohm_um,1.0,RCP_kohm_um,0.5,0.24125,11.978107599999987,0.2074330599,0.22593939400000002,5.199075325e-11,3.1771934508874355e-11,2.965846893236676e-11,3.071520172062056e-11,1.7436614538981028e-16,True,2439991952.76748,4.0983741723647215e-11,1.6373727228102242e-06,6.710566077699922e-16,6.710566077699924e-17
tmd_rc,tmd,0.5,27.0,RCN_kohm_um,1.0,RCP_kohm_um,1.0,0.24125,11.982852399999985,0.2077519102,0.22486641500000004,5.1990221e-11,3.178437654996526e-11,3.833886359704761e-11,3.5061620073506434e-11,1.7443652468445262e-16,True,2150486655.3738666,4.6501102320309346e-11,1.441397217701138e-06,6.702655950452982e-16,6.702655950452982e-17
tmd_rc,tmd,0.5,27.0,RCN_kohm_um,1.0,RCP_kohm_um,2.0,0.24125,12.006261199999983,0.2057619034,0.225568343,5.198915725e-11,3.1791932903215835e-11,5.396914583062643e-11,4.288053936692113e-11,1.7450200211583917e-16,True,1768304806.4779441,5.6551336417603796e-11,1.1817083777481874e-06,6.682718801753857e-16,6.682718801753858e-17
tmd_rc,tmd,0.5,27.0,RCN_kohm_um,2.0,RCP_kohm_um,0.1,0.2425,11.97918599999997,0.206365625,0.226148725,5.1990030750000006e-11,4.5668466342563346e-11,2.1874108783444747e-11,3.377128756300405e-11,1.743086428901914e-16,True,2127500001.392485,4.700352523363022e-11,1.4219323579043943e-06,6.683583346527452e-16,6.683583346527451e-17
tmd_rc,tmd,0.5,27.0,RCN_kohm_um,2.0,RCP_kohm_um,0.2,0.2425,11.978074799999973,0.2050016315,0.227197743,5.198992425e-11,4.568149245752032e-11,2.3930302487672313e-11,3.4805897472596315e-11,1.7433605577484116e-16,True,2076113275.158359,4.816692865295239e-11,1.3877037981580395e-06,6.684142983730934e-16,6.684142983730934e-17
tmd_rc,tmd,0.5,27.0,RCN_kohm_um,2.0,RCP_kohm_um,0.5,0.2425,11.976415199999991,0.2052475729,0.226593677,5.198960475e-11,4.5705499901459476e-11,2.9669817484517273e-11,3.7687658692988375e-11,1.7442276779799216e-16,True,1939844888.4092796,5.155051344440351e-11,1.297315846925559e-06,6.687729800857376e-16,6.687729800857375e-17
tmd_rc,tmd,0.5,27.0,RCN_kohm_um,2.0,RCP_kohm_um,1.0,0.2425,11.977217199999984,0.2056256963,0.22558274300000003,5.19890725e-11,4.5723995724719234e-11,3.835431271742557e-11,4.20391542210724e-11,1.7449623714680628e-16,True,1757577218.9646063,5.689650441584027e-11,1.1752108774266147e-06,6.686539087704691e-16,6.686539087704691e-17
tmd_rc,tmd,0.5,27.0,RCN_kohm_um,2.0,RCP_kohm_um,2.0,0.24125,11.984382399999987,0.2062848748,0.22354172100000003,5.198800875e-11,4.573640278023756e-11,5.39919492565513e-11,4.986417601839443e-11,1.7456474291458142e-16,True,1497959838.8458054,6.675746398985643e-11,1.0002167824363652e-06,6.677193583554572e-16,6.677193583554571e-17
tmd_dit,tmd,0.5,27.0,DIT_cm2eV,100000000000.0,,0,0.24,12.029330399999992,0.20647806134,0.22899197800000004,3.663534425e-11,2.4152330816385288e-11,3.53517723365101e-11,2.9752051576447695e-11,1.743187997111173e-16,True,2556203121.7578278,3.91205218195778e-11,1.717111915141039e-06,6.717431414293205e-16,6.717431414293204e-17
tmd_dit,tmd,0.5,27.0,DIT_cm2eV,300000000000.0,,0,0.24,12.01457959999999,0.2061861018,0.22875981300000003,4.09945407e-11,2.411814759922795e-11,3.526193230658141e-11,2.969003995290468e-11,1.7432346465671422e-16,True,2564367863.216444,3.8995965217943284e-11,1.7223159315433686e-06,6.716337216077479e-16,6.716337216077479e-17
tmd_dit,tmd,0.5,27.0,DIT_cm2eV,1000000000000.0,,0,0.24,11.964168799999982,0.20513176389999999,0.227929775,5.98834295e-11,2.3995604113434318e-11,3.4944786008873937e-11,2.947019506115413e-11,1.7434328758036588e-16,True,2593539840.7309866,3.855734098606139e-11,1.7410827766032405e-06,6.71315223024497e-16,6.71315223024497e-17
tmd_dit,tmd,0.5,27.0,DIT_cm2eV,3000000000000.0,,0,0.24,11.810517999999973,0.2034996762,0.224163414,1.5834667925000001e-10,2.362249233707629e-11,3.40212893804742e-11,2.8821890858775244e-11,1.7444089134126957e-16,True,2681794760.6615353,3.7288461245010547e-11,1.7980769146536082e-06,6.704752134760921e-16,6.70475213476092e-17
tmd_dit,tmd,0.5,27.0,DIT_cm2eV,10000000000000.0,,0,0.24125,11.297814399999993,0.1938857534,0.213217435,1.9252153625e-09,2.212884397730194e-11,3.0750427243906965e-11,2.6439635610604453e-11,1.7611274635964143e-16,True,3037644343.164105,3.2920246316867e-11,2.0435405700080206e-06,6.727385892317483e-16,6.727385892317483e-17
si_lowvdd,si,0.3,27.0,VDD,0.3,,0,0.147,17.44325066666667,0.13495471495,0.14153781999999998,2.2219676249999998e-11,1.267613125002685e-10,1.742713133854475e-10,1.50516312942858e-10,7.080143704371573e-17,True,426049142.5380502,2.3471470780173924e-10,1.408864576977065e-07,3.3068123751739276e-16,3.306812375173928e-17
si_lowvdd,si,0.35,27.0,VDD,0.35,,0,0.1715,17.424000000000007,0.15773394009,0.16379068200000002,2.8491320235e-11,4.374726152054054e-11,6.024008198328436e-11,5.199367175191245e-11,9.67904995631324e-17,True,1201543809.6729398,8.322626207630332e-11,5.562249207232025e-07,4.629252102548028e-16,4.629252102548029e-17
si_lowvdd,si,0.4,27.0,VDD,0.4,,0,0.196,17.396033999999986,0.17900472292,0.186215451,3.5781156600000007e-11,2.0026989779015612e-11,2.7062824057902885e-11,2.354490691845925e-11,1.2699503926600427e-16,True,2692184802.424366,3.714455259904447e-11,1.6733769552381906e-06,6.215683833187385e-16,6.215683833187385e-17
si_lowvdd,si,0.45,27.0,VDD,0.45,,0,0.2205,17.34995422222218,0.19990493739,0.20819418599999998,4.4226304695000005e-11,1.1751599996250369e-11,1.544501704133783e-11,1.3598308518794099e-11,1.6126390805627406e-16,True,4884516490.41435,2.047285543947812e-11,3.939960085342928e-06,8.066223326453966e-16,8.066223326453965e-17
si_lowvdd,si,0.5,27.0,VDD,0.5,,0,0.245,17.261943999999986,0.2200340002,0.22913082500000004,5.3980606000000005e-11,8.186819945132334e-12,1.0476738977976481e-11,9.331779461554407e-12,1.9933639817417309e-16,True,7557748838.441213,1.3231453192962287e-11,7.685477914750778e-06,1.0169004129457032e-15,1.0169004129457033e-16
