platform,vdd,temp_c,VM,gain,NML,NMH,Pstat,tpd_inv,E_period,osc,fRO,tpd,Pavg,Ecycle,PDP,Vswing
si,0.4,27.0,0.196,17.396033999999986,0.17900472292,0.186215451,3.5781156600000007e-11,2.354490691845925e-11,1.2699503926600427e-16,True,2692184802.424366,3.714455259904447e-11,1.6733769552381906e-06,6.215683833187385e-16,6.215683833187385e-17,0.4638228393
si,0.45,27.0,0.2205,17.34995422222218,0.19990493739,0.20819418599999998,4.4226304695000005e-11,1.3598308518794099e-11,1.6126390805627406e-16,True,4884516490.41435,2.047285543947812e-11,3.939960085342928e-06,8.066223326453966e-16,8.066223326453965e-17,0.5221744874
si,0.5,27.0,0.245,17.261943999999986,0.2200340002,0.22913082500000004,5.3980606000000005e-11,9.331779461554407e-12,1.9933639817417309e-16,True,7557748838.441213,1.3231453192962287e-11,7.685477914750778e-06,1.0169004129457032e-15,1.0169004129457033e-16,0.5787492332
si,0.55,27.0,0.2695,17.137209454545598,0.23948746999999998,0.24921564300000004,6.521653902500002e-11,7.147348762438029e-12,2.4096775113173167e-16,True,10475766850.699903,9.545840550405036e-12,1.3109597284935159e-05,1.251421253620138e-15,1.251421253620138e-16,0.6335583927
si,0.6,27.0,0.294,16.95140033333334,0.2563463079,0.269596333,7.812734309999999e-11,5.86467472481041e-12,2.859893154030783e-16,True,13474898208.49403,7.421206338832603e-12,2.0339035247491608e-05,1.509401773044245e-15,1.5094017730442446e-16,0.6865954892999999
si,0.65,27.0,0.3185,16.70409999999984,0.2738083771,0.287255729,9.2929374525e-11,5.031588929078711e-12,3.342978375916575e-16,True,16460963837.327116,6.07497841488714e-12,2.9472145195286467e-05,1.79042645901785e-15,1.79042645901785e-16,0.7378534303000001
si,0.7,27.0,0.343,16.387002857142818,0.2884457746,0.30542422,1.098647165e-10,4.448366815871627e-12,3.8588168137922204e-16,True,19385239472.639694,5.158564078671295e-12,4.0588040557981823e-05,2.0937600804605866e-15,2.0937600804605866e-16,0.7874498582
si,0.75,27.0,0.3675,15.983473066666775,0.30177777520000004,0.32237662100000003,1.2920407425e-10,4.016337096879033e-12,4.407812105575471e-16,True,22224663496.62952,4.499505696235423e-12,5.3782820720588144e-05,2.419961081918949e-15,2.419961081918949e-16,0.8358260121000001
si,0.8,27.0,0.39,15.528123749999992,0.3138635954,0.338196628,1.5124997999999998e-10,3.683733061961964e-12,4.991348503834561e-16,True,24968847292.51253,4.004990652090985e-12,6.913990049643135e-05,2.769046551747084e-15,2.769046551747084e-16,0.8838893573000001
sige,0.4,27.0,0.199,16.521468499999997,0.18027685085,0.18398124400000002,4.322266598e-11,2.183965864598468e-11,1.2774799164111657e-16,True,2896750789.2366014,3.452143704303732e-11,1.8284330892193635e-06,6.31201377768925e-16,6.31201377768925e-17,0.4647785041
sige,0.45,27.0,0.22275,16.476782222222198,0.20057786322,0.20640009599999998,5.3696365649999994e-11,1.2572871008959915e-11,1.6210242316562956e-16,True,5307523804.616584,1.8841177860195017e-11,4.34487167999728e-06,8.186250010255307e-16,8.186250010255307e-17,0.5232157965
sige,0.5,27.0,0.2475,16.404463600000014,0.22266329222,0.22561205299999998,6.5875802e-11,8.627375115492705e-12,2.002146736699343e-16,True,8269895961.454052,1.2092050548894392e-11,8.53145552904927e-06,1.0316279151290834e-15,1.0316279151290833e-16,0.5798220250999999
sige,0.55,27.0,0.27225,16.29815309090924,0.2409826502,0.24685189000000007,7.9999373575e-11,6.61847086570679e-12,2.4181802696582936e-16,True,11512041524.265244,8.686556575496935e-12,1.4614478349164037e-05,1.2694949300138845e-15,1.2694949300138844e-16,0.6346290487999999
sige,0.6,27.0,0.297,16.13195799999997,0.2596683705,0.26580800000000004,9.63361353e-11,5.442390124686859e-12,2.8673709289843987e-16,True,14842865762.214914,6.737243440856774e-12,2.2722414526745107e-05,1.5308643823074213e-15,1.5308643823074213e-16,0.6876453473
sige,0.65,27.0,0.32175,15.913705230769324,0.27711864810000003,0.283653182,1.1518953777500001e-10,4.6791343033816805e-12,3.3488827916499085e-16,True,18152659859.892273,5.5088345604352355e-12,3.295966877357197e-05,1.815693624403513e-15,1.815693624403513e-16,0.7388684655
sige,0.7,27.0,0.3465,15.637051999999954,0.2915261246,0.302241809,1.3690160085e-10,4.143951816174261e-12,3.8624888746051763e-16,True,21385492344.967533,4.676067232257674e-12,4.539920447441087e-05,2.1228973241335865e-15,2.1228973241335864e-16,0.7883844419
sige,0.75,27.0,0.37125,15.269947466666792,0.308238936,0.31600404400000004,1.61857579875e-10,3.74793908342974e-12,4.408763500866793e-16,True,24515848266.64077,4.078994082210571e-12,6.014285412118458e-05,2.4532234604756557e-15,2.4532234604756555e-16,0.8365826811
sige,0.8,27.0,0.396,14.863439249999999,0.3198750857,0.33243181699999996,1.90491172e-10,3.441576803789672e-12,4.990023905027025e-16,True,27533324875.576805,3.631962374754969e-12,7.726543862624546e-05,2.806251659594628e-15,2.806251659594628e-16,0.8844021506
tmd,0.3,27.0,0.14475,12.082760666666644,0.12822290385000001,0.14027498300000002,1.8810656055e-11,2.624972112775801e-10,3.6263176224342845e-17,True,220708833.04375142,4.5308562698157556e-10,4.8920067922746326e-08,2.2164979646758783e-16,2.2164979646758782e-17,0.31755563540000004
tmd,0.35,27.0,0.168875,12.087918857143052,0.14858018455000002,0.16304865699999999,2.4913800432499998e-11,1.3283803167949184e-10,8.41532784355512e-17,True,557821817.1801769,1.7926871434592873e-10,1.7210243520948605e-07,3.085258229580806e-16,3.085258229580806e-17,0.375230406
tmd,0.4,27.0,0.193,12.054857499999969,0.16827372613,0.185317231,3.231317048e-11,6.648102707698504e-11,1.1047575608704572e-16,True,1116992305.276866,8.952613149399741e-11,4.6051774541033624e-07,4.1228372230924987e-16,4.1228372230924984e-17,0.4313397309
tmd,0.45,27.0,0.217125,12.028011111111084,0.1889036074,0.20574253700000003,4.1247121995e-11,4.1183466356904476e-11,1.4053178334123209e-16,True,1825495848.821671,5.4779637030973495e-11,9.736118163631774e-07,5.333410190944168e-16,5.3334101909441676e-17,0.4859714751
tmd,0.5,27.0,0.24125,11.985298399999976,0.2074444861,0.22637886100000004,5.199100825e-11,2.95147618449778e-11,1.74337778918229e-16,True,2585533756.443445,3.867673347941739e-11,1.7360355418292197e-06,6.714418396212469e-16,6.714418396212469e-17,0.5393963507999999
tmd,0.55,27.0,0.265375,11.929688363636473,0.2248041744,0.24560982800000003,6.4865684125e-11,2.3227532837486847e-11,2.1184060509434682e-16,True,3335943368.429686,2.9976528062906706e-11,2.755865098627358e-06,8.261126746658815e-16,8.261126746658815e-17,0.5917630586
tmd,0.6,27.0,0.2895,11.842199333333298,0.2409973292,0.263266411,8.02446189e-11,1.942695118753974e-11,2.530005355547014e-16,True,4050544495.229066,2.4688038884101882e-11,4.0377199281757904e-06,9.968338658991697e-16,9.968338658991698e-17,0.6432852856
cnt,0.4,27.0,0.2,21.008780499999972,0.1598248095,0.160126434,4.8485343e-10,7.033063980383604e-12,1.0597246901276223e-16,True,14291473579.649633,6.9971790832259e-12,5.188142344771729e-06,3.630236109563532e-16,3.630236109563532e-17,0.4294211176
cnt,0.45,27.0,0.225,21.438560888888887,0.1833304053,0.18369208599999998,5.91107778e-10,4.964222777901039e-12,1.3378819759993562e-16,True,23073913904.235695,4.333898462784978e-12,1.0679786201886235e-05,4.628510900322697e-16,4.628510900322697e-17,0.4811461064
cnt,0.5,27.0,0.25,21.636549600000208,0.20656322530000001,0.20691389099999996,7.09532505e-10,3.9934031861885174e-12,1.6471374133070438e-16,True,31388525718.75403,3.185877568638146e-12,1.805412505017274e-05,5.751823201873337e-16,5.751823201873337e-17,0.5315697975
cnt,0.55,27.0,0.275,21.730858909091097,0.2291333563,0.22938558600000003,8.408877620000001e-10,3.4334100075706143e-12,1.9881595947352585e-16,True,38802739907.55825,2.577137600031212e-12,2.7164005078327894e-05,7.00053788547976e-16,7.00053788547976e-17,0.5812301444
cnt,0.6,27.0,0.3,21.770554999999987,0.25205788630000003,0.24894414499999995,9.85999716e-10,3.0645447503152932e-12,2.3620483453786377e-16,True,45385719532.20922,2.2033362262557555e-12,3.801314865518761e-05,8.375574750602011e-16,8.375574750602011e-17,0.6305770704
cnt,0.65,27.0,0.325,21.788563076923253,0.26988644219999997,0.26925609300000003,1.14576626775e-09,2.8006884888084396e-12,2.770216306567919e-16,True,51280464217.46467,1.9500603499986034e-12,5.063643967108812e-05,9.874411326768525e-16,9.874411326768527e-17,0.6801951953
cnt,0.7,27.0,0.35,21.79662314285713,0.2863736729,0.28477959599999997,1.3211630949999996e-09,2.6021020579679978e-12,3.219853553364721e-16,True,56601512743.988304,1.7667372328422633e-12,6.5121774897278e-05,1.1505306437979372e-15,1.1505306437979372e-16,0.7302841050000001
cnt,0.75,27.0,0.375,21.796237066666492,0.2972980835,0.29806850599999996,1.5132500662499999e-09,2.4384068872302197e-12,3.719285209310773e-16,True,61426272699.268585,1.6279678972152698e-12,8.158139770653471e-05,1.3281189647618993e-15,1.3281189647618995e-16,0.7800976599
cnt,0.8,27.0,0.398,21.80713849999998,0.30431929669999996,0.30758284399999997,1.7231782040000003e-09,2.295264817765889e-12,4.270052434917041e-16,True,65804791336.95107,1.5196461833296239e-12,0.00010004725093612455,1.5203642303770283e-15,1.520364230377028e-16,0.8291538163
gan,0.8,27.0,0.352,23.231431249999957,0.2821756914,0.38649667200000004,3.6931815320000006e-10,5.039211354262489e-11,4.3462269938129964e-15,True,806976480.6424533,1.2391934882710287e-10,3.251949006335122e-05,4.0297940328399255e-14,4.029794032839925e-15,0.9592832262
gan,0.9,27.0,0.3915,22.080304888888875,0.293665936,0.435862881,4.622358388500001e-10,4.046912463171913e-11,5.534966947274812e-15,True,1033417694.5930785,9.676629355507242e-11,5.318327358255395e-05,5.146348263709143e-14,5.1463482637091435e-15,1.0572460674000002
gan,1.0,27.0,0.43,20.764749799999976,0.3031659915,0.482625922,5.712484145000001e-10,3.4098959494185916e-11,6.858581357560082e-15,True,1258543522.735883,7.945692635453333e-11,8.064608129504594e-05,6.407889742242173e-14,6.407889742242174e-15,1.1548327405
gan,1.1,27.0,0.46475,19.39495545454544,0.30576699240000005,0.53274524,6.987431137499999e-10,2.9677193673404915e-11,8.315471474089015e-15,True,1479077824.0622525,6.760969461725303e-11,0.00011580328031450693,7.829424417739963e-14,7.829424417739963e-15,1.2528452812
gan,1.2,27.0,0.501,18.052249999999987,0.3035457361,0.5846731,8.474307444e-10,2.6429965118108498e-11,9.902742304528594e-15,True,1693060664.308176,5.906462899299733e-11,0.00015943277545612896,9.416837731640106e-14,9.416837731640107e-15,1.3527507882
gan,1.3,27.0,0.53625,16.777372000000135,0.299649484,0.63564655,1.0203869117e-09,2.394332586253498e-11,1.1620245406753765e-14,True,1899141709.758341,5.265536504525754e-11,0.00021225193552561677,1.1176203146663819e-13,1.1176203146663819e-14,1.4547373175
gan,1.4,27.0,0.5705,15.600415857142835,0.29128029600000005,0.68883678,1.2210982007e-09,2.1977529867882526e-11,1.3466075024196113e-14,True,2096288677.3924432,4.7703353587917674e-11,0.0002749755531427392,1.3117256039601335e-13,1.3117256039601335e-14,1.5568247626999998
gan,1.5,27.0,0.60375,14.531654133333447,0.28217205700000003,0.7407076,1.4535139890000001e-09,2.0383662440971476e-11,1.544000972579612e-14,True,2284149328.0480213,4.377997479064014e-11,0.00034818276296884863,1.5243432585311625e-13,1.5243432585311625e-14,1.6586693610999999
