N_idt,margin_dB
1.000000000000000000e+01,6.290048537796479877e-01
1.500000000000000000e+01,1.072205933866683836e+00
2.000000000000000000e+01,1.703614422530929318e+00
2.500000000000000000e+01,2.534737136067374053e+00
3.000000000000000000e+01,3.581281880427720665e+00
3.500000000000000000e+01,4.864226787800298268e+00
4.000000000000000000e+01,6.411303616870741351e+00
4.500000000000000000e+01,8.259549464714469380e+00
5.000000000000000000e+01,1.045959335598329432e+01
5.500000000000000000e+01,1.308308670079588687e+01
6.000000000000000000e+01,1.623681709605713053e+01
6.500000000000000000e+01,2.009095788087640599e+01
7.000000000000000000e+01,4.000000000000000000e+01
7.500000000000000000e+01,4.000000000000000000e+01
8.000000000000000000e+01,4.000000000000000000e+01
8.500000000000000000e+01,4.000000000000000000e+01
9.000000000000000000e+01,4.000000000000000000e+01
9.500000000000000000e+01,4.000000000000000000e+01
1.000000000000000000e+02,4.000000000000000000e+01
1.050000000000000000e+02,4.000000000000000000e+01
1.100000000000000000e+02,4.000000000000000000e+01
1.150000000000000000e+02,4.000000000000000000e+01
1.200000000000000000e+02,4.000000000000000000e+01
