trial,Qi,Qc,QL,Qe,T0_dB,trim_deg,f_osc,df_ppm,f0,PN1k,PN100k,F_dB,P_s_dBm,t_start_us,P_dc_mW
0,22398.5,196527,18240.7,17105.8,9.57092,41.1574,1.00101e+09,0,1.00101e+09,-114.413,-157.161,7.35058,-10.8306,1.80712,36.4903
1,18590.6,178110,15380,14313.1,7.63266,32.4011,1.0015e+09,0,1.0015e+09,-110.351,-154.505,9.48117,-11.2115,1.90338,33.2878
2,13536.6,152867,11499.9,10953.8,8.17861,48.4347,1.00113e+09,0,1.00113e+09,-108.825,-154.975,7.46985,-12.4301,1.36531,35.1267
3,21898.3,185734,17719.9,16406.2,13.2141,48.1902,1.00118e+09,0,1.00118e+09,-115.143,-158.225,6.62159,-10.4656,1.12775,35.1638
4,22729.2,213617,18741.1,17568.1,9.17976,55.3479,1.00106e+09,0,1.00106e+09,-116.258,-158.793,5.7511,-10.8161,1.94403,34.711
5,21531.3,235287,18200.3,17236,8.23256,45.5211,1.00172e+09,0,1.00172e+09,-113.127,-155.82,7.74387,-11.7826,2.13328,35.8391
6,21300,283791,18520,17526,9.0793,47.5132,1.00094e+09,0,1.00094e+09,-113.644,-156.197,7.40825,-11.7536,1.96288,34.7468
7,25595.7,162263,19457.2,17577.3,10.8797,44.485,1.00168e+09,0,1.00168e+09,-116.291,-158.826,7.16297,-9.37041,1.58951,34.8034
8,18961.4,149007,15114.6,14076.2,8.95665,51.1616,1.00125e+09,0,1.00125e+09,-114.419,-158.7,6.16961,-10.3121,1.59914,35.7873
9,18862.1,240519,16304.8,15378.2,4.73341,49.965,1.00125e+09,0,1.00125e+09,-111.4,-154.993,8.02495,-12.2432,2.89914,34.8843
10,18909.2,226983,16208.6,15154.8,10.2844,46.9101,1.00122e+09,0,1.00122e+09,-113.947,-157.655,6.65094,-10.9435,1.47099,35.0097
11,19107.7,148912,15205.5,14065.6,11.1994,59.637,1.00051e+09,0,1.00051e+09,-115.178,-159.459,5.39515,-10.327,1.22628,34.482
12,16996.9,141051,13696.1,12859.3,10.4428,48.3988,1.00198e+09,0,1.00198e+09,-112.864,-157.84,6.18386,-11.0613,1.22409,34.1754
13,22715.3,143378,17249.6,15810.7,10.8491,42.5925,1.00138e+09,0,1.00138e+09,-114.911,-158.287,7.31004,-9.68699,1.43536,36.3217
14,25400.4,164123,19396.6,17574.6,13.4971,51.9881,1.00107e+09,0,1.00107e+09,-117.991,-160.523,5.77118,-9.06625,1.16873,35.4328
15,26181.1,230565,21335.7,19801.5,10.7062,42.6907,1.00161e+09,0,1.00161e+09,-116.832,-158.403,7.28733,-9.73922,1.82782,36.3254
16,26367.3,132512,18861.3,17431.5,7.63588,44.5053,1.00114e+09,0,1.00114e+09,-115.383,-157.981,7.35306,-10.0202,2.31799,35.6689
17,18437.9,109742,13800.6,12444.3,12.5113,45.5782,1.0014e+09,0,1.0014e+09,-113.486,-158.704,7.0616,-9.28195,0.928814,34.8348
18,33575,118314,21418.6,18806.9,16.1832,43.383,1.00159e+09,0,1.00159e+09,-118.463,-160.453,6.74814,-8.2001,0.912965,36.594
19,14420.7,145993,12041.8,11379.1,9.46753,38.3953,1.00016e+09,0,1.00016e+09,-110.162,-156.03,7.57541,-11.3264,1.21799,34.7695
20,22565.6,228789,18847.7,17884.4,5.93375,52.7177,1.00143e+09,0,1.00143e+09,-114.953,-157.348,6.34393,-11.6795,2.91591,37.6154
21,29989,156351,21674.4,20331,10.7911,52.6391,1.00154e+09,0,1.00154e+09,-117.057,-158.412,6.09191,-10.9394,1.85812,35.3373
22,22368.1,284254,19326.5,18657,6.91542,52.8181,1.00087e+09,0,1.00087e+09,-114.484,-156.533,5.85639,-13.0082,2.70503,37.2049
23,22637.5,282796,19513.5,18649.1,6.96017,47.2212,1.00143e+09,0,1.00143e+09,-114.84,-156.897,6.45515,-12.0444,2.68793,37.2481
24,20702.2,167839,16605.7,15705.6,8.12204,49.0793,1.00104e+09,0,1.00104e+09,-113.421,-156.847,7.07482,-11.3569,1.97099,35.7734
25,23267,179571,18478.5,16574.7,14.9048,51.4169,1.00065e+09,0,1.00065e+09,-116.838,-159.835,6.17106,-9.31427,0.935103,33.7133
26,27799.6,283861,23246.4,21465.7,10.495,51.6443,1.00128e+09,0,1.00128e+09,-117.616,-158.524,6.85601,-10.0892,2.03219,34.8022
27,20245.1,196146,16781,15722.5,11.1696,49.268,1.00105e+09,0,1.00105e+09,-114.358,-157.776,6.80767,-10.6963,1.37483,36.4569
28,15983,201858,13798,12947.6,12.0025,44.897,1.00018e+09,0,1.00018e+09,-111.598,-156.508,7.26359,-11.3229,1.02724,34.0308
29,19161.2,126471,14705.3,13714.9,12.5191,49.4091,1.00112e+09,0,1.00112e+09,-113.89,-158.37,6.37393,-10.4118,1.023,38.3513
30,20717.7,162298,16504.1,15164.1,11.4844,41.818,1.0005e+09,0,1.0005e+09,-114.957,-158.653,6.78267,-9.81409,1.27839,34.5214
31,27511,191387,21367.9,19501.3,13.5233,47.0045,1.00054e+09,0,1.00054e+09,-117.768,-159.455,6.50465,-9.46234,1.29357,37.1554
32,37193.5,170467,25894.1,23257.2,11.2604,39.9454,1.00194e+09,0,1.00194e+09,-119.204,-159.456,7.39201,-8.65394,2.01021,35.8385
33,20428.6,177030,16597.9,15384.9,9.11546,40.5828,1.00088e+09,0,1.00088e+09,-112.888,-156.474,8.00455,-10.7833,1.71579,34.7896
34,26560.8,153811,19742.4,17887.1,12.0407,45.263,1.0019e+09,0,1.0019e+09,-117.083,-159.48,6.72235,-9.16872,1.41032,36.6089
35,22626.9,239539,19031.5,18144.4,5.57298,52.7203,1.0007e+09,0,1.0007e+09,-113.995,-156.268,6.75812,-12.3548,3.09204,34.244
36,17865.1,201342,15172.6,14171.4,7.89299,42.1022,1.00075e+09,0,1.00075e+09,-111.948,-156.173,7.91597,-11.0994,1.82824,33.2981
37,22254.4,188513,18003.6,16887.9,6.54929,52.7937,1.00117e+09,0,1.00117e+09,-114.035,-156.886,7.31411,-11.133,2.55766,35.5819
38,29576.3,77115.7,16737.5,13993,16.4847,40.267,1.00141e+09,0,1.00141e+09,-116.489,-160.816,7.16452,-7.19471,0.655924,33.7479
39,15332.7,159665,12862.3,12166.7,8.49405,44.9036,1.00113e+09,0,1.00113e+09,-111.112,-156.496,7.40082,-11.123,1.46055,38.0825
40,19830.6,143803,15543.6,14191.2,11.2697,44.1617,1.00112e+09,0,1.00112e+09,-114.513,-158.73,6.74533,-9.7139,1.22627,34.9108
41,22373.2,119401,16274.3,14717,12.2203,41.7612,1.00118e+09,0,1.00118e+09,-114.178,-158.114,7.52221,-9.58752,1.13693,35.0604
42,21217.1,152230,16592.1,15127.6,13.0511,43.9285,1.0012e+09,0,1.0012e+09,-114.672,-158.393,6.93681,-9.91751,1.05992,35.4377
43,24177.2,147685,18213.8,16522.1,12.2056,53.5867,1.00102e+09,0,1.00102e+09,-116.818,-159.843,6.17092,-9.30398,1.2788,39.1328
44,21743.1,84050.8,14329.4,13079.5,13.8115,40.5293,1.00134e+09,0,1.00134e+09,-114.132,-158.975,7.08208,-9.04832,0.838096,36.653
45,17401.8,145888,14050,13051.9,13.0341,55.1801,1.00136e+09,0,1.00136e+09,-114.005,-158.864,5.86766,-10.3711,0.91616,36.5771
46,24075.3,133007,17676.2,15841.2,12.2455,55.0367,1.00033e+09,0,1.00033e+09,-116.618,-159.97,5.92413,-9.39169,1.22119,35.6017
47,24166,150039,18278.1,17398.9,10.191,52.5012,1.00114e+09,0,1.00114e+09,-115.036,-157.649,6.17239,-11.5323,1.70771,39.6265
48,20103.3,177527,16391,15426.4,10.2152,58.2138,1.0016e+09,0,1.0016e+09,-115.788,-159.359,5.28531,-10.6195,1.50908,37.7549
49,26207.6,245858,21602.2,20145.5,11.6907,42.6406,1.00039e+09,0,1.00039e+09,-116.067,-157.487,7.3536,-10.5981,1.65772,37.3374
50,27883.5,136685,19803.7,17936.9,13.1976,53.0911,1.00072e+09,0,1.00072e+09,-117.713,-160.078,5.92232,-9.37272,1.23592,34.6012
51,28531.1,351692,24548.2,23230.1,7.27204,55.7953,1.00215e+09,0,1.00215e+09,-117.8,-158.063,5.89161,-11.5466,3.22315,33.9866
52,25580.6,143117,18844.2,16851.6,13.7876,49.245,1.00108e+09,0,1.00108e+09,-117.005,-159.872,6.42937,-9.02985,1.08311,33.567
53,20869.2,168117,16718.5,15822.9,9.65106,41.0061,1.0015e+09,0,1.0015e+09,-114.001,-157.371,7.03557,-10.8774,1.65497,36.7313
54,28535.2,208394,22400.6,20363.6,14.317,52.7063,1.00149e+09,0,1.00149e+09,-119.992,-161.334,5.05385,-9.05601,1.22964,35.9278
55,20915.5,108206,15084.1,13563.2,16.2186,43.2511,1.00133e+09,0,1.00133e+09,-113.647,-158.213,7.59405,-9.33714,0.655874,35.2258
56,15615.5,137416,12723.7,11827.9,9.09726,37.9623,1.00055e+09,0,1.00055e+09,-110.566,-156.154,8.27579,-10.5548,1.32239,34.3239
57,19811.3,108457,14510.3,12792.9,17.1469,62.8306,1.00114e+09,0,1.00114e+09,-117.304,-162.312,4.43178,-8.33617,0.555263,36.7308
58,20526.3,175220,16630,15070.2,14.7746,47.549,1.00061e+09,0,1.00061e+09,-115.766,-159.513,6.28657,-9.44556,0.863301,36.7252
59,22945.9,286398,19776.9,18768.6,9.95488,55.9226,1.00081e+09,0,1.00081e+09,-114.949,-156.948,6.39198,-12.0601,1.89499,33.6769
60,26019.4,164547,19767.8,18229.7,11.2512,42.5654,1.00082e+09,0,1.00082e+09,-114.835,-157.071,8.11974,-10.1928,1.57915,34.1535
61,16478.9,143215,13396.1,12388.8,11.4656,40.8651,1.00069e+09,0,1.00069e+09,-111.671,-156.916,7.79353,-10.3328,1.04653,36.7533
62,28673.9,204113,22384.7,21073.9,7.37814,50.9635,1.00135e+09,0,1.00135e+09,-116.995,-158.054,6.56948,-10.8368,2.88943,34.1038
63,21168,174911,17042.9,16023,10.7539,52.2242,1.00079e+09,0,1.00079e+09,-115.195,-158.461,6.10523,-10.7289,1.47194,37.3289
64,26196.2,127326,18559.3,16752.2,10.8837,45.3771,1.00091e+09,0,1.00091e+09,-115.276,-158.19,7.55595,-9.5815,1.51534,30.9582
65,20409.3,228311,17313.9,16470.9,9.25954,51.7945,1.00143e+09,0,1.00143e+09,-113.683,-156.736,6.68076,-11.8983,1.80477,34.6257
66,27014.6,150014,19861.3,17792.7,14.1119,60.0697,1.00107e+09,0,1.00107e+09,-118.801,-161.234,5.23029,-8.90373,1.10097,37.0631
67,22889,266716,19535.9,18730.8,7.11768,55.8852,1.00131e+09,0,1.00131e+09,-115.55,-157.571,5.68243,-12.146,2.64956,36.8523
68,24551.9,224613,20147.4,18883,9.75569,51.9729,1.00093e+09,0,1.00093e+09,-116.211,-158.163,6.37774,-10.8633,1.95182,36.2087
69,18079.4,189800,15186.3,14036,11.6499,61.4423,1.00062e+09,0,1.00062e+09,-116.06,-160.358,4.82076,-10.0006,1.16029,37.968
70,22174.7,274168,19087.2,17975.6,9.78488,48.9465,1.00124e+09,0,1.00124e+09,-114.928,-157.28,6.5327,-11.5615,1.85103,34.8963
71,22701.5,245198,19154.6,18013.7,9.46109,50.37,1.00092e+09,0,1.00092e+09,-115.105,-157.437,6.56486,-11.3742,1.92815,34.4453
72,20842.7,237577,17731.5,16668.5,9.96623,50.5038,1.00175e+09,0,1.00175e+09,-114.856,-157.816,6.31328,-11.1941,1.67911,36.0027
73,19998.4,158126,15961.1,14796.7,15.0215,54.2825,1.00171e+09,0,1.00171e+09,-116.745,-160.643,4.86882,-9.71593,0.822603,39.6386
74,15148.6,134359,12361.2,11520.4,11.9672,53.6705,1.00148e+09,0,1.00148e+09,-113.565,-159.352,5.43837,-10.1564,0.916614,35.9381
75,27125.8,167766,20497.4,18908.9,12.6361,47.8259,1.00071e+09,0,1.00071e+09,-116.19,-158.128,7.16638,-10.1103,1.39172,37.0154
76,21979.1,213417,18225.2,17087.7,9.2205,47.3855,1.00168e+09,0,1.00168e+09,-114.405,-157.167,7.12445,-11.0498,1.88058,36.2658
77,24217.3,158376,18545.7,16571.5,15.0851,55.2321,1.00216e+09,0,1.00216e+09,-117.879,-160.889,5.52342,-8.90631,0.914034,34.1242
78,21405.8,92364.3,14626.4,13063.4,10.7725,46.0853,1.00134e+09,0,1.00134e+09,-114.651,-159.503,6.48771,-9.11262,1.19677,34.1956
79,18127.5,218459,15547.3,14824.8,8.97814,50.8481,1.00046e+09,0,1.00046e+09,-113.67,-157.543,5.94049,-11.7466,1.68121,37.4785
80,26447.2,177339,20371.2,18612.7,15.1553,42.8221,1.00202e+09,0,1.00202e+09,-116.47,-158.547,6.82719,-10.0212,1.01837,35.4689
81,17938.5,138265,14242.8,13309,8.52255,52.1422,1.00095e+09,0,1.00095e+09,-113.806,-158.513,5.94134,-10.6696,1.59257,33.386
82,26016,148735,19273.6,17262.7,10.9056,53.6903,1.00139e+09,0,1.00139e+09,-118.05,-160.728,5.852,-8.76776,1.55673,37.3863
83,13841.6,128913,11394.6,10663.9,9.28852,49.7205,1.00102e+09,0,1.00102e+09,-111.739,-158.08,6.11258,-10.6416,1.16495,35.3664
84,18660,148249,14907.3,14048.6,12.7076,57.0208,1.00155e+09,0,1.00155e+09,-115.312,-159.611,4.97077,-10.5978,1.02449,36.2149
85,20095.8,168582,16227.1,15102.6,10.0922,51.609,1.00087e+09,0,1.00087e+09,-113.886,-157.617,6.93145,-10.6975,1.50015,35.6117
86,24046,182898,19039.6,17503.9,11.3139,43.9884,1.00109e+09,0,1.00109e+09,-116.408,-158.973,6.65551,-9.72927,1.5047,34.3449
87,28139.5,142122,20157.4,18742.3,10.9218,45.5131,1.00001e+09,0,1.00001e+09,-116.445,-158.45,6.63888,-10.3113,1.68926,34.9692
88,27659.3,375028,24103.8,22780.6,8.64973,53.285,1.0018e+09,0,1.0018e+09,-116.666,-157.088,6.57469,-11.8314,2.68273,37.0139
89,18888.2,173234,15506.7,14277.5,9.08132,50.0833,1.00107e+09,0,1.00107e+09,-113.657,-157.827,7.16299,-10.2058,1.59846,33.7099
90,22534.4,208989,18536.9,17649.7,5.42575,43.6907,1.00085e+09,0,1.00085e+09,-113.193,-155.689,7.70118,-11.9727,3.0612,33.8816
91,22370.8,175308,17822.2,16680.9,12.1089,46.4499,1.00021e+09,0,1.00021e+09,-114.792,-157.734,6.85066,-10.7405,1.30692,38.3056
92,29568.3,171996,22003.1,20282.1,11.3274,54.9361,1.00106e+09,0,1.00106e+09,-117.768,-159.139,6.02708,-10.2756,1.74079,34.6636
93,22036.1,169761,17494.4,16261.9,8.7378,54.0002,1.00073e+09,0,1.00073e+09,-116.403,-159.552,5.4453,-10.3091,1.89712,35.521
94,23431.5,113878,16600.2,15062.6,15.5073,52.7443,1.00148e+09,0,1.00148e+09,-116.301,-160.058,6.09987,-9.08563,0.791342,39.0111
95,25559.9,113512,17623.3,15800.9,17.1674,54.5249,1.00108e+09,0,1.00108e+09,-117.423,-160.802,5.54962,-8.9321,0.684217,38.0057
96,23973.7,85959.7,15389.5,13918.2,12.4657,48.3106,1.00081e+09,0,1.00081e+09,-116.222,-160.586,5.91332,-8.67139,1.04501,36.0237
97,24383,145425,18259.8,16853.4,11.6964,47.6847,1.00155e+09,0,1.00155e+09,-115.69,-158.561,6.77599,-9.99445,1.38429,37.166
98,22159.8,172975,17640.1,16100.9,14.1751,55.2876,1.00151e+09,0,1.00151e+09,-116.518,-159.751,5.95352,-9.59316,0.9885,37.4653
99,30328.9,188787,22953.8,21480.9,12.615,49.1024,1.00041e+09,0,1.00041e+09,-118.039,-158.934,6.11118,-10.4246,1.58544,38.327
100,22777.7,189380,18361,16819.6,12.5539,42.236,1.00088e+09,0,1.00088e+09,-115.343,-158.225,7.50699,-9.59867,1.24975,34.1513
101,27942.4,149941,20355.6,19195.6,11.0481,48.0127,1.00146e+09,0,1.00146e+09,-116.414,-158.237,6.22225,-10.9536,1.70204,39.7852
102,22521.3,168216,17764.6,16119.8,14.0843,55.7188,1.00034e+09,0,1.00034e+09,-118.457,-161.671,4.8584,-8.76998,1.00142,36.6916
103,26717.8,203563,21162.6,19751.6,6.61767,46.9015,1.00134e+09,0,1.00134e+09,-115.875,-157.464,6.95722,-11.0067,2.96643,31.851
104,23224.3,203074,18901.1,17714.9,9.59436,46.077,1.00215e+09,0,1.00215e+09,-115.294,-157.771,6.60995,-10.984,1.86414,37.3719
105,23802.6,119065,17004,15216.9,12.3752,49.4601,1.00066e+09,0,1.00066e+09,-116.812,-160.483,6.07616,-8.69379,1.15493,32.5424
106,21160.7,225159,17812.6,16506.2,12.5417,35.9861,1.00194e+09,0,1.00194e+09,-115.315,-158.354,7.07615,-9.8859,1.22692,37.1864
107,13520.5,419829,12702.4,12457.8,-2.41024,63.3672,1.0015e+09,0,1.0015e+09,-108.859,-154.069,5.33288,-15.6462,5.73296,34.7617
108,22808.6,133454,16998.2,15106.9,14.0446,53.3194,1.00107e+09,0,1.00107e+09,-117.768,-161.499,5.2392,-8.50792,0.942182,35.874
109,17194.3,186125,14512.9,13655.5,8.93448,42.4546,1.00197e+09,0,1.00197e+09,-111.254,-155.773,8.27106,-11.106,1.55433,38.344
110,20944.7,228514,17700,16458.6,7.65832,48.927,1.0013e+09,0,1.0013e+09,-113.894,-156.952,7.35741,-11.0055,2.18243,33.413
111,24517.7,117348,17292,15242.2,16.6497,50.6305,1.00074e+09,0,1.00074e+09,-117.556,-161.215,5.45068,-8.58892,0.701325,33.0814
112,38050.3,288468,30107.6,27759.9,11.9821,50.9476,1.00063e+09,0,1.00063e+09,-119.529,-158.294,6.95899,-10.3067,2.20669,38.477
113,19406.4,194217,16174.1,15014.3,9.0863,39.8291,1.00019e+09,0,1.00019e+09,-113.837,-157.609,7.33932,-10.2935,1.68143,35.6313
114,25513.7,151101,19072.8,17537.9,12.633,54.0892,1.0007e+09,0,1.0007e+09,-118.476,-161.021,4.91475,-9.42305,1.2913,35.4975
115,20690.6,158069,16397.8,15323.7,11.6148,42.8889,1.00152e+09,0,1.00152e+09,-114.309,-157.932,7.12634,-10.1997,1.27083,39.2697
116,38468.9,124477,23774.2,20488.5,16.7273,60.5935,1.00174e+09,0,1.00174e+09,-121.657,-162.951,4.64015,-7.85572,0.933301,35.1153
117,23073.9,206456,18858.6,17410.7,13.4398,62.3982,1.00042e+09,0,1.00042e+09,-117.845,-160.447,4.88737,-10.0198,1.16641,39.9342
118,15334.3,243979,13622,12961.4,6.49439,44.0531,1.00134e+09,0,1.00134e+09,-111.119,-156.03,7.29,-11.7746,1.97567,38.6339
119,18585.4,235158,16048.7,15276.5,3.72058,40.8879,1.00051e+09,0,1.00051e+09,-111.466,-155.105,8.34947,-11.8016,3.25999,37.1489
120,22933.2,289049,19792.6,18833,11.3906,49.7775,1.00132e+09,0,1.00132e+09,-115.754,-157.73,5.90657,-11.7658,1.60402,35.9854
121,17746.1,155097,14441.4,13467.2,9.49706,50.4436,1.00152e+09,0,1.00152e+09,-112.989,-157.611,6.8763,-10.6489,1.43451,35.1013
122,25593.3,180826,19946.9,18428.9,11.6938,56.6162,1.00225e+09,0,1.00225e+09,-117.7,-159.86,5.38228,-10.1472,1.51311,34.8994
123,20463,108186,14846.6,13449.9,12.2034,45.0244,1.00097e+09,0,1.00097e+09,-114.56,-159.187,6.89646,-9.05187,1.04133,36.6692
124,20693.2,163956,16522.5,15614.7,5.32926,51.8824,1.00126e+09,0,1.00126e+09,-112.402,-155.875,7.49868,-11.9003,2.73887,33.9098
125,24313.5,143561,18161.8,16474.2,12.9115,55.3561,1.00122e+09,0,1.00122e+09,-117.045,-160.094,5.9659,-9.25551,1.17334,37.1635
126,20227.7,190339,16682,15662,11.0293,52.8246,1.00063e+09,0,1.00063e+09,-114.784,-158.229,5.93052,-11.1176,1.39298,37.1184
127,23371.3,277383,20000.9,19185.3,4.33827,52.2487,1.00129e+09,0,1.00129e+09,-114.467,-156.292,6.63412,-12.4863,3.79444,34.1736
128,21394.5,203021,17670.3,16469.7,8.69908,45.3554,1.00051e+09,0,1.00051e+09,-114.287,-157.333,7.3117,-10.6711,1.93065,36.3376
129,26510.6,156850,19813,18447.2,9.51284,38.2543,1.00154e+09,0,1.00154e+09,-115.257,-157.402,7.43524,-10.5524,1.96126,33.8267
130,19620.6,158749,15731.8,14767.6,9.67324,43.1509,1.00057e+09,0,1.00057e+09,-113.727,-157.631,6.6565,-10.9391,1.54197,33.0225
131,28686.2,155359,20949.7,18881.7,17.8434,52.1493,1.00076e+09,0,1.00076e+09,-119.54,-161.49,5.29421,-8.61956,0.755964,38.083
132,22785.6,136283,17075.7,15859.2,9.26043,55.5979,1.00101e+09,0,1.00101e+09,-116.016,-159.365,5.66762,-10.2537,1.7383,34.3668
133,13917.3,219773,12352.8,11970.2,2.79081,56.4331,1.00082e+09,0,1.00082e+09,-109.105,-154.607,6.56924,-13.823,2.86158,34.7889
134,21187.9,132212,16045.2,14935.3,11.0391,50.4508,1.00175e+09,0,1.00175e+09,-115.316,-159.141,6.18967,-9.90499,1.32533,36.742
135,16862.9,241171,14794.1,14123.5,8.93053,57.9024,1.00081e+09,0,1.00081e+09,-113.095,-157.347,5.71795,-12.1206,1.61021,36.7237
136,19182.9,243742,16574.1,15824.1,8.20022,42.1608,1.00122e+09,0,1.00122e+09,-112.834,-156.201,7.10765,-11.9755,1.96709,38.5065
137,24530.7,244740,20434.3,18925.8,7.25031,40.7663,1.00087e+09,0,1.00087e+09,-115.199,-157.132,7.7469,-10.5262,2.63613,34.8318
138,20834.7,200773,17253.8,16440.1,6.88535,48.9394,1e+09,0,1e+09,-113.995,-157.051,6.69584,-11.5676,2.39428,35.8844
139,29696,156723,21535,19244.9,15.5272,42.979,1.00165e+09,0,1.00165e+09,-118.322,-160.126,6.72703,-8.56168,1.00855,37.0454
140,25937.1,126049,18375,16705.4,11.5865,53.5949,1.00171e+09,0,1.00171e+09,-117.43,-160.372,5.73361,-9.21932,1.38978,35.0646
141,21202,197028,17447.1,16199.6,10.9712,50.1637,1.00054e+09,0,1.00054e+09,-113.875,-157.052,7.31811,-10.9334,1.45084,35.81
142,30594.7,164398,22296.1,20218.1,16.1926,57.7222,1.00061e+09,0,1.00061e+09,-120.272,-161.665,4.80537,-8.9706,0.981369,38.4439
143,23427.9,241830,19625.4,18455.4,10.2492,62.1828,1.00089e+09,0,1.00089e+09,-116.941,-159.078,5.15844,-11.1543,1.79943,37.009
144,34459.6,191178,25328.7,22978.3,14.9005,47.6285,1.00162e+09,0,1.00162e+09,-120.392,-160.741,5.7134,-9.043,1.29578,35.8088
145,14064.8,215030,12437.7,12013.4,6.7921,52.533,1.00142e+09,0,1.00142e+09,-110.037,-155.516,6.19212,-13.2948,1.76676,37.726
146,22012.8,179609,17679.3,16433.3,10.2483,49.4879,1.00171e+09,0,1.00171e+09,-115.249,-158.321,6.54558,-10.446,1.60114,34.1255
147,33432.9,267708,26751.2,24404.4,16.6028,50.5532,1.00138e+09,0,1.00138e+09,-120.681,-160.529,5.77962,-9.21145,1.12834,36.3506
148,25727.4,133037,18552.1,16656.8,14.2135,51.583,1.00206e+09,0,1.00206e+09,-117.508,-160.476,5.67764,-9.16887,1.01749,33.5815
149,19528.1,160037,15697.3,14279.2,9.97856,43.3717,1.00078e+09,0,1.00078e+09,-113.781,-157.947,7.59197,-9.65654,1.43772,36.2582
150,22842.1,171183,18030.3,17025.9,9.60786,50.8856,1.00134e+09,0,1.00134e+09,-115.393,-158.18,6.09231,-11.0659,1.79024,39.1567
151,29740.8,143978,21046,19044.7,11.3679,40.066,1.00056e+09,0,1.00056e+09,-116.716,-158.595,7.61746,-9.19659,1.62762,35.0246
152,26348,162401,19893.1,17716.8,17.5986,47.8477,1.00117e+09,0,1.00117e+09,-117.821,-160.289,6.32108,-8.75509,0.729533,36.2992
153,21997.1,122329,16178.7,13806.9,15.4332,51.527,1.00127e+09,0,1.00127e+09,-116.017,-160.446,6.39391,-8.32201,0.731828,35.1497
154,21664.6,137608,16476.6,15156,9.4316,41.0343,1.00154e+09,0,1.00154e+09,-113.892,-157.602,7.72703,-9.92029,1.62694,35.3772
155,17910.5,266203,15786.3,15334.2,3.74328,46.862,1.0017e+09,0,1.0017e+09,-111.307,-154.926,6.8394,-13.4927,3.25934,38.4562
156,24370.4,113583,17052.7,15592.1,9.64834,50.318,1.00162e+09,0,1.00162e+09,-115.615,-159.102,6.69901,-9.47154,1.63117,35.9984
157,23023.8,143330,17425.5,16083,14.133,45.9974,1.0012e+09,0,1.0012e+09,-115.198,-158.437,6.84597,-10.0142,0.992595,38.0929
158,29966.1,178629,22437.9,20466.4,12.1658,39.2133,1.00208e+09,0,1.00208e+09,-116.966,-158.271,7.55534,-9.61982,1.58983,36.4928
159,17652.4,182980,14797.4,13788.6,11.0871,47.1001,1.00028e+09,0,1.00028e+09,-111.689,-156.121,7.87788,-11.163,1.21844,35.2585
160,17766.8,245654,15521.6,14886.9,9.93862,49.2008,1.00202e+09,0,1.00202e+09,-113.424,-157.277,5.75692,-12.1992,1.50415,36.725
161,14398.9,173027,12344.4,11791.5,7.90526,57.8644,1.00108e+09,0,1.00108e+09,-112.053,-157.667,5.58057,-11.7313,1.51847,38.0029
162,22521.8,136506,16934,15202.7,15.3968,46.3569,1.00176e+09,0,1.00176e+09,-116.343,-160.03,6.28467,-8.93665,0.80886,36.4694
163,20030.6,192780,16584.3,15585.5,8.95336,51.8118,1.00036e+09,0,1.00036e+09,-115.305,-158.786,5.75054,-10.7363,1.77287,36.7399
164,20187.1,183745,16550.5,15394.1,12.5553,55.6233,1.00102e+09,0,1.00102e+09,-115.869,-159.452,5.48619,-10.3237,1.14348,35.6789
165,19460.1,156410,15582.6,14755.7,11.4913,56.176,1.00112e+09,0,1.00112e+09,-114.723,-158.638,5.52289,-11.065,1.24216,38.3982
166,32052.4,101620,19654,17014,16.2562,45.0752,1.00179e+09,0,1.00179e+09,-117.432,-160.229,6.89647,-8.21249,0.818768,35.6493
167,21309.8,145235,16475.1,15131.3,13.5431,43.8281,1.00076e+09,0,1.00076e+09,-114.164,-157.88,7.16733,-10.2007,1.00115,34.6719
168,21033.7,110356,15228.6,13672,13.7126,39.1563,1.00044e+09,0,1.00044e+09,-114.758,-159.257,7.17139,-8.72531,0.887078,35.4695
169,26673.3,132087,18999.8,17554.1,12.9831,45.122,1.00058e+09,0,1.00058e+09,-116.989,-159.526,6.05543,-9.77828,1.24056,35.8545
170,19503.8,320653,17388.5,16689.4,3.39287,48.9148,1.0002e+09,0,1.0002e+09,-112.739,-155.677,7.20009,-12.4487,3.70815,38.7774
171,35318.6,241149,27316.9,25150.1,10.4262,40.6087,1.00166e+09,0,1.00166e+09,-119.121,-158.72,6.91127,-9.89846,2.39954,36.1634
172,19448.9,144779,15330.2,14390.5,11.3473,41.1274,1.00209e+09,0,1.00209e+09,-113.738,-157.855,6.66167,-10.6848,1.23096,36.6594
173,29944.3,274830,24586.6,22754.8,11.8016,58.5354,1.00119e+09,0,1.00119e+09,-119.479,-159.905,5.25038,-10.3381,1.84665,35.1801
174,16269.3,135443,13117.9,12048.5,12.6479,64.5778,1.00188e+09,0,1.00188e+09,-114.617,-160.078,4.81731,-10.1113,0.88453,35.2132
175,18102.3,201772,15348.3,14479.6,9.30032,53.4669,1.00102e+09,0,1.00102e+09,-113.358,-157.419,6.45019,-11.3394,1.57957,36.3949
176,15961,159693,13302,12610.2,7.54449,48.2753,1.00094e+09,0,1.00094e+09,-111.889,-157.004,6.85729,-11.2022,1.69562,36.8105
177,19331.1,251863,16758.6,15971.1,6.05093,45.6625,1.00104e+09,0,1.00104e+09,-113.707,-157,6.21061,-12.0812,2.56848,33.8216
178,23513.8,252249,19818.9,18720,9.60693,47.3979,1.00129e+09,0,1.00129e+09,-115.008,-157.032,7.06061,-11.3057,1.96868,35.1163
179,22718.6,170726,17943.2,16551.3,12.8431,50.7611,1.00138e+09,0,1.00138e+09,-115.874,-158.887,6.45816,-9.97288,1.18813,37.6168
180,20673.8,363994,18565,17840.7,2.31257,46.6611,1.00135e+09,0,1.00135e+09,-112.226,-154.639,7.70196,-13.0286,4.52127,36.1924
181,16735.3,235298,14651.2,13748.3,8.09651,63.6978,1.00173e+09,0,1.00173e+09,-112.113,-156.579,6.86314,-11.7156,1.72942,32.9737
182,23370.5,219083,19261.2,18138.4,8.83494,38.811,1.00187e+09,0,1.00187e+09,-114.757,-157.041,7.30605,-11.0325,2.08935,37.17
183,21566.1,210012,17891.6,16713.9,10.156,52.7794,1.00095e+09,0,1.00095e+09,-115.111,-158.043,6.50708,-10.7754,1.6476,34.5549
184,26842,130809,19031.5,17522,10.934,48.0284,1.00149e+09,0,1.00149e+09,-115.82,-158.379,7.0102,-9.96861,1.57466,34.2478
185,23803.1,143428,17871.3,16212.4,13.5653,51.0525,1.00114e+09,0,1.00114e+09,-116.278,-159.454,6.34873,-9.50111,1.0695,38.9962
186,21078.6,198780,17390.4,16298.9,8.52586,34.7856,1.00134e+09,0,1.00134e+09,-113.702,-156.837,7.76458,-10.7058,1.94881,34.9276
187,17080.1,167939,14193.1,13335.6,12.5585,59.0522,1.00154e+09,0,1.00154e+09,-114.943,-159.64,5.01106,-10.4748,0.989694,39.151
188,23787.9,190809,19040.4,17841.3,7.64148,30.7207,1.00076e+09,0,1.00076e+09,-113.389,-155.797,8.89521,-10.6773,2.37182,36.7013
189,32559.9,125133,21415.3,18571.5,13.8805,55.6546,1.00167e+09,0,1.00167e+09,-119.493,-161.585,5.53012,-8.27908,1.18003,33.2618
190,25134.8,175895,19548.1,18142.7,11.3517,38.2223,1.00134e+09,0,1.00134e+09,-115.041,-157.319,7.68685,-10.3742,1.55229,37.0365
191,20377.4,251614,17536.9,16717.6,10.7776,51.9983,1.00138e+09,0,1.00138e+09,-114.973,-157.907,5.81846,-11.6001,1.53056,37.6166
192,14786.6,268417,13319.1,12888.1,5.73123,41.1245,1.0012e+09,0,1.0012e+09,-109.861,-154.814,7.17067,-13.1043,2.15369,34.2716
193,14286.9,183266,12359.8,11923.8,6.78781,48.9419,1.00098e+09,0,1.00098e+09,-108.748,-154.28,7.36839,-13.346,1.75526,34.8375
194,27933.4,210395,22072.5,20634.2,7.07666,45.9214,1.00085e+09,0,1.00085e+09,-117.144,-158.372,6.71209,-10.3662,2.93452,34.8367
195,20182.3,183597,16544.8,15398.1,10.991,49.6582,1.00171e+09,0,1.00171e+09,-114.744,-158.331,6.52373,-10.4075,1.37422,34.549
196,22918.5,142746,17348,16015.9,13.488,52.5338,1.0015e+09,0,1.0015e+09,-116.252,-159.527,5.71606,-10.0508,1.06576,35.4994
197,20499.9,171234,16539.7,15453.9,12.9764,62.1593,1.00192e+09,0,1.00192e+09,-116.279,-159.838,4.87338,-10.5532,1.09154,35.9218
198,29074,158786,21280.8,19117.1,15.6492,38.5101,1.001e+09,0,1.001e+09,-118.35,-160.203,6.51523,-8.69296,0.988313,37.8736
199,27663.1,202050,21716.6,20012.7,7.81929,47.6675,1.00048e+09,0,1.00048e+09,-116.615,-158.09,7.18551,-10.1598,2.60531,33.8785
200,25298.9,217660,20527.1,19074.5,11.5257,51.0374,1.00054e+09,0,1.00054e+09,-116.56,-158.427,6.5388,-10.4442,1.60018,36.9429
201,22887.9,231011,19102.7,18007.7,8.18037,46.1092,1.00052e+09,0,1.00052e+09,-115.105,-157.437,6.85293,-11.0863,2.24539,36.3684
202,23701.8,248168,19900.5,18830.8,7.45575,44.5747,1.00055e+09,0,1.00055e+09,-116.218,-158.189,6.28369,-10.9296,2.56007,39.0787
203,23900.8,222664,19676.6,18322.2,12.7038,63.421,1.00143e+09,0,1.00143e+09,-117.267,-159.466,5.30165,-10.6183,1.33689,37.0631
204,19513.7,285080,17163.9,16406,7.14052,55.3382,1.00148e+09,0,1.00148e+09,-114.263,-157.347,5.96252,-12.002,2.31398,35.789
205,26766.1,239456,21875.6,20356.1,11.2926,36.5768,1.00146e+09,0,1.00146e+09,-115.219,-156.563,8.53405,-10.3466,1.75363,37.4798
206,18720.2,148159,14943.8,13931.5,8.40707,43.8839,1.00062e+09,0,1.00062e+09,-112.214,-156.57,7.61451,-10.9878,1.69069,34.1447
207,27595,162225,20590.1,17879.3,17.2955,46.9999,1.00149e+09,0,1.00149e+09,-118.395,-160.792,6.02648,-8.55273,0.762444,34.3237
208,20298.7,238985,17351.2,16458.9,7.29915,47.1624,1.00063e+09,0,1.00063e+09,-112.665,-155.717,7.76891,-11.8295,2.27972,37.1113
209,17616.5,120162,13622.3,12715.9,13.3654,57.6844,1.00123e+09,0,1.00123e+09,-114.176,-159.23,5.23187,-10.6112,0.858659,37.404
210,20565.8,132149,15684.1,14158.4,15.4996,41.4958,1.0003e+09,0,1.0003e+09,-114.276,-158.504,7.24193,-9.44193,0.745384,37.2143
211,22592.2,149731,17355,16068.1,8.47692,43.5706,1.00037e+09,0,1.00037e+09,-115.309,-158.55,6.75472,-9.99266,1.9343,36.2213
212,18502.7,147730,14796.4,13875.1,10.0312,43.4799,1.00101e+09,0,1.00101e+09,-112.784,-157.174,7.01163,-10.982,1.38803,37.7555
213,19565.4,254938,16961.9,16245.4,7.87409,63.6327,1.00184e+09,0,1.00184e+09,-114.859,-158.024,4.92049,-12.3603,2.09825,37.3117
214,19379.1,131398,14964.9,13553.7,13.5947,48.5759,1.00155e+09,0,1.00155e+09,-114.977,-159.55,6.31921,-9.27357,0.890663,35.4452
215,19409.7,251967,16818.5,15938.7,8.73444,49.7655,1.00092e+09,0,1.00092e+09,-114.46,-157.768,6.18789,-11.3344,1.85982,36.7523
216,30606.7,127174,20661.5,18713.5,13.1712,42.4894,9.9985e+08,0,9.9985e+08,-117.761,-159.777,6.51555,-9.10709,1.29456,34.6762
217,38275.8,229571,28704.2,26159.5,9.57075,37.4325,1.00073e+09,0,1.00073e+09,-118.4,-157.663,8.1046,-9.77538,2.76441,34.6136
218,22097.8,168450,17505,15955.7,12.5012,47.5276,1.00172e+09,0,1.00172e+09,-115.403,-158.71,6.94235,-9.6384,1.19194,34.3454
219,20639.4,160737,16422.1,15117.8,12.4632,53.375,1.00082e+09,0,1.00082e+09,-115.22,-158.943,6.25596,-10.0481,1.13541,36.2921
220,30090.4,244296,24142.9,22634.6,6.36206,50.1038,1.00111e+09,0,1.00111e+09,-116.959,-157.428,7.04752,-11.0155,3.5062,35.5971
221,23618.5,215899,19378.6,17998.7,11.0151,49.1383,1.00204e+09,0,1.00204e+09,-116.42,-158.768,6.39189,-10.2146,1.60123,36.1066
222,20226,143875,15787.3,14389.5,8.58123,46.1384,1.00152e+09,0,1.00152e+09,-112.757,-156.87,7.86898,-10.4637,1.70889,36.5551
223,30576,236532,24294.9,22566,11.668,55.0989,1.00104e+09,0,1.00104e+09,-118.124,-158.618,6.07578,-10.7966,1.86067,34.5339
224,28265,199021,22012.5,20386.6,11.3146,46.4502,1.00039e+09,0,1.00039e+09,-116.509,-157.832,7.20446,-10.4083,1.75359,36.7337
225,20095.2,154407,15944.9,14694.7,15.8146,58.5886,1.00057e+09,0,1.00057e+09,-117.188,-161.131,4.45351,-9.63782,0.745468,37.2842
226,18942.3,146187,15043.7,13839.2,10.0283,56.1458,1.00183e+09,0,1.00183e+09,-114.458,-158.874,5.89739,-10.3931,1.38377,33.6459
227,19297.5,223469,16455.5,15746.4,7.48243,49.2663,1.00112e+09,0,1.00112e+09,-111.62,-155.026,7.63975,-12.6151,2.13272,37.226
228,23039.5,169584,18116.8,16966.1,13.0916,59.1584,1.00163e+09,0,1.00163e+09,-116.735,-159.553,4.91567,-10.8669,1.18258,36.7927
229,16866,199461,14426.3,13925.3,0.419809,33.7434,1.00097e+09,0,1.00097e+09,-108.556,-152.918,9.06987,-13.1837,4.46763,35.5828
230,18975.8,124116,14532.2,13311.1,11.0653,42.4726,1.00088e+09,0,1.00088e+09,-113.391,-158.097,7.13581,-9.89169,1.17857,36.358
231,17900.1,242404,15596.6,14974.7,8.08591,43.9726,1.00076e+09,0,1.00076e+09,-112.087,-155.884,7.02741,-12.3277,1.8879,35.4962
232,16344.9,226760,14285.5,13668,5.46846,45.9353,1.00045e+09,0,1.00045e+09,-111.018,-155.519,7.53635,-12.0977,2.35935,35.5065
233,25894.3,311013,22198,21096.3,7.54215,52.1559,1.00056e+09,0,1.00056e+09,-116.676,-157.721,6.06552,-11.6752,2.83859,36.08
234,21765.9,126398,16190,15005.6,11.5458,53.0521,1.00194e+09,0,1.00194e+09,-115.327,-159.118,5.88936,-10.233,1.2541,36.6137
235,33628.3,91826,19411,17228,16.9665,46.1343,1.00118e+09,0,1.00118e+09,-118.296,-160.988,6.19002,-8.16839,0.763615,38.5037
236,28351.5,204777,22203.4,19992.9,12.7822,54.0415,1.00122e+09,0,1.00122e+09,-118.572,-160.061,5.97288,-9.40038,1.44571,35.1001
237,24373,242191,20289.3,18931.5,11.3383,71.4671,1.00115e+09,0,1.00115e+09,-118.553,-160.486,3.85498,-11.0643,1.62264,36.3534
238,16992.9,318284,15353.5,14989.7,2.38585,53.9338,1.00102e+09,0,1.00102e+09,-109.475,-153.266,6.87106,-15.1026,3.76578,36.6552
239,27399.7,250002,22473.6,21332.8,8.88462,47.735,1.00114e+09,0,1.00114e+09,-116.627,-157.585,6.31064,-11.5706,2.44464,34.9815
240,34522.5,192433,25406.6,23298.1,14.6732,46.2601,1.00085e+09,0,1.00085e+09,-119.593,-159.821,5.99249,-9.6891,1.35025,36.0792
241,36745.6,143212,24284,21458.5,15.6563,47.8607,1.00108e+09,0,1.00108e+09,-119.091,-160,6.88438,-8.58453,1.10835,36.681
242,22513.8,166552,17722.5,16324.4,13.417,56.0991,1.00143e+09,0,1.00143e+09,-116.229,-159.352,5.9108,-10.0454,1.09545,34.4145
243,26621.1,267223,22198.2,20832.3,10.1932,46.951,1.00165e+09,0,1.00165e+09,-115.887,-157.044,7.28749,-11.1236,2.04314,36.7921
244,21350.9,145285,16500.9,14879.9,14.6597,52.1431,1.00136e+09,0,1.00136e+09,-116.882,-160.734,5.48127,-9.01823,0.863293,34.5036
245,31246.2,224028,24431.1,22675.4,12.9827,52.8074,1.00157e+09,0,1.00157e+09,-119.581,-160.039,5.67148,-9.78106,1.60099,36.5458
246,16760.7,256683,14824.7,14034.3,11.031,59.1397,1.00118e+09,0,1.00118e+09,-114.337,-158.64,5.09553,-11.4428,1.24728,39.4791
247,25332.2,199395,20199.7,18677,10.7273,55.1167,1.00178e+09,0,1.00178e+09,-117.986,-160.033,5.38877,-9.97537,1.71946,35.9942
248,23587.5,97203.2,15880.4,14005.1,14.9857,48.9007,1.00116e+09,0,1.00116e+09,-116.229,-160.548,6.14244,-8.48622,0.782288,34.9021
249,23363.2,125682,17031.3,15513.9,9.76933,38.4522,1.00082e+09,0,1.00082e+09,-115.069,-158.59,7.43386,-9.24546,1.60116,35.9966
250,28229.3,244802,22938.9,21411.8,9.66474,61.2155,1.00092e+09,0,1.00092e+09,-118.705,-159.63,5.09644,-10.7412,2.23721,36.1301
251,22156.2,175571,17691.1,16469,11.2216,53.7508,1.00094e+09,0,1.00094e+09,-116.033,-159.083,5.71736,-10.515,1.43144,36.5379
252,30556.1,119236,20201.9,17363.6,14.2605,46.5584,1.00149e+09,0,1.00149e+09,-118.83,-161.462,6.01235,-7.87765,1.05545,34.7926
253,29269,195018,22511.7,20711.7,10.596,54.5362,1.00063e+09,0,1.00063e+09,-118.584,-159.78,5.4582,-10.2146,1.93879,35.3069
254,22829.6,141272,17253.3,15950.2,8.1963,53.3295,1.00096e+09,0,1.00096e+09,-114.92,-158.223,6.93967,-10.128,1.98421,35.3123
255,22579.4,175212,17952.4,16432.9,12.5203,45.9942,1.00106e+09,0,1.00106e+09,-115.662,-158.729,6.88972,-9.69435,1.22564,36.1823
256,22163.7,132989,16623,14939.1,13.1979,40.6062,1.00073e+09,0,1.00073e+09,-114.291,-158.106,7.65721,-9.47358,1.02931,35.5327
257,27718.6,183483,21287,19815,9.95344,59.5939,1.00085e+09,0,1.00085e+09,-117.627,-159.186,5.86208,-10.3823,2.0009,35.16
258,25546.2,184102,19996.7,18536.9,12.5892,53.0409,1.00055e+09,0,1.00055e+09,-118.085,-160.183,5.33841,-9.87172,1.37211,37.6539
259,20667.1,185019,16893.1,15484.1,13.1749,55.3042,1.00074e+09,0,1.00074e+09,-116.339,-159.874,5.81567,-9.57801,1.06974,37.2799
260,18332.5,220046,15714.1,14919.5,9.19724,55.8014,1.00079e+09,0,1.00079e+09,-114.425,-158.251,5.51264,-11.472,1.64796,36.5165
261,27004.6,98032,17411.8,14620.6,15.3683,32.2031,1.00131e+09,0,1.00131e+09,-114.794,-158.781,8.49941,-7.93646,0.780828,33.3256
262,20932.2,219203,17575.6,16611.8,9.54361,54.2543,1.00106e+09,0,1.00106e+09,-114.719,-157.7,6.28646,-11.3345,1.76054,37.2816
263,30010.9,128703,20466.3,18050.5,16.5733,56.8071,1.00069e+09,0,1.00069e+09,-118.659,-160.973,5.40167,-9.00273,0.838013,38.0563
264,18627.6,111878,13974.2,12841.7,11.0593,47.0616,1.00164e+09,0,1.00164e+09,-113.591,-158.574,6.88151,-9.62826,1.13695,38.4
265,29833.7,94615.6,18295.8,15974.4,14.2653,52.4571,1.00068e+09,0,1.00068e+09,-117.661,-160.95,6.14475,-8.1972,0.971243,35.9021
266,19033.5,164726,15460.7,14413,13.8013,55.0262,1.00108e+09,0,1.00108e+09,-114.992,-159.089,5.82656,-10.2884,0.924896,37.5363
267,20611.4,234146,17525.9,16746.9,5.29637,40.5322,1.00141e+09,0,1.00141e+09,-111.843,-154.763,8.17984,-12.3839,2.94873,37.0455
268,24339.2,141236,18100.6,16717.3,11.5495,32.6632,1.00085e+09,0,1.00085e+09,-114.492,-157.422,8.00927,-9.89488,1.39806,36.6142
269,25293.8,197510,20136.4,18730.8,10.6319,49.2113,1.00066e+09,0,1.00066e+09,-117.569,-159.584,5.66494,-10.151,1.7459,36.4767
270,14534.3,195924,12656.5,12116,6.99719,42.4947,1.00145e+09,0,1.00145e+09,-109.565,-154.982,7.86425,-12.1681,1.73854,35.3857
271,17705.3,177927,14766.5,13746.8,11.2415,48.9555,1.00135e+09,0,1.00135e+09,-113.409,-157.873,6.43011,-10.855,1.19154,33.5536
272,18785.4,126618,14486.8,13363.9,10.7834,50.8903,1.00119e+09,0,1.00119e+09,-114.038,-158.716,6.06374,-10.349,1.22291,33.8162
273,20554.5,146020,16039,14661.5,12.046,45.3994,1.00151e+09,0,1.00151e+09,-114.315,-158.283,7.00469,-9.93203,1.15573,34.7454
274,29984.1,172728,22256.9,20452.7,14.4078,47.8629,1.00099e+09,0,1.00099e+09,-118.714,-160.016,5.76307,-9.66751,1.22256,37.987
275,24540.4,208256,19859.9,18614.4,8.18047,42.602,1.00123e+09,0,1.00123e+09,-115.105,-157.175,7.63483,-10.5853,2.31938,35.3516
276,28980.5,171236,21651.7,19824.2,15.5216,59.8125,1.00146e+09,0,1.00146e+09,-119.75,-161.31,4.48139,-9.63842,1.03978,35.4814
277,16817.6,210767,14503.1,13910.3,3.09622,45.9148,1.001e+09,0,1.001e+09,-110.372,-154.742,7.70719,-12.7208,3.20248,34.0909
278,18863.7,235913,16262.9,15618.1,7.00331,45.6831,9.99884e+08,0,9.99884e+08,-111.311,-154.771,7.64968,-12.8542,2.24292,36.2747
279,17169.1,129134,13562.7,12570.9,12.2883,50.3015,1.00169e+09,0,1.00169e+09,-113.395,-158.539,6.2645,-10.2553,0.962918,36.1781
280,27102.5,252162,22307.3,20763.6,7.79534,39.993,1.00161e+09,0,1.00161e+09,-116.197,-157.38,7.66844,-10.4049,2.70776,36.3868
281,29732,149053,21253.1,19465.3,16.7756,63.1137,1.0007e+09,0,1.0007e+09,-119.881,-161.584,4.35726,-9.47961,0.88263,36.7497
282,30144.9,160299,21905.9,19651.9,15.0545,58.1768,1.00036e+09,0,1.00036e+09,-120.755,-162.378,4.386,-8.66271,1.08978,35.7981
283,13461.6,189585,11787.6,11120.1,8.22424,61.412,1.00114e+09,0,1.00114e+09,-110.964,-157.006,6.14833,-11.7432,1.3785,32.1685
284,22123.7,238915,18666.6,17708.6,5.94903,48.7861,1.0014e+09,0,1.0014e+09,-114.048,-156.521,7.07245,-11.7712,2.88202,36.578
285,23508.4,234040,19575.8,18316.9,11.8295,49.0619,1.00202e+09,0,1.00202e+09,-115.502,-157.709,7.15857,-10.5183,1.48038,38.9192
286,27384.8,180702,21015.2,18905,11.1413,39.5078,1.00112e+09,0,1.00112e+09,-116.385,-158.329,7.77274,-9.30323,1.65851,34.665
287,28344.1,141115,20221,18778.8,11.2588,48.8412,1.00118e+09,0,1.00118e+09,-116.438,-158.436,6.39719,-10.5672,1.62466,34.3631
288,35418.5,112697,21748.3,19780.6,11.2084,47.1084,1.00152e+09,0,1.00152e+09,-117.818,-159.397,6.89434,-9.13725,1.72095,33.5771
289,23328.3,135992,17369.2,16153.3,11.2635,56.3446,1.00131e+09,0,1.00131e+09,-116.931,-160.137,4.94635,-10.2175,1.39657,34.2785
290,24426.7,192471,19481.8,17617.7,12.4298,48.2309,1.00133e+09,0,1.00133e+09,-115.914,-158.428,7.23883,-9.69425,1.32768,35.2388
291,25581.2,157103,19297,17430.1,14.1784,43.8167,1.00085e+09,0,1.00085e+09,-116.321,-158.917,7.15469,-9.28299,1.07041,37.2701
292,19960.2,170931,16181.2,14915.4,13.2868,63.7578,1.0005e+09,0,1.0005e+09,-115.922,-159.748,5.17971,-10.3077,1.01725,36.2952
293,24912.6,111499,17218.3,15540.2,14.128,52.7421,1.00169e+09,0,1.00169e+09,-117.592,-161.106,5.20775,-8.9561,0.959186,32.9187
294,19117.6,123299,14592.5,13218.3,13.4758,50.3332,1.00126e+09,0,1.00126e+09,-114.872,-159.633,6.33992,-9.14326,0.881074,36.9039
295,20527.8,181945,16748.5,15486,14.3209,56.046,1.00029e+09,0,1.00029e+09,-116.985,-160.516,4.78513,-9.96714,0.935793,35.4388
296,26987.5,133746,19227.8,17857.8,10.585,39.2828,1.00026e+09,0,1.00026e+09,-115.344,-157.741,7.67734,-9.95301,1.67444,38.1451
297,24183.4,179859,19058.4,17834.9,11.8339,42.408,1.00137e+09,0,1.00137e+09,-115.196,-157.613,7.24562,-10.5112,1.44163,37.5017
298,20653.3,163898,16495.9,15421.8,13.8383,53.7936,1.00131e+09,0,1.00131e+09,-115.449,-159.02,5.70281,-10.5408,0.985115,36.1626
299,20297.3,146091,15883.6,14827.1,9.62611,64.5966,1.00108e+09,0,1.00108e+09,-115.567,-159.444,5.08604,-10.7005,1.55607,37.284
