t_s,v_port1_env_V
4.995000000000000722e-08,4.318674709681169510e-01
1.499500000000000159e-07,1.235121644275016198e-03
2.499500000000000379e-07,1.976856806325021435e-03
3.499500000000000333e-07,2.003854059900042617e-03
4.499500000000000288e-07,2.799717292124586851e-03
5.499500000000000243e-07,3.181622220774965419e-03
6.499500000000000198e-07,4.346350272450019703e-03
7.499500000000001211e-07,5.610211750675019038e-03
8.499500000000000107e-07,6.502898146600073238e-03
9.499500000000000062e-07,8.357301416449941511e-03
1.049950000000000002e-06,1.008363361924964965e-02
1.149950000000000315e-06,1.343922505125003976e-02
1.249950000000000204e-06,1.689053410474984987e-02
1.349949999999999882e-06,2.098437984400164380e-02
1.449950000000000195e-06,2.679855282975057706e-02
1.549950000000000085e-06,3.285683388226066926e-02
1.649949999999999975e-06,4.049591706099966298e-02
1.749950000000000076e-06,5.153222032924859725e-02
1.849949999999999965e-06,6.598325590000012064e-02
1.949949999999999855e-06,8.415989052925093583e-02
2.049950000000000168e-06,1.051028018024867533e-01
2.149950000000000481e-06,1.309744097050399014e-01
2.249949999999999524e-06,1.612237078575727289e-01
2.349949999999999837e-06,2.014676098849307595e-01
2.449950000000000150e-06,2.590206824699493593e-01
2.549950000000000040e-06,3.286713313249874924e-01
2.649949999999999929e-06,4.139313241874676974e-01
2.749950000000000242e-06,5.147161716876236248e-01
2.849950000000000555e-06,6.321576720877470912e-01
2.949950000000000022e-06,7.660051687121902653e-01
3.049949999999999911e-06,9.723322762797635965e-01
3.149950000000000224e-06,1.207191044874917241e+00
3.249950000000000114e-06,1.436085266074941691e+00
3.349950000000000003e-06,1.589506275975362426e+00
3.449950000000000317e-06,1.616228046749464298e+00
3.549950000000000206e-06,1.684957282000139944e+00
3.649950000000000096e-06,1.720219417010027785e+00
3.749949999999999985e-06,1.727213030004914884e+00
3.849950000000000298e-06,1.731669224469999158e+00
3.949950000000001035e-06,1.733116178798727480e+00
4.049950000000000078e-06,1.736662998564082461e+00
4.149950000000000814e-06,1.738975950239603385e+00
4.249950000000000704e-06,1.736987860884991575e+00
4.349949999999999746e-06,1.729152178460122702e+00
4.449950000000000483e-06,1.707768573639663057e+00
4.549950000000000373e-06,1.699286056357124597e+00
4.649950000000000262e-06,1.732479880407358230e+00
4.749950000000000999e-06,1.737446910600057404e+00
4.849950000000000041e-06,1.733083320739880362e+00
4.949950000000000778e-06,1.700349626250700075e+00
5.049949999999999821e-06,1.723217425067340658e+00
5.149950000000000557e-06,1.735073708009781335e+00
5.249950000000000447e-06,1.732777719499580371e+00
5.349950000000000336e-06,1.707312848674731764e+00
5.449950000000000226e-06,1.718608682251843156e+00
5.549950000000001810e-06,1.731279640399713715e+00
5.649950000000000852e-06,1.728718952999883207e+00
5.749949999999999895e-06,1.697029517304370794e+00
5.849949999999999784e-06,1.719443882664874579e+00
5.949950000000000521e-06,1.727364926540251089e+00
6.049950000000000411e-06,1.719191917809850922e+00
6.149950000000000300e-06,1.697067366711445979e+00
6.249950000000001037e-06,1.723113857318570696e+00
6.349950000000000079e-06,1.723383071509674513e+00
6.449949999999999969e-06,1.694830079258424771e+00
6.549950000000000706e-06,1.713119465240172667e+00
6.649949999999999748e-06,1.719786213229716365e+00
6.749950000000000485e-06,1.709203461639937638e+00
6.849950000000000374e-06,1.695691666841660394e+00
6.949950000000000264e-06,1.716078607039930759e+00
7.049950000000001001e-06,1.715404736039603639e+00
7.149950000000000043e-06,1.683728259609843736e+00
7.249949999999999933e-06,1.707096263596062480e+00
7.349949999999999822e-06,1.712746897450027950e+00
7.449950000000000559e-06,1.702216038624588368e+00
7.549950000000000449e-06,1.690473889186311585e+00
7.649949999999999491e-06,1.708039666094641973e+00
7.749950000000000228e-06,1.706733917449980487e+00
7.849949999999999270e-06,1.673666963008146213e+00
7.949949999999998313e-06,1.702916448879909561e+00
8.049950000000000744e-06,1.705430466318801352e+00
8.149949999999999786e-06,1.690038292629241212e+00
8.249950000000000523e-06,1.689221689227090373e+00
8.349950000000001260e-06,1.702918967000005557e+00
8.449950000000001996e-06,1.700954471049645145e+00
8.549950000000001039e-06,1.671785826006186415e+00
8.649950000000000081e-06,1.690384865874815956e+00
8.749949999999999124e-06,1.700528818099703798e+00
8.849950000000001555e-06,1.696358441634189029e+00
8.949950000000002291e-06,1.657249947020754677e+00
9.049950000000001334e-06,1.695859166254610306e+00
9.149950000000000376e-06,1.698095207900679693e+00
9.249949999999999419e-06,1.684804738720725448e+00
9.349950000000000155e-06,1.682276953131073061e+00
9.449950000000002586e-06,1.695445335719778290e+00
9.549950000000001629e-06,1.688153942239399852e+00
9.649950000000000671e-06,1.679760791614222981e+00
9.749949999999999714e-06,1.693291281850119567e+00
9.849950000000000450e-06,1.686474483230200549e+00
9.949949999999999493e-06,1.667548770482410347e+00
1.004995000000000192e-05,1.691031019200284424e+00
1.014994999999999927e-05,1.690067785999112893e+00
1.024995000000000001e-05,1.657206116600102863e+00
1.034995000000000075e-05,1.686208499699991314e+00
1.044995000000000148e-05,1.689243572500165325e+00
1.054995000000000052e-05,1.671871827499012753e+00
1.064994999999999957e-05,1.674432316599772763e+00
1.074995000000000200e-05,1.686024285249748678e+00
1.084995000000000104e-05,1.684790255398570524e+00
1.094995000000000008e-05,1.649203251600720233e+00
1.104994999999999913e-05,1.679594113905751751e+00
1.114994999999999817e-05,1.685102886500136288e+00
1.124995000000000060e-05,1.678141838799663166e+00
1.134995000000000134e-05,1.643720925869974314e+00
1.144995000000000038e-05,1.679879402550002121e+00
1.154994999999999942e-05,1.683492311001011821e+00
1.164995000000000016e-05,1.674514316149543491e+00
1.174995000000000089e-05,1.639821202598892524e+00
1.184995000000000163e-05,1.670733227658931286e+00
1.194995000000000067e-05,1.679747038500100764e+00
1.204994999999999972e-05,1.679222916100181040e+00
1.214995000000000045e-05,1.651826472597781814e+00
1.224995000000000288e-05,1.658669744706727567e+00
1.234995000000000023e-05,1.678472296150041787e+00
1.244995000000000097e-05,1.679091973650700398e+00
1.254995000000000001e-05,1.666765376397804532e+00
1.264995000000000075e-05,1.635904874734452230e+00
1.274994999999999979e-05,1.672931186800408643e+00
1.284995000000000053e-05,1.678376735899112182e+00
1.294994999999999957e-05,1.671904457499968855e+00
1.304995000000000031e-05,1.639142981565649748e+00
1.314995000000000104e-05,1.673340673700015824e+00
1.324995000000000008e-05,1.676659512700066745e+00
1.334994999999999913e-05,1.659755108399946444e+00
1.344994999999999986e-05,1.654130124121753642e+00
1.354995000000000229e-05,1.675540440750038051e+00
1.364995000000000134e-05,1.674482615800106711e+00
1.374995000000000038e-05,1.650337440647205778e+00
1.384994999999999942e-05,1.662321770525817310e+00
1.394995000000000016e-05,1.673706475350361211e+00
1.404995000000000259e-05,1.670918158998727643e+00
1.414995000000000163e-05,1.636469652499090710e+00
1.424995000000000067e-05,1.668931916609553756e+00
1.434994999999999972e-05,1.672623063750223293e+00
1.444994999999999876e-05,1.662644428499269189e+00
1.454994999999999950e-05,1.641052217675717628e+00
1.464994999999999854e-05,1.669740590749916764e+00
1.474995000000000097e-05,1.670703822000095373e+00
1.484995000000000001e-05,1.654019130600425269e+00
1.494995000000000075e-05,1.652396998934624772e+00
1.504995000000000149e-05,1.669464889999957569e+00
1.514994999999999883e-05,1.669942221600049903e+00
1.524994999999999957e-05,1.639609021798415167e+00
1.534995000000000031e-05,1.661902518532826001e+00
1.544994999999999935e-05,1.669958396901391362e+00
1.554995000000000178e-05,1.665674458498685562e+00
1.564995000000000421e-05,1.629660637198922624e+00
1.574994999999999987e-05,1.664398180350244116e+00
1.584995000000000230e-05,1.669358212800179597e+00
1.594995000000000473e-05,1.661808347998500635e+00
1.604995000000000038e-05,1.628093916683031495e+00
1.614994999999999942e-05,1.665759285199998496e+00
1.624995000000000185e-05,1.668481404751018804e+00
1.634995000000000090e-05,1.657584112200393811e+00
1.644994999999999994e-05,1.635926579769364064e+00
1.654995000000000237e-05,1.666373840000000106e+00
1.664995000000000480e-05,1.667425400899442689e+00
1.674995000000000384e-05,1.655049520999933854e+00
1.684995000000000289e-05,1.637591325891129213e+00
1.694995000000000193e-05,1.663492063600083615e+00
1.704994999999999758e-05,1.666612269999999896e+00
1.714994999999999663e-05,1.652815577898750554e+00
1.724994999999999906e-05,1.636446765557635796e+00
1.734995000000000149e-05,1.662821840199921297e+00
1.744994999999999714e-05,1.665861651898496332e+00
1.754995000000000296e-05,1.652445446799727158e+00
1.764995000000000200e-05,1.635320917543400920e+00
1.774995000000000105e-05,1.662134514499963966e+00
1.784995000000000348e-05,1.665247229748489932e+00
1.794995000000000252e-05,1.652250734999521908e+00
1.804995000000000156e-05,1.633320330577178403e+00
1.814995000000000060e-05,1.661467208500379877e+00
1.824994999999999965e-05,1.664735893850562976e+00
1.834994999999999869e-05,1.652232037397561415e+00
1.844995000000000112e-05,1.631280656859064315e+00
1.854995000000000355e-05,1.660832672600598636e+00
1.864995000000000259e-05,1.664258482550527551e+00
1.874995000000000164e-05,1.652371455998904226e+00
1.884995000000000068e-05,1.628641346803448631e+00
1.894994999999999972e-05,1.660220245000175288e+00
1.904994999999999876e-05,1.663704518701627499e+00
1.914995000000000119e-05,1.652760576448488061e+00
1.924995000000000024e-05,1.625818408571810370e+00
1.934994999999999928e-05,1.659705052249989432e+00
1.944995000000000171e-05,1.663240932898474744e+00
1.954995000000000414e-05,1.653294281799637888e+00
1.964994999999999980e-05,1.622484653597718207e+00
1.974995000000000223e-05,1.659260024850016224e+00
1.984995000000000127e-05,1.662876900050501705e+00
1.994995000000000031e-05,1.653971343200795863e+00
2.004994999999999935e-05,1.620035424701373739e+00
2.014994999999999840e-05,1.658743545750063442e+00
2.024995000000000083e-05,1.663372237449012969e+00
2.034994999999999987e-05,1.654866337998055936e+00
2.044995000000000230e-05,1.620143167398648165e+00
2.054995000000000134e-05,1.657188054200422478e+00
2.064995000000000039e-05,1.663026908349001687e+00
2.074995000000000282e-05,1.655452511699019302e+00
2.084995000000000186e-05,1.622034852197618671e+00
2.094995000000000090e-05,1.656435368735797997e+00
2.104994999999999656e-05,1.662717364999034553e+00
2.114995000000000237e-05,1.656317561600746835e+00
2.124995000000000481e-05,1.623316025998872814e+00
2.134995000000000046e-05,1.655030901108848873e+00
2.144995000000000289e-05,1.662353561000067481e+00
2.154994999999999854e-05,1.657329471999875459e+00
2.164995000000000098e-05,1.625411887500447072e+00
2.174995000000000341e-05,1.652654594016492950e+00
2.184994999999999906e-05,1.662086227202296485e+00
2.194995000000000149e-05,1.658360504798477075e+00
2.204994999999999715e-05,1.627594778548348220e+00
2.214995000000000296e-05,1.651734739199782975e+00
2.224994999999999862e-05,1.661867070798842105e+00
2.234995000000000105e-05,1.658440891198086131e+00
2.244995000000000009e-05,1.629380773149545769e+00
2.254994999999999913e-05,1.651006536499711519e+00
2.264995000000000157e-05,1.661656125798953276e+00
2.274995000000000061e-05,1.658888118749624052e+00
2.284994999999999965e-05,1.629381794897700519e+00
2.294995000000000208e-05,1.651979781101248657e+00
2.304995000000000112e-05,1.661267092997994688e+00
2.314995000000000355e-05,1.658287867848272423e+00
2.324995000000000260e-05,1.623376159193760548e+00
2.334995000000000164e-05,1.655048821361544631e+00
2.344995000000000068e-05,1.661235431697880793e+00
2.354994999999999972e-05,1.656774969052596358e+00
2.364995000000000216e-05,1.620109480045896166e+00
2.374995000000000120e-05,1.655601942299944396e+00
2.384994999999999685e-05,1.661069834599161910e+00
2.394995000000000606e-05,1.652958623997592191e+00
2.404995000000000171e-05,1.618038059999999945e+00
2.414995000000000076e-05,1.656397886800131891e+00
2.424995000000000319e-05,1.661055390000000020e+00
2.434995000000000223e-05,1.651717210399737734e+00
2.444995000000000127e-05,1.621412969764080003e+00
2.454995000000000031e-05,1.656613629350007555e+00
2.464994999999999936e-05,1.660610755999114563e+00
2.474994999999999840e-05,1.651331866399868842e+00
2.484995000000000422e-05,1.625674578002690662e+00
2.494994999999999987e-05,1.656969801758912508e+00
2.504995000000000230e-05,1.660597340049018600e+00
2.514995000000000473e-05,1.648939254397551846e+00
2.524995000000000039e-05,1.629873328441271418e+00
2.534994999999999943e-05,1.656869789200785981e+00
2.544995000000000186e-05,1.660079383998481095e+00
2.554995000000000090e-05,1.645862449997639532e+00
2.564994999999999656e-05,1.631790860743627558e+00
2.574994999999999899e-05,1.657494740901567898e+00
2.584995000000000481e-05,1.660528321948901986e+00
2.594995000000000046e-05,1.644811605601386395e+00
2.604995000000000289e-05,1.635234111403387036e+00
2.614995000000000194e-05,1.658347529199557302e+00
2.624995000000000098e-05,1.660273786801066409e+00
2.634994999999999663e-05,1.642819997747676286e+00
2.644994999999999906e-05,1.637561217042094786e+00
2.654995000000000149e-05,1.657781832100680752e+00
2.664994999999999715e-05,1.660271270600955917e+00
2.674995000000000297e-05,1.639460434501013308e+00
2.684995000000000201e-05,1.640427068831468604e+00
2.694995000000000105e-05,1.659965807351426736e+00
2.704995000000000348e-05,1.659789802001295334e+00
2.714995000000000253e-05,1.638857675847817497e+00
2.724995000000000157e-05,1.643403858839242559e+00
2.734995000000000061e-05,1.658970730000445926e+00
2.744994999999999965e-05,1.659627779996955654e+00
2.754994999999999870e-05,1.633895155996500703e+00
2.764995000000000113e-05,1.645153632064862759e+00
2.774995000000000356e-05,1.659576820000000064e+00
2.784995000000000260e-05,1.658834355300029095e+00
2.794995000000000164e-05,1.629103637599935483e+00
2.804995000000000069e-05,1.648892563752524909e+00
2.814994999999999973e-05,1.659476734750580551e+00
2.824995000000000216e-05,1.657081225449451134e+00
2.834994999999999781e-05,1.624301560399129984e+00
2.844995000000000024e-05,1.652517311304571468e+00
2.854994999999999590e-05,1.659374568101158465e+00
2.864995000000000172e-05,1.654470722699449503e+00
2.874995000000000415e-05,1.619434626002063338e+00
2.884994999999999980e-05,1.654482938500310363e+00
2.894995000000000223e-05,1.659299897900045062e+00
2.904995000000000128e-05,1.652589070000000104e+00
2.914995000000000032e-05,1.620393122099431427e+00
2.924994999999999936e-05,1.657476744749933895e+00
2.934995000000000518e-05,1.659328695301337309e+00
2.944994999999999745e-05,1.643988901498108168e+00
2.954995000000000326e-05,1.640222983252802358e+00
2.964995000000000231e-05,1.659453171800156612e+00
2.974995000000000135e-05,1.658545496900778460e+00
2.984995000000000039e-05,1.626056204399730643e+00
2.994995000000000282e-05,1.654798923599842375e+00
3.004995000000000187e-05,1.658909873200063112e+00
3.014995000000000091e-05,1.648308182398529276e+00
3.024995000000000334e-05,1.634774931817287058e+00
3.034994999999999899e-05,1.657372937249681044e+00
3.044995000000000481e-05,1.658522239999999925e+00
3.054995000000000047e-05,1.633909416649455659e+00
3.064994999999999612e-05,1.651610139282935430e+00
3.074994999999999855e-05,1.658539507600807150e+00
3.084995000000000098e-05,1.652278178200363268e+00
3.094995000000000341e-05,1.627147948193898630e+00
3.104994999999999907e-05,1.657468079299193597e+00
3.114995000000000150e-05,1.658415967100403288e+00
3.124994999999999715e-05,1.639744235495995239e+00
3.134994999999999281e-05,1.645769443755833450e+00
3.144995000000000201e-05,1.658358871351192976e+00
3.154995000000000444e-05,1.656332625752279020e+00
3.164994999999999332e-05,1.617231212490532588e+00
3.174994999999999575e-05,1.656354899450533269e+00
3.184995000000000496e-05,1.658222185596792464e+00
3.194995000000000062e-05,1.643839151744771909e+00
