offset_Hz,L_dBcHz_fc30k
1.000000000000000000e+02,-9.337647770769126510e+01
1.023292992280753566e+02,-9.367613937874638452e+01
1.047128548050899610e+02,-9.397579314212165968e+01
1.071519305237605977e+02,-9.427543881234734613e+01
1.096478196143185073e+02,-9.457507619957314660e+01
1.122018454301963004e+02,-9.487470510946320701e+01
1.148153621496882835e+02,-9.517432534308872505e+01
1.174897554939529130e+02,-9.547393669681768813e+01
1.202264434617413116e+02,-9.577353896220222396e+01
1.230268770812381121e+02,-9.607313192586272521e+01
1.258925411794167530e+02,-9.637271536936950156e+01
1.288249551693133697e+02,-9.667228906912134789e+01
1.318256738556407299e+02,-9.697185279622102883e+01
1.348962882591653170e+02,-9.727140631634783574e+01
1.380384264602885196e+02,-9.757094938962686115e+01
1.412537544622753956e+02,-9.787048177049493347e+01
1.445439770745927888e+02,-9.817000320756361020e+01
1.479108388168207284e+02,-9.846951344347809254e+01
1.513561248436208757e+02,-9.876901221477336890e+01
1.548816618912481147e+02,-9.906849925172605253e+01
1.584893192461114211e+02,-9.936797427820300754e+01
1.621810097358929852e+02,-9.966743701150598156e+01
1.659586907437561365e+02,-9.996688716221227367e+01
1.698243652461744375e+02,-1.002663244340114375e+02
1.737800828749376194e+02,-1.005657485235380477e+02
1.778279410038922776e+02,-1.008651591201998201e+02
1.819700858609982674e+02,-1.011645559060018087e+02
1.862087136662867408e+02,-1.014639385553658855e+02
1.905460717963248385e+02,-1.017633067349457292e+02
1.949844599758045547e+02,-1.020626601034369969e+02
1.995262314968878741e+02,-1.023619983113829193e+02
2.041737944669529554e+02,-1.026613210009744961e+02
2.089296130854038722e+02,-1.029606278058459452e+02
2.137962089502232459e+02,-1.032599183508648224e+02
2.187761623949551790e+02,-1.035591922519165280e+02
2.238721138568340052e+02,-1.038584491156835554e+02
2.290867652767772427e+02,-1.041576885394188139e+02
2.344228815319922603e+02,-1.044569101107132099e+02
2.398832919019489793e+02,-1.047561134072571889e+02
2.454708915685031059e+02,-1.050552979965959679e+02
2.511886431509579722e+02,-1.053544634358784720e+02
2.570395782768864592e+02,-1.056536092715998052e+02
2.630267991895381670e+02,-1.059527350393367442e+02
2.691534803926916766e+02,-1.062518402634765096e+02
2.754228703338166042e+02,-1.065509244569382474e+02
2.818382931264454783e+02,-1.068499871208873628e+02
2.884031503126605571e+02,-1.071490277444419235e+02
2.951209226666387053e+02,-1.074480458043717732e+02
3.019951720402016235e+02,-1.077470407647892330e+02
3.090295432513592004e+02,-1.080460120768317438e+02
3.162277660168379043e+02,-1.083449591783360120e+02
3.235936569296280823e+02,-1.086438814935034998e+02
3.311311214825910838e+02,-1.089427784325566648e+02
3.388441561392027097e+02,-1.092416493913862041e+02
3.467368504525316553e+02,-1.095404937511886345e+02
3.548133892335753217e+02,-1.098393108780940821e+02
3.630780547701014029e+02,-1.101381001227839960e+02
3.715352290971727598e+02,-1.104368608200982607e+02
3.801893963205612295e+02,-1.107355922886317501e+02
3.890451449942804629e+02,-1.110342938303198110e+02
3.981071705534973262e+02,-1.113329647300121650e+02
4.073802778041126089e+02,-1.116316042550351426e+02
4.168693834703354923e+02,-1.119302116547418535e+02
4.265795188015925419e+02,-1.122287861600497081e+02
4.365158322401661053e+02,-1.125273269829652492e+02
4.466835921509630225e+02,-1.128258333160953271e+02
4.570881896148751480e+02,-1.131243043321450301e+02
4.677351412871981324e+02,-1.134227391834010348e+02
4.786300923226385180e+02,-1.137211370012005318e+02
4.897788193684461362e+02,-1.140194968953851316e+02
5.011872336272724624e+02,-1.143178179537391657e+02
5.128613839913648462e+02,-1.146160992414117743e+02
5.248074602497722481e+02,-1.149143398003226935e+02
5.370317963702526640e+02,-1.152125386485507619e+02
5.495408738576247742e+02,-1.155106947797047070e+02
5.623413251903490391e+02,-1.158088071622757411e+02
5.754399373371566071e+02,-1.161068747389714417e+02
5.888436553555890214e+02,-1.164048964260298078e+02
6.025595860743580943e+02,-1.167028711125135203e+02
6.165950018614821602e+02,-1.170007976595830996e+02
6.309573444801930009e+02,-1.172986748997489599e+02
6.456542290346556001e+02,-1.175965016361007400e+02
6.606934480075964302e+02,-1.178942766415139687e+02
6.760829753919819041e+02,-1.181919986578329258e+02
6.918309709189362593e+02,-1.184896663950289053e+02
7.079457843841380509e+02,-1.187872785303329550e+02
7.244359600749899073e+02,-1.190848337073423977e+02
7.413102413009177099e+02,-1.193823305351002091e+02
7.585775750291835493e+02,-1.196797675871461024e+02
7.762471166286919697e+02,-1.199771434005385231e+02
7.943282347242812875e+02,-1.202744564748464313e+02
8.128305161640995493e+02,-1.205717052711101047e+02
8.317637711026708303e+02,-1.208688882107690574e+02
8.511380382023767197e+02,-1.211660036745571460e+02
8.709635899560805683e+02,-1.214630500013623760e+02
8.912509381337458763e+02,-1.217600254870513368e+02
9.120108393559096385e+02,-1.220569283832558654e+02
9.332543007969904920e+02,-1.223537568961216380e+02
9.549925860214358408e+02,-1.226505091850165456e+02
9.772372209558111535e+02,-1.229471833611976450e+02
1.000000000000000000e+03,-1.232437774864352633e+02
1.023292992280753651e+03,-1.235402895715927087e+02
1.047128548050899553e+03,-1.238367175751595681e+02
1.071519305237607114e+03,-1.241330594017374551e+02
1.096478196143185187e+03,-1.244293129004759919e+02
1.122018454301962947e+03,-1.247254758634574046e+02
1.148153621496882806e+03,-1.250215460240278134e+02
1.174897554939530210e+03,-1.253175210550730299e+02
1.202264434617413144e+03,-1.256133985672372120e+02
1.230268770812381035e+03,-1.259091761070816062e+02
1.258925411794167530e+03,-1.262048511551818137e+02
1.288249551693134890e+03,-1.265004211241607948e+02
1.318256738556407299e+03,-1.267958833566552102e+02
1.348962882591653170e+03,-1.270912351232129822e+02
1.380384264602885196e+03,-1.273864736201190198e+02
1.412537544622755377e+03,-1.276815959671465208e+02
1.445439770745927945e+03,-1.279765992052312242e+02
1.479108388168207057e+03,-1.282714802940654977e+02
1.513561248436207052e+03,-1.285662361096092070e+02
1.548816618912481090e+03,-1.288608634415142546e+02
1.584893192461114040e+03,-1.291553589904597459e+02
1.621810097358929852e+03,-1.294497193653937757e+02
1.659586907437559603e+03,-1.297439410806792068e+02
1.698243652461744205e+03,-1.300380205531388640e+02
1.737800828749376251e+03,-1.303319540989968743e+02
1.778279410038922833e+03,-1.306257379307124324e+02
1.819700858609982561e+03,-1.309193681537011571e+02
1.862087136662867579e+03,-1.312128407629407718e+02
1.905460717963248271e+03,-1.315061516394559931e+02
1.949844599758045433e+03,-1.317992965466785904e+02
1.995262314968878854e+03,-1.320922711266778151e+02
2.041737944669529497e+03,-1.323850708962564795e+02
2.089296130854040712e+03,-1.326776912429074287e+02
2.137962089502232629e+03,-1.329701274206260564e+02
2.187761623949551904e+03,-1.332623745455725839e+02
2.238721138568339939e+03,-1.335544275915797812e+02
2.290867652767774871e+03,-1.338462813854995375e+02
2.344228815319922887e+03,-1.341379306023835909e+02
2.398832919019489964e+03,-1.344293697604917384e+02
2.454708915685031116e+03,-1.347205932161221824e+02
2.511886431509582053e+03,-1.350115951582573075e+02
2.570395782768864592e+03,-1.353023696030192866e+02
2.630267991895381329e+03,-1.355929103879287538e+02
2.691534803926913810e+03,-1.358832111659598922e+02
2.754228703338166270e+03,-1.361732653993861391e+02
2.818382931264454783e+03,-1.364630663534089479e+02
2.884031503126605458e+03,-1.367526070895635542e+02
2.951209226666383984e+03,-1.370418804588946671e+02
3.019951720402016235e+03,-1.373308790948955789e+02
3.090295432513592004e+03,-1.376195954062033593e+02
3.162277660168379498e+03,-1.379080215690443083e+02
3.235936569296281050e+03,-1.381961495194219935e+02
3.311311214825911065e+03,-1.384839709450420173e+02
3.388441561392027324e+03,-1.387714772769664364e+02
3.467368504525316894e+03,-1.390586596809925197e+02
3.548133892335752989e+03,-1.393455090487485108e+02
3.630780547701013802e+03,-1.396320159885017347e+02
3.715352290971727598e+03,-1.399181708156732498e+02
3.801893963205612636e+03,-1.402039635430539590e+02
3.890451449942804629e+03,-1.404893838707178020e+02
3.981071705534973262e+03,-1.407744211756283619e+02
4.073802778041130296e+03,-1.410590645009350510e+02
4.168693834703354696e+03,-1.413433025449572540e+02
4.265795188015925305e+03,-1.416271236498539281e+02
4.365158322401661280e+03,-1.419105157899788310e+02
4.466835921509635227e+03,-1.421934665599214895e+02
4.570881896148751366e+03,-1.424759631622355585e+02
4.677351412871980756e+03,-1.427579923948583485e+02
4.786300923226380291e+03,-1.430395406382257306e+02
4.897788193684461476e+03,-1.433205938420890106e+02
5.011872336272725079e+03,-1.436011375120425555e+02
5.128613839913648007e+03,-1.438811566957723755e+02
5.248074602497722481e+03,-1.441606359690387649e+02
5.370317963702526868e+03,-1.444395594214084326e+02
5.495408738576247742e+03,-1.447179106417543153e+02
5.623413251903491073e+03,-1.449956727035447841e+02
5.754399373371566071e+03,-1.452728281499464060e+02
5.888436553555889986e+03,-1.455493589787690780e+02
6.025595860743580488e+03,-1.458252466272850825e+02
6.165950018614822511e+03,-1.461004719569593533e+02
6.309573444801930236e+03,-1.463750152381308283e+02
6.456542290346556001e+03,-1.466488561346914139e+02
6.606934480075964530e+03,-1.469219736888130683e+02
6.760829753919818359e+03,-1.471943463057794759e+02
6.918309709189362366e+03,-1.474659517389843586e+02
7.079457843841380964e+03,-1.477367670751654316e+02
7.244359600749906349e+03,-1.480067687199477007e+02
7.413102413009177326e+03,-1.482759323837790930e+02
7.585775750291835720e+03,-1.485442330683462160e+02
7.762471166286919470e+03,-1.488116450535667639e+02
7.943282347242821743e+03,-1.490781418852625393e+02
8.128305161640994811e+03,-1.493436963636245025e+02
8.317637711026709439e+03,-1.496082805325895322e+02
8.511380382023759012e+03,-1.498718656702573355e+02
8.709635899560804319e+03,-1.501344222804828803e+02
8.912509381337458763e+03,-1.503959200857894132e+02
9.120108393559095930e+03,-1.506563280217541205e+02
9.332543007969905375e+03,-1.509156142330275827e+02
9.549925860214358181e+03,-1.511737460711546248e+02
9.772372209558110626e+03,-1.514306900943724372e+02
1.000000000000000000e+04,-1.516864120695685187e+02
1.023292992280753606e+04,-1.519408769765864804e+02
1.047128548050898462e+04,-1.521940490150736309e+02
1.071519305237607114e+04,-1.524458916140684721e+02
1.096478196143185050e+04,-1.526963674445288461e+02
1.122018454301962993e+04,-1.529454384350040073e+02
1.148153621496884080e+04,-1.531930657906530655e+02
1.174897554939530346e+04,-1.534392100158115682e+02
1.202264434617413099e+04,-1.536838309403038920e+02
1.230268770812381081e+04,-1.539268877496928383e+02
1.258925411794166212e+04,-1.541683390196509436e+02
1.288249551693132344e+04,-1.544081427546255441e+02
1.318256738556407436e+04,-1.546462564309572372e+02
1.348962882591653215e+04,-1.548826370445934799e+02
1.380384264602886651e+04,-1.551172411635215269e+02
1.412537544622755377e+04,-1.553500249850178534e+02
1.445439770745928035e+04,-1.555809443977900344e+02
1.479108388168207239e+04,-1.558099550490516947e+02
1.513561248436207097e+04,-1.560370124165426660e+02
1.548816618912479498e+04,-1.562620718854663266e+02
1.584893192461114086e+04,-1.564850888302782721e+02
1.621810097358929852e+04,-1.567060187012170331e+02
1.659586907437563059e+04,-1.569248171154213765e+02
1.698243652461746024e+04,-1.571414399524309431e+02
1.737800828749376160e+04,-1.573558434538174140e+02
1.778279410038922651e+04,-1.575679843266398166e+02
1.819700858609982606e+04,-1.577778198503673366e+02
1.862087136662865669e+04,-1.579853079868576629e+02
1.905460717963248317e+04,-1.581904074929278465e+02
1.949844599758045297e+04,-1.583930780350026168e+02
1.995262314968882856e+04,-1.585932803052756981e+02
2.041737944669531498e+04,-1.587909761387733454e+02
2.089296130854040894e+04,-1.589861286306669115e+02
2.137962089502232266e+04,-1.591787022531428590e+02
2.187761623949551722e+04,-1.593686629711067724e+02
2.238721138568337847e+04,-1.595559783559720017e+02
2.290867652767770051e+04,-1.597406176967651561e+02
2.344228815319922796e+04,-1.599225521077698318e+02
2.398832919019489782e+04,-1.601017546319283724e+02
2.454708915685033571e+04,-1.602782003392285333e+02
2.511886431509581962e+04,-1.604518664193180655e+02
2.570395782768864592e+04,-1.606227322676173515e+02
2.630267991895381419e+04,-1.607907795642347537e+02
2.691534803926913810e+04,-1.609559923450353267e+02
2.754228703338163177e+04,-1.611183570642677694e+02
2.818382931264454965e+04,-1.612778626482166260e+02
2.884031503126605821e+04,-1.614345005394171153e+02
2.951209226666390168e+04,-1.615882647310486675e+02
3.019951720402019055e+04,-1.617391517912034260e+02
3.090295432513592095e+04,-1.618871608768167789e+02
3.162277660168379225e+04,-1.620322937371352907e+02
3.235936569296280868e+04,-1.621745547066914241e+02
3.311311214825907518e+04,-1.623139506878472389e+02
3.388441561392027506e+04,-1.624504911230615960e+02
3.467368504525316530e+04,-1.625841879571253799e+02
3.548133892335760174e+04,-1.627150555896952255e+02
3.630780547701017349e+04,-1.628431108185374683e+02
3.715352290971727780e+04,-1.629683727739690369e+02
3.801893963205612818e+04,-1.630908628450505660e+02
3.890451449942804902e+04,-1.632106045981454940e+02
3.981071705534969078e+04,-1.633276236885116361e+02
4.073802778041121928e+04,-1.634419477656329605e+02
4.168693834703355242e+04,-1.635536063730316130e+02
4.265795188015925669e+04,-1.636626308433239387e+02
4.365158322401665646e+04,-1.637690541892970941e+02
4.466835921509634500e+04,-1.638729109917867106e+02
4.570881896148751548e+04,-1.639742372851319487e+02
4.677351412871981302e+04,-1.640730704409699285e+02
4.786300923226380110e+04,-1.641694490511116840e+02
4.897788193684456201e+04,-1.642634128102127420e+02
5.011872336272725079e+04,-1.643550023989174633e+02
5.128613839913647826e+04,-1.644442593681170024e+02
5.248074602497733576e+04,-1.645312260249165774e+02
5.370317963702532143e+04,-1.646159453208595664e+02
5.495408738576248288e+04,-1.646984607429072298e+02
5.623413251903490891e+04,-1.647788162076190304e+02
5.754399373371566617e+04,-1.648570559589279867e+02
5.888436553555884166e+04,-1.649332244698499608e+02
6.025595860743580852e+04,-1.650073663484154451e+02
6.165950018614822329e+04,-1.650795262480599490e+02
6.309573444801942969e+04,-1.651497487826599126e+02
6.456542290346562368e+04,-1.652180784463535588e+02
6.606934480075964530e+04,-1.652845595382413251e+02
6.760829753919818904e+04,-1.653492360920186002e+02
6.918309709189362184e+04,-1.654121518105548603e+02
7.079457843841373688e+04,-1.654733500053971795e+02
7.244359600749891251e+04,-1.655328735411451646e+02
7.413102413009176962e+04,-1.655907647846139525e+02
7.585775750291834993e+04,-1.656470655586784346e+02
7.762471166286927473e+04,-1.657018171006683644e+02
7.943282347242820833e+04,-1.657550600251663582e+02
8.128305161640995357e+04,-1.658068342910443675e+02
8.317637711026708712e+04,-1.658571791725618141e+02
8.511380382023759012e+04,-1.659061332343393360e+02
8.709635899560796679e+04,-1.659537343100128908e+02
8.912509381337459490e+04,-1.660000194843698011e+02
9.120108393559097021e+04,-1.660450250787644109e+02
9.332543007969924656e+04,-1.660887866396099639e+02
9.549925860214368731e+04,-1.661313389297447998e+02
9.772372209558112081e+04,-1.661727159224717809e+02
1.000000000000000000e+05,-1.662129507980749850e+02
1.023292992280753679e+05,-1.662520759426213885e+02
1.047128548050898535e+05,-1.662901229488604713e+02
1.071519305237607041e+05,-1.663271226190424841e+02
1.096478196143185050e+05,-1.663631049694812702e+02
1.122018454301965248e+05,-1.663980992366963960e+02
1.148153621496884007e+05,-1.664321338849765652e+02
1.174897554939530237e+05,-1.664652366152143941e+02
1.202264434617413062e+05,-1.664974343748706360e+02
1.230268770812381117e+05,-1.665287533689349857e+02
1.258925411794166139e+05,-1.665592190717575534e+02
1.288249551693132235e+05,-1.665888562396347083e+02
1.318256738556407508e+05,-1.666176889240394416e+02
1.348962882591653324e+05,-1.666457404853956632e+02
1.380384264602886687e+05,-1.666730336073024716e+02
1.412537544622755377e+05,-1.666995903111217672e+02
1.445439770745928108e+05,-1.667254319708503658e+02
1.479108388168207020e+05,-1.667505793282032585e+02
1.513561248436207243e+05,-1.667750525078425028e+02
1.548816618912479607e+05,-1.667988710326907267e+02
1.584893192461114086e+05,-1.668220538392752132e+02
1.621810097358929925e+05,-1.668446192930531708e+02
1.659586907437563059e+05,-1.668665852036743331e+02
1.698243652461745951e+05,-1.668879688401411840e+02
1.737800828749376233e+05,-1.669087869458320768e+02
1.778279410038922797e+05,-1.669290557533565504e+02
1.819700858609982533e+05,-1.669487909992149639e+02
1.862087136662865523e+05,-1.669680079382403051e+02
1.905460717963248317e+05,-1.669867213578002634e+02
1.949844599758045515e+05,-1.670049455917434216e+02
1.995262314968883002e+05,-1.670226945340746170e+02
2.041737944669531716e+05,-1.670399816523468246e+02
2.089296130854040966e+05,-1.670568200007606947e+02
2.137962089502232557e+05,-1.670732222329629622e+02
2.187761623949551722e+05,-1.670892006145385835e+02
2.238721138568337774e+05,-1.671047670351920544e+02
2.290867652767770051e+05,-1.671199330206150080e+02
2.344228815319922578e+05,-1.671347097440391849e+02
2.398832919019489782e+05,-1.671491080374742637e+02
2.454708915685033426e+05,-1.671631384026316880e+02
2.511886431509582035e+05,-1.671768110215364231e+02
2.570395782768864592e+05,-1.671901357668289734e+02
2.630267991895381710e+05,-1.672031222117619222e+02
2.691534803926913883e+05,-1.672157796398943219e+02
2.754228703338163323e+05,-1.672281170544887345e+02
2.818382931264454965e+05,-1.672401431876166384e+02
2.884031503126605530e+05,-1.672518665089770877e+02
2.951209226666390314e+05,-1.672632952344343948e+02
3.019951720402018982e+05,-1.672744373342818562e+02
3.090295432513591950e+05,-1.672853005412366656e+02
3.162277660168379080e+05,-1.672958923581734325e+02
3.235936569296281086e+05,-1.673062200656025595e+02
3.311311214825907373e+05,-1.673162907289000714e+02
3.388441561392027652e+05,-1.673261112052962289e+02
3.467368504525316530e+05,-1.673356881506286982e+02
3.548133892335760174e+05,-1.673450280258684586e+02
3.630780547701017349e+05,-1.673541371034235681e+02
3.715352290971727925e+05,-1.673630214732291677e+02
3.801893963205612381e+05,-1.673716870486288144e+02
3.890451449942804757e+05,-1.673801395720548157e+02
3.981071705534969224e+05,-1.673883846205133352e+02
4.073802778041121783e+05,-1.673964276108808917e+02
4.168693834703355096e+05,-1.674042738050184198e+02
4.265795188015925232e+05,-1.674119283147089163e+02
4.365158322401665500e+05,-1.674193961064246423e+02
4.466835921509634936e+05,-1.674266820059295355e+02
4.570881896148751839e+05,-1.674337907027227743e+02
4.677351412871981156e+05,-1.674407267543288640e+02
4.786300923226380255e+05,-1.674474945904394474e+02
4.897788193684456055e+05,-1.674540985169121825e+02
5.011872336272724788e+05,-1.674605427196317748e+02
5.128613839913647971e+05,-1.674668312682381099e+02
5.248074602497733431e+05,-1.674729681197259765e+02
5.370317963702531997e+05,-1.674789571219210700e+02
5.495408738576248288e+05,-1.674848020168373353e+02
5.623413251903491328e+05,-1.674905064439184912e+02
5.754399373371566180e+05,-1.674960739431699324e+02
5.888436553555884166e+05,-1.675015079581827422e+02
6.025595860743580852e+05,-1.675068118390560983e+02
6.165950018614821602e+05,-1.675119888452195482e+02
6.309573444801942678e+05,-1.675170421481604990e+02
6.456542290346561931e+05,-1.675219748340594492e+02
6.606934480075964238e+05,-1.675267899063365178e+02
6.760829753919818904e+05,-1.675314902881129910e+02
6.918309709189363057e+05,-1.675360788245903336e+02
7.079457843841373688e+05,-1.675405582853496753e+02
7.244359600749891251e+05,-1.675449313665756677e+02
7.413102413009176962e+05,-1.675492006932061599e+02
7.585775750291835284e+05,-1.675533688210112473e+02
7.762471166286927182e+05,-1.675574382386040497e+02
7.943282347242821706e+05,-1.675614113693855245e+02
8.128305161640995648e+05,-1.675652905734260685e+02
8.317637711026708130e+05,-1.675690781492857013e+02
8.511380382023758721e+05,-1.675727763357758420e+02
8.709635899560796097e+05,-1.675763873136635596e+02
8.912509381337459199e+05,-1.675799132073219937e+02
9.120108393559096148e+05,-1.675833560863271146e+02
9.332543007969923783e+05,-1.675867179670044322e+02
9.549925860214368440e+05,-1.675900008139257693e+02
9.772372209558110917e+05,-1.675932065413597343e+02
1.000000000000000000e+06,-1.675963370146755551e+02
1.023292992280753562e+06,-1.675993940517038254e+02
1.047128548050900688e+06,-1.676023794240540497e+02
1.071519305237607099e+06,-1.676052948583916304e+02
1.096478196143185021e+06,-1.676081420376754068e+02
1.122018454301962862e+06,-1.676109226023567373e+02
1.148153621496884152e+06,-1.676136381515419487e+02
1.174897554939530324e+06,-1.676162902441192841e+02
1.202264434617413208e+06,-1.676188803998515198e+02
1.230268770812381059e+06,-1.676214101004355257e+02
1.258925411794166081e+06,-1.676238807905295687e+02
1.288249551693134941e+06,-1.676262938787500900e+02
1.318256738556407392e+06,-1.676286507386384415e+02
1.348962882591653150e+06,-1.676309527095988301e+02
1.380384264602883719e+06,-1.676332010978084952e+02
1.412537544622755377e+06,-1.676353971771007423e+02
1.445439770745927934e+06,-1.676375421898222271e+02
1.479108388168207137e+06,-1.676396373476650297e+02
1.513561248436207185e+06,-1.676416838324742571e+02
1.548816618912482634e+06,-1.676436827970323691e+02
1.584893192461114144e+06,-1.676456353658205956e+02
1.621810097358929925e+06,-1.676475426357584979e+02
1.659586907437559683e+06,-1.676494056769220720e+02
1.698243652461746009e+06,-1.676512255332416146e+02
1.737800828749376349e+06,-1.676530032231792688e+02
1.778279410038922913e+06,-1.676547397403876687e+02
1.819700858609982533e+06,-1.676564360543496264e+02
1.862087136662869481e+06,-1.676580931109999710e+02
1.905460717963248258e+06,-1.676597118333298795e+02
1.949844599758045515e+06,-1.676612931219740972e+02
1.995262314968878869e+06,-1.676628378557821293e+02
2.041737944669531658e+06,-1.676643468923731461e+02
2.089296130854040850e+06,-1.676658210686758252e+02
2.137962089502232615e+06,-1.676672612014529307e+02
2.187761623949551955e+06,-1.676686680878120228e+02
2.238721138568342198e+06,-1.676700425057015309e+02
2.290867652767774649e+06,-1.676713852143936663e+02
2.344228815319922753e+06,-1.676726969549541195e+02
2.398832919019490015e+06,-1.676739784506987689e+02
2.454708915685028769e+06,-1.676752304076384519e+02
2.511886431509582326e+06,-1.676764535149112305e+02
2.570395782768864650e+06,-1.676776484452035731e+02
2.630267991895381361e+06,-1.676788158551597689e+02
2.691534803926913999e+06,-1.676799563857805992e+02
2.754228703338169027e+06,-1.676810706628115781e+02
2.818382931264454965e+06,-1.676821592971204211e+02
2.884031503126605880e+06,-1.676832228850649358e+02
2.951209226666383911e+06,-1.676842620088510216e+02
3.019951720402019098e+06,-1.676852772368812623e+02
3.090295432513591833e+06,-1.676862691240943093e+02
3.162277660168379080e+06,-1.676872382122954548e+02
3.235936569296280853e+06,-1.676881850304785644e+02
3.311311214825914241e+06,-1.676891100951395401e+02
3.388441561392027419e+06,-1.676900139105817971e+02
3.467368504525316879e+06,-1.676908969692135827e+02
3.548133892335752957e+06,-1.676917597518379353e+02
3.630780547701017465e+06,-1.676926027279347977e+02
3.715352290971728042e+06,-1.676934263559363103e+02
3.801893963205612730e+06,-1.676942310834944578e+02
3.890451449942804873e+06,-1.676950173477425778e+02
3.981071705534977373e+06,-1.676957855755495075e+02
4.073802778041130397e+06,-1.676965361837677904e+02
4.168693834703355096e+06,-1.676972695794751758e+02
4.265795188015925698e+06,-1.676979861602103483e+02
4.365158322401656769e+06,-1.676986863142023765e+02
4.466835921509634703e+06,-1.676993704205945050e+02
4.570881896148751490e+06,-1.677000388496624339e+02
4.677351412871981040e+06,-1.677006919630268555e+02
4.786300923226379789e+06,-1.677013301138608767e+02
4.897788193684466183e+06,-1.677019536470920684e+02
5.011872336272724904e+06,-1.677025628995996271e+02
5.128613839913648553e+06,-1.677031582004065058e+02
5.248074602497722954e+06,-1.677037398708668263e+02
5.370317963702532463e+06,-1.677043082248485746e+02
5.495408738576248288e+06,-1.677048635689118612e+02
5.623413251903491095e+06,-1.677054062024826067e+02
5.754399373371566646e+06,-1.677059364180221053e+02
5.888436553555895574e+06,-1.677064545011922974e+02
6.025595860743580386e+06,-1.677069607310170340e+02
6.165950018614822067e+06,-1.677074553800392778e+02
6.309573444801929407e+06,-1.677079387144746647e+02
6.456542290346562862e+06,-1.677084109943609178e+02
6.606934480075964704e+06,-1.677088724737039911e+02
6.760829753919818439e+06,-1.677093234006205194e+02
6.918309709189362824e+06,-1.677097640174766298e+02
7.079457843841387890e+06,-1.677101945610235703e+02
7.244359600749906152e+06,-1.677106152625299558e+02
7.413102413009176962e+06,-1.677110263479108312e+02
7.585775750291835517e+06,-1.677114280378535796e+02
7.762471166286911815e+06,-1.677118205479407038e+02
7.943282347242821008e+06,-1.677122040887698518e+02
8.128305161640995182e+06,-1.677125788660707144e+02
8.317637711026708595e+06,-1.677129450808192246e+02
8.511380382023759186e+06,-1.677133029293490551e+02
8.709635899560814723e+06,-1.677136526034601332e+02
8.912509381337458268e+06,-1.677139942905250507e+02
9.120108393559096381e+06,-1.677143281735923779e+02
9.332543007969904691e+06,-1.677146544314879293e+02
9.549925860214369372e+06,-1.677149732389133590e+02
9.772372209558110684e+06,-1.677152847665424247e+02
1.000000000000000000e+07,-1.677155891811151207e+02
