T_C,df_ppm,T0_dB,PN100k
-4.000000000000000000e+01,4.690000000000119144e+03,3.342593922225481862e+01,-1.603011671244426850e+02
-3.500000000000000000e+01,4.340000000000000000e+03,3.335685396809783754e+01,-1.601627669376779295e+02
-3.000000000000000000e+01,3.989999999999880856e+03,3.328895889075062797e+01,-1.600269628658724628e+02
-2.500000000000000000e+01,3.640000000000119144e+03,3.322221007472056442e+01,-1.598936528237922232e+02
-2.000000000000000000e+01,3.290000000000000000e+03,3.315656603543250469e+01,-1.597627406938210584e+02
-1.500000000000000000e+01,2.940000000000000000e+03,3.309198754081539562e+01,-1.596341358674542903e+02
-1.000000000000000000e+01,2.590000000000119144e+03,3.302843744909825574e+01,-1.595077528301549989e+02
-5.000000000000000000e+00,2.240000000000000000e+03,3.296588056107002984e+01,-1.593835107846852566e+02
0.000000000000000000e+00,1.890000000000000000e+03,3.290428348527270686e+01,-1.592613333087616638e+02
5.000000000000000000e+00,1.540000000000118916e+03,3.284361451478508798e+01,-1.591411480432896894e+02
1.000000000000000000e+01,1.190000000000000000e+03,3.278384351441376054e+01,-1.590228864079619484e+02
1.500000000000000000e+01,8.400000000000000000e+02,3.272494181724846385e+01,-1.589064833414260534e+02
2.000000000000000000e+01,4.900000000001190870e+02,3.266688212965841842e+01,-1.587918770634253463e+02
2.500000000000000000e+01,1.400000000000000000e+02,3.260963844391152833e+01,-1.586790088568058650e+02
3.000000000000000000e+01,-2.100000000000000000e+02,3.255318595769025336e+01,-1.585678228673650665e+02
3.500000000000000000e+01,-5.600000000000000000e+02,3.249750099985681828e+01,-1.584582659198416650e+02
4.000000000000000000e+01,-9.100000000000000000e+02,3.244256096189141658e+01,-1.583502873484993643e+02
4.500000000000000000e+01,-1.260000000000000000e+03,3.238834423448790290e+01,-1.582438388409351546e+02
5.000000000000000000e+01,-1.610000000000000000e+03,3.233483014884568973e+01,-1.581388742938837026e+02
5.500000000000000000e+01,-1.960000000000000000e+03,3.228199892224439083e+01,-1.580353496799455684e+02
6.000000000000000000e+01,-2.310000000000000000e+03,3.222983160752911402e+01,-1.579332229242316430e+02
6.500000000000000000e+01,-2.660000000000000000e+03,3.217831004617280399e+01,-1.578324537900685129e+02
7.000000000000000000e+01,-3.010000000000000000e+03,3.212741682461333426e+01,-1.577330037729700507e+02
7.500000000000000000e+01,-3.360000000000000000e+03,3.207713523359443286e+01,-1.576348360021719657e+02
8.000000000000000000e+01,-3.710000000000000000e+03,3.202744923026386203e+01,-1.575379151490826075e+02
8.500000000000000000e+01,-4.060000000000000000e+03,3.197834340280624588e+01,-1.574422073420662684e+02
