sweep,V_kV,f_kHz,Q_sccm,xH2,P_W,SEI_kJ_per_L,T_bed_K,T_hot_K,y_NH3_pct,X_N2_pct,NH3_g_per_h,EY_g_per_kWh,tau_s
V,6.0,20.0,100.0,0.75,23.0,13.8,358.88,368.14471017094513,0.327359919057433,0.654719838114866,0.014924422543411638,0.6488879366700713,0.18266830138207757
V,6.5,20.0,100.0,0.75,27.0,16.2,369.12,379.99596411371823,0.4051512648506576,0.8103025297013152,0.01847094991970612,0.6841092562854119,0.17760078023407022
V,7.0,20.0,100.0,0.75,31.0,18.6,379.36,391.84721805649133,0.4910277205697112,0.9820554411394224,0.02238607952803449,0.722131597678532,0.17280683256010118
V,7.5,20.0,100.0,0.75,35.0,21.0,389.6,403.69847199926437,0.5848044454344464,1.1696088908688929,0.026661384429893967,0.7617538408541132,0.168264887063655
V,8.0,20.0,100.0,0.75,39.0,23.4,399.84,415.54972594203747,0.6856779063301812,1.3713558126603624,0.03126023134480945,0.8015443934566526,0.16395558223289317
V,8.5,20.0,100.0,0.75,43.0,25.8,410.08000000000004,427.4009798848105,0.7919158597081168,1.5838317194162337,0.03610364684578103,0.839619694087931,0.15986149044088954
V,9.0,20.0,100.0,0.75,47.0,28.2,420.32,439.2522338275836,0.9004210580813095,1.800842116162619,0.04105042662670504,0.8734133324830861,0.15596688237533307
V,9.5,20.0,100.0,0.75,51.0,30.599999999999998,430.55999999999995,451.10348777035665,1.0062173886156365,2.012434777231273,0.045873708429141354,0.8994844790027717,0.15225752508361204
V,10.0,20.0,100.0,0.75,55.0,33.0,440.8,462.95474171312975,1.1020414400720484,2.204082880144097,0.05024235147461512,0.9134972995384568,0.14872050816696913
V,10.5,20.0,100.0,0.75,59.0,35.4,451.03999999999996,474.8059956559028,1.1784505751380734,2.3569011502761468,0.053725863509886305,0.9106078560997679,0.14534409365023057
V,11.0,20.0,100.0,0.75,63.0,37.8,461.28000000000003,486.6572495986759,1.22509984315944,2.45019968631888,0.055852615585388836,0.8865494537363308,0.1421175858480749
V,11.5,20.0,100.0,0.75,67.0,40.2,471.5200000000001,498.50850354144893,1.2337697779287977,2.4675395558575954,0.05624788013180697,0.8395205989821936,0.13903121818798775
f,9.0,10.0,100.0,0.75,23.5,14.1,360.15999999999997,369.6261169137918,0.3673400795413174,0.7346801590826348,0.01674712829838898,0.7126437573782545,0.1820191026210573
f,9.0,12.5,100.0,0.75,29.375,17.625,375.2,387.03264614223974,0.4836431869144274,0.9672863738288549,0.022049416747585295,0.7506184424709887,0.1747228144989339
f,9.0,15.0,100.0,0.75,35.25,21.15,390.24000000000007,404.4391753706877,0.6136999537103605,1.227399907420721,0.02797873805204198,0.7937230653061556,0.16798892988929887
f,9.0,17.5,100.0,0.75,41.12499999999999,24.674999999999994,405.28000000000003,421.8457045991356,0.75491688288303,1.50983376576606,0.03441685401725944,0.8368839882616278,0.16175483616265296
f,9.0,20.0,100.0,0.75,47.0,28.2,420.32,439.2522338275836,0.9004210580813095,1.800842116162619,0.04105042662670504,0.8734133324830861,0.15596688237533307
f,9.0,22.5,100.0,0.75,52.87499999999999,31.724999999999994,435.36,456.6587630560315,1.0363046195657575,2.072609239131515,0.04724539299319465,0.8935298911242489,0.15057883131201763
f,9.0,25.0,100.0,0.75,58.75,35.25,450.4,474.0652922844795,1.1395017784397266,2.279003556879453,0.051950177894013516,0.884258347132145,0.145550621669627
f,9.0,27.5,100.0,0.75,64.62499999999999,38.774999999999984,465.43999999999994,491.47182151292736,1.1813158094057195,2.362631618811439,0.05385649027390598,0.8333692885710792,0.1408473702303197
f,9.0,30.0,100.0,0.75,70.5,42.3,480.4799999999999,508.87835074137536,1.1435950664682408,2.2871901329364817,0.052136791943483383,0.739528963737353,0.13643856143856145
Q,9.0,20.0,30.0,0.75,47.0,94.0,439.90697674418607,461.92120212509724,1.2626402958906404,2.525280591781281,0.017269228331741007,0.3674303900370427,0.4967413829562275
Q,9.0,20.0,40.0,0.75,47.0,70.5,436.7272727272727,458.2411748040722,1.2444679526131872,2.4889359052263744,0.02269424506214529,0.4828562779179849,0.3752685262281432
Q,9.0,20.0,60.0,0.75,47.0,47.0,430.7826086956522,451.36112372563434,1.1486400900283966,2.2972801800567932,0.03142007751574241,0.6685122875689875,0.25363140896245456
Q,9.0,20.0,80.0,0.75,47.0,35.25,425.33333333333337,445.05441023706624,1.0230303313560114,2.046060662712023,0.037312171835440486,0.7938759964987337,0.19266065830721005
Q,9.0,20.0,100.0,0.75,47.0,28.2,420.32,439.2522338275836,0.9004210580813095,1.800842116162619,0.04105042662670504,0.8734133324830861,0.15596688237533307
Q,9.0,20.0,130.0,0.75,47.0,21.692307692307693,413.5094339622641,431.37003191281474,0.7432463614004252,1.4864927228008504,0.04405022954041358,0.9372389263917783,0.12195052437979982
Q,9.0,20.0,160.0,0.75,47.0,17.625,407.42857142857144,424.3323516317711,0.6198038202319689,1.2396076404639378,0.045211223823841504,0.9619409324221596,0.10056363955119214
Q,9.0,20.0,200.0,0.75,47.0,14.1,400.2666666666667,416.043528189653,0.4967177709890107,0.9934355419780214,0.0452909807676301,0.9636378886729808,0.08189040639573616
Q,9.0,20.0,250.0,0.75,47.0,11.28,392.55384615384617,407.1171029442951,0.3888455814245057,0.7776911628490114,0.044318924091465754,0.9429558317333139,0.06679949835397397
xH2,9.0,20.0,100.0,0.25,49.7375,29.842499999999998,446.4272000000001,469.4673761063692,0.6602073019869253,0.44013820132461695,0.030099019970034772,0.6051574761504855,0.14684589111057747
xH2,9.0,20.0,100.0,0.3,49.514374999999994,29.708624999999994,443.86896799999994,466.5066088137395,0.7920837417366181,0.5657741012404416,0.036111300630453314,0.7293094304523347,0.14769223515530827
xH2,9.0,20.0,100.0,0.35,49.28000000000001,29.568000000000005,441.295616,463.52834240396,0.9067405183991908,0.6974927064609159,0.041338532440947484,0.8388500901166289,0.14855348121110726
xH2,9.0,20.0,100.0,0.39999999999999997,49.034375,29.420624999999998,438.70844,460.5340768013576,1.0003300931826895,0.8336084109855745,0.045605305122676146,0.93006804150509,0.1494295391262589
xH2,9.0,20.0,100.0,0.44999999999999996,48.7775,29.2665,436.108736,457.5253119302597,1.0698868095036642,0.9726243722760584,0.048776413632524954,0.9999777281026078,0.1503203091074974
xH2,9.0,20.0,100.0,0.49999999999999994,48.509375,29.105624999999996,433.4978,454.50354771499326,1.1131955946741783,1.1131955946741783,0.05075087223939305,1.0462075060623446,0.15122568096077996
xH2,9.0,20.0,100.0,0.5499999999999999,48.23000000000001,28.938000000000002,430.87692799999996,451.4702840798855,1.1286970465546469,1.2541078295051629,0.051457587400389554,1.066920742284668,0.15214553330643873
xH2,9.0,20.0,100.0,0.5999999999999999,47.939375,28.763624999999998,428.247416,448.42702094926346,1.115411751520686,1.3942646894008572,0.050851907397560826,1.0607544924722283,0.15307973276831166
xH2,9.0,20.0,100.0,0.6499999999999999,47.637499999999996,28.582499999999996,425.6105600000001,445.37525824745444,1.072875366901295,1.532679095573278,0.04891266272962243,1.026768044704748,0.1540281331365462
xH2,9.0,20.0,100.0,0.7,47.324374999999996,28.394624999999998,422.967656,442.31649589878543,1.0010801887604885,1.6684669812674806,0.04563950217215994,0.9643973570102076,0.1549905745038812
xH2,9.0,20.0,100.0,0.7499999999999999,47.0,28.2,420.32,439.2522338275836,0.9004210580813095,1.800842116162618,0.04105042662670504,0.8734133324830861,0.15596688237533307
xH2,9.0,20.0,100.0,0.7999999999999998,46.66437500000001,27.998625000000004,417.668888,436.18397195817613,0.7716445735015167,1.9291114337537902,0.0351794737163496,0.7538828863849477,0.15695686675134873
xH2,9.0,20.0,100.0,0.8499999999999999,46.31750000000001,27.790500000000005,415.015616,433.11321021489005,0.6158011611311606,2.0526705371038663,0.028074532636454343,0.6061322963556828,0.15796032118463704
xH2,9.0,20.0,100.0,0.8999999999999999,45.959374999999994,27.575624999999995,412.3614799999999,430.0414485220525,0.4341998453521411,2.1709992267607037,0.0197952821438181,0.43071260529147976,0.15897702181105766
