method,MAPE_NH3_pct,RMSE_NH3_ppm,R2_NH3,MAPE_NH3_post_event_pct,PICP95_NH3,MPIW95_NH3_rel,RMSE_P_W,RMSE_T_K,RMSE_rel_activity,update_ms
Static physics,49.76 ± 2.9,3909 ± 2.5e+02,-0.9229 ± 0.3,65.98 ± 3.3,0.001172 ± 0.0021,0.1176 ± 0,1.837 ± 0.091,13.99 ± 0.44,nan ± nan,0.002178 ± 0.0002
Batch recalibration,8.342 ± 0.48,1120 ± 98,0.8421 ± 0.03,9.028 ± 0.72,0.9078 ± 0.014,0.3591 ± 0.024,1.056 ± 0.052,5.261 ± 0.22,0.04902 ± 0.006,0.08417 ± 0.01
RSM (static),29.53 ± 2.5,1875 ± 2.2e+02,0.5549 ± 0.11,43.35 ± 3,0.2578 ± 0.056,0.2693 ± 0.043,1.41 ± 0.096,3.462 ± 0.21,nan ± nan,0.08835 ± 0.14
ANN (static),38.42 ± 5.4,2980 ± 5.8e+02,-0.1621 ± 0.54,49.37 ± 5.7,0.5598 ± 0.088,0.6432 ± 0.14,9.761 ± 3.1,12.37 ± 3.2,nan ± nan,5.828 ± 0.24
GPR (static),29.25 ± 2.1,1866 ± 1.5e+02,0.5617 ± 0.078,43.19 ± 2.5,0.2 ± 0.042,0.2281 ± 0.023,1.408 ± 0.099,3.427 ± 0.21,nan ± nan,1.34 ± 0.34
GPR (sliding window),6.267 ± 0.2,510.4 ± 26,0.9674 ± 0.0035,7.009 ± 0.31,0.8807 ± 0.012,0.2277 ± 0.0056,0.9733 ± 0.047,2.348 ± 0.089,nan ± nan,50.82 ± 12
PC-HDT (proposed),3.783 ± 0.21,361.6 ± 29,0.9836 ± 0.0026,3.907 ± 0.27,0.9773 ± 0.0064,0.2378 ± 0.0085,0.91 ± 0.044,2.297 ± 0.12,0.02128 ± 0.0061,0.7339 ± 0.04
Ablation: no residual,7.211 ± 0.57,907.4 ± 87,0.896 ± 0.022,7.172 ± 0.77,0.9521 ± 0.0073,0.3982 ± 0.027,1.049 ± 0.056,5.578 ± 0.29,0.04457 ± 0.0082,0.4152 ± 0.015
Ablation: no adaptive inflation,3.83 ± 0.21,350.8 ± 25,0.9846 ± 0.0021,3.966 ± 0.27,0.9763 ± 0.006,0.2368 ± 0.0071,0.9141 ± 0.045,2.218 ± 0.087,0.02146 ± 0.0067,0.5573 ± 0.018
Ablation: no deactivation drift,3.809 ± 0.21,365.3 ± 29,0.9832 ± 0.0027,3.921 ± 0.27,0.9763 ± 0.0069,0.2389 ± 0.0085,0.91 ± 0.045,2.299 ± 0.12,0.0213 ± 0.0063,0.4495 ± 0.02
