seed,noise,method,MAPE_NH3_pct,RMSE_NH3_ppm,R2_NH3,MAPE_NH3_post_event_pct,PICP95_NH3,MPIW95_NH3_rel,RMSE_P_W,RMSE_T_K,RMSE_rel_activity,update_ms
10,1.0,Static physics,48.10616912457238,3761.07871038189,-0.640853574862164,64.40187343102333,0.0026041666666666665,0.11759999999999998,1.816064169000921,13.860122381731802,,0.002463227086953642
10,1.0,Batch recalibration,8.012309906958949,1059.3396793976199,0.8698286338735719,9.037327979180215,0.9036458333333334,0.3362237786096527,1.0901607994963047,5.201904244801303,0.04512752531596661,0.09990032708060426
10,1.0,RSM (static),27.250857412303294,1705.1481840596052,0.6627365822286154,41.2832648344405,0.2864583333333333,0.23493324440693952,1.4259837860588163,3.8374783814720437,,0.36314133125093423
10,1.0,ANN (static),33.70385933100617,2484.9506337687853,0.2837238115834664,45.971188201896055,0.5026041666666666,0.5064099855884013,11.544861646716143,15.950285311778922,,6.004845724992928
10,1.0,GPR (static),26.89985554062656,1716.499070700529,0.6582314244571588,40.821676328407854,0.23177083333333334,0.1996340504556945,1.43787010440729,3.74999459308416,,1.6840051416683839
10,1.0,GPR (sliding window),6.120634635701561,569.3375623877229,0.9624002758937279,7.089298735107966,0.8984375,0.22191336900038502,0.9641897908449585,2.508712495202939,,60.83434308958241
10,1.0,PC-HDT (proposed),3.6610213251054673,368.64515574104774,0.9842361590013158,3.9070653068330476,0.9791666666666666,0.2323724902444765,0.938326031212779,2.506593137115131,0.016181246317050726,0.7688941166658007
10,1.0,Ablation: no residual,6.54140088817713,853.1559992307399,0.915569010117,6.9820849370489,0.953125,0.36963201977559507,1.0749133456052822,5.346654348909318,0.033031054265502444,0.4414651916709052
10,1.0,Ablation: no adaptive inflation,3.905578461188055,356.41078301393566,0.9852651183196617,4.221954161904511,0.984375,0.23485555885519252,0.9508237204474553,2.3914729781926862,0.017655412687661205,0.5790628375047883
10,1.0,Ablation: no deactivation drift,3.694607191891569,372.82882825172334,0.9838763279960303,3.9165372016129476,0.9817708333333334,0.23370686719348743,0.9370593612649345,2.506544266549305,0.016889489486067676,0.47648254374574134
11,1.0,Static physics,44.73695272685361,3527.36312419834,-0.4312981519266559,60.22908294126385,0.0026041666666666665,0.11759999999999998,1.7860282692619909,13.77447498885498,,0.001982520836918411
11,1.0,Batch recalibration,7.797433541704386,981.8142549350205,0.8891110078206794,8.807661450084943,0.8723958333333334,0.32079726551876214,0.9874164926352699,4.986635878795349,0.046180613691485926,0.07676469791135787
11,1.0,RSM (static),27.258574258579653,1668.172989225554,0.6798806403151116,40.41027143665401,0.3307291666666667,0.29649300229747944,1.4969774993934997,2.9782805410821096,,0.018841706264064822
11,1.0,ANN (static),46.360680734221866,3704.2848986904273,-0.5784779953119232,58.996963778839,0.6979166666666666,0.899983813708324,8.467368043164305,12.149994729322373,,6.309308435427852
11,1.0,GPR (static),26.57988560712015,1713.720767907314,0.6621609171959734,39.19567363988362,0.203125,0.20732926230542692,1.5268904469395181,2.9401301934641033,,1.1405334666610163
11,1.0,GPR (sliding window),5.916900714506781,479.747433474045,0.9735238343363496,6.697831026574043,0.8723958333333334,0.2245589498795201,0.9070321027871677,2.3456978006808944,,44.280133931250035
11,1.0,PC-HDT (proposed),3.6140179979622244,359.61789160395034,0.9851231031871805,3.6394364226227216,0.984375,0.23338705361108855,0.874870431500313,2.237568259146597,0.026627394516193455,0.7447079104167642
11,1.0,Ablation: no residual,6.434965399028604,776.0140957123954,0.9307262034702243,6.42503732654667,0.9401041666666666,0.35349725718739816,0.9658333446766961,5.162801035658925,0.04216119913496303,0.44638962916536684
11,1.0,Ablation: no adaptive inflation,3.6452917605207253,334.09898410314435,0.9871595548537946,3.608667856326839,0.9791666666666666,0.22831436141294234,0.8851799289809826,2.190442701332073,0.020115987902881896,0.5743556041664988
11,1.0,Ablation: no deactivation drift,3.625927380579916,364.1901031733349,0.9847424061790329,3.647281751939517,0.9817708333333334,0.2344871007343499,0.8746210204608723,2.238876496826358,0.02249222886150791,0.4951989333297509
12,1.0,Static physics,53.06803599185789,4017.130732543289,-1.0801987576860879,69.44499163646047,0.0,0.11759999999999998,1.78203962421398,13.4173585316633,,0.0020922854128950044
12,1.0,Batch recalibration,8.66231088388321,1056.2546988318852,0.856183005194651,9.647447075583859,0.9088541666666666,0.35883804806130476,1.0556733391729327,5.276157047763535,0.054409834063013994,0.08834472708656449
12,1.0,RSM (static),32.53301967841137,1901.657449380687,0.5338373438571169,46.488596444567634,0.265625,0.3428714332868625,1.3160497489771108,3.4395445351166494,,0.36451270625453464
12,1.0,ANN (static),38.944917560697604,2747.058657415098,0.027233138393101042,52.02747470354549,0.4635416666666667,0.5502655087672385,10.760130622985436,14.130363326499156,,5.970973316671291
12,1.0,GPR (static),32.83102681006288,1974.3843908559127,0.4974997068893565,46.844445126136115,0.15104166666666666,0.24676978243447958,1.3049232470560936,3.336948058852678,,1.6239979333287617
12,1.0,GPR (sliding window),6.52852440557702,508.46571465798553,0.9666729978125154,7.012473845773669,0.8723958333333334,0.23123937857688728,0.9651423056163349,2.5852218581390427,,67.32225702083667
12,1.0,PC-HDT (proposed),3.6818165480402953,345.758065030874,0.9845894712583048,4.041973421102806,0.9817708333333334,0.23125074080999472,0.8881518841076669,2.3829516321399145,0.016692582669587903,0.7279884979183748
12,1.0,Ablation: no residual,7.258638982066907,862.8783213326249,0.9040219288613053,7.51099793852968,0.9505208333333334,0.3896349541859905,1.0278637317608048,5.616563085463134,0.04376164350310706,0.4038137624969333
12,1.0,Ablation: no adaptive inflation,3.634316262832713,339.36213831564464,0.9851543342931732,3.9520103087235565,0.984375,0.2296044934443556,0.8902917315669221,2.3535930160730545,0.015073475168693999,0.5537666937480404
12,1.0,Ablation: no deactivation drift,3.7270174993961778,353.6287576141572,0.9838798881037093,4.060412537434743,0.9791666666666666,0.23320424662664782,0.8853558026910678,2.404250251684694,0.01996010670833221,0.43006623542254374
13,1.0,Static physics,48.486843114962916,3728.7698727166767,-0.8685405540913154,64.97931856821575,0.0,0.11759999999999998,1.8135516088331722,13.88629498681996,,0.002203654165100488
13,1.0,Batch recalibration,7.947688114900174,1098.5891902014962,0.8378033019075897,9.331987938394484,0.9114583333333334,0.36706721252195046,1.0019898878925722,5.0417520625391115,0.05583399359270098,0.08701649165961574
13,1.0,RSM (static),28.00010756672662,1672.8267363787445,0.6239260182687619,41.26972101055572,0.2916666666666667,0.2843786738674443,1.4036162969036554,3.213419173526204,,0.019111058335378555
13,1.0,ANN (static),42.14578696521527,3192.707475203859,-0.36990239285254,50.87715535374645,0.6276041666666666,0.7966339481499923,8.106173026242224,11.126559945097885,,5.690419370834832
13,1.0,GPR (static),27.64906601731234,1641.4825955185763,0.6378871548601677,41.12157636766963,0.24739583333333334,0.25391104997060854,1.4067235547284664,3.164373724368334,,1.0500567812599115
13,1.0,GPR (sliding window),5.9404020550117655,482.80237966202293,0.9686736230054037,6.949415566673231,0.8854166666666666,0.22258027920317905,0.937776121936421,2.262824631496714,,47.08544041875531
13,1.0,PC-HDT (proposed),3.9653360996719433,367.6078657348331,0.9818389498790235,4.085093047940931,0.9713541666666666,0.24557395217479647,0.9168824286353584,2.228760075805553,0.014739537269268126,0.8602270708346774
13,1.0,Ablation: no residual,7.090289933220344,910.7552532761587,0.8885257045921904,7.337343732414414,0.9557291666666666,0.4079035694217601,1.037769942685377,5.445418081686639,0.04111142764759032,0.4155977229193771
13,1.0,Ablation: no adaptive inflation,3.9587564232546577,354.94601939268364,0.9830684785078746,4.135769285467454,0.9713541666666666,0.24152836744234088,0.9062200145394231,2.1398474966485184,0.013861680082938886,0.5829167770845819
13,1.0,Ablation: no deactivation drift,3.9892957258239234,370.85560743347844,0.981516633878078,4.107501801143968,0.96875,0.2464534061706555,0.9172013888815772,2.2261964743213882,0.01474620870214133,0.47344853333631437
14,1.0,Static physics,52.11005283592005,3935.8726014160306,-0.9208494361517201,67.68127717683306,0.0,0.11759999999999998,1.818767838999192,14.038168717969945,,0.002220862498347742
14,1.0,Batch recalibration,8.047572268664533,1087.9845981485594,0.853223423325953,7.806620716623351,0.9192708333333334,0.3562246638779092,1.050109061991001,5.067434897334402,0.055290499105088306,0.08826857290860819
14,1.0,RSM (static),31.07282003220857,1949.7838774864615,0.5286058274973556,46.01479246099296,0.2838541666666667,0.3069307777299439,1.432135093166573,3.2527201530279806,,0.35087731042011683
14,1.0,ANN (static),42.3020205019331,3452.0639041068016,-0.4776409318281287,54.113194237134024,0.6796875,0.8287479620413035,14.650034457610964,9.225649633780234,,6.40460191875718
14,1.0,GPR (static),30.216484744959587,1914.0160703022834,0.5457421729064905,44.50084400640504,0.17447916666666666,0.22362712536412785,1.4366141315045544,3.223909128016694,,1.6640043250006897
14,1.0,GPR (sliding window),6.428158850874224,519.7001098084774,0.9665098666622929,7.019789301538306,0.875,0.22526961563336867,0.9893676710747441,2.236375384704775,,64.11309734374034
14,1.0,PC-HDT (proposed),3.702851467072501,356.5748769440358,0.9842343187604788,3.6573830734851454,0.9817708333333334,0.2343525741115068,0.8927656981499524,2.051117785476474,0.019162823323304372,0.7801378208403283
14,1.0,Ablation: no residual,6.767921970386789,872.7299767738937,0.9055567233033859,5.874651759148847,0.9635416666666666,0.383756978572006,1.0381283630637914,5.485096729373428,0.04795398680076729,0.44498021875417254
14,1.0,Ablation: no adaptive inflation,3.7406284129881695,349.4779842829422,0.9848556407346006,3.710165060984899,0.9739583333333334,0.2335235884672203,0.8946262130152957,2.041790698816443,0.017953230504276333,0.5709001458271246
14,1.0,Ablation: no deactivation drift,3.731044158417734,359.1759843890099,0.984003467935483,3.6801427013850425,0.9739583333333334,0.23513242205993645,0.8931346843284633,2.0532789987241444,0.018903687623843445,0.46528477499805376
15,1.0,Static physics,45.523101395381765,3556.6402365184044,-0.46486264700421454,61.417525574693464,0.0,0.11759999999999998,1.8356754548391785,13.96561346699574,,0.0023104104120837596
15,1.0,Batch recalibration,8.473726272715133,1126.2918069568925,0.8531009862634987,9.324891140821212,0.8828125,0.33751152245770366,1.0453005312234125,5.2836502535389815,0.04834659087476534,0.08430753125499753
15,1.0,RSM (static),27.44711971964214,1816.8993126557382,0.6177224874630229,41.00455631812719,0.18229166666666666,0.18627765524027043,1.4462838168470185,3.5020861280688984,,0.019330074999383367
15,1.0,ANN (static),45.68746437032256,3550.3710778765744,-0.45970307952343337,55.26007220637486,0.5963541666666666,0.8024939533294527,8.992294148845632,15.312445966318199,,5.682495652077553
15,1.0,GPR (static),28.105685593083408,1797.3558331940933,0.6259021940404139,41.98387335165918,0.18489583333333334,0.20317810262311306,1.4582066360780102,3.360687213302717,,1.3766933520789355
15,1.0,GPR (sliding window),6.115849185408448,488.860248751141,0.9723250733172847,7.0038173259013385,0.8645833333333334,0.21582732024848306,1.0166358858834372,2.3593585857953414,,50.76386813125329
15,1.0,PC-HDT (proposed),3.7144427596122513,379.0702066925726,0.9833598845814697,3.974398206700354,0.9765625,0.2320244456191547,0.9223906494680436,2.3509441475113713,0.021107739126628715,0.7127049520884535
15,1.0,Ablation: no residual,6.868868179081493,818.6481677229165,0.9223910838300293,7.114518929761182,0.9609375,0.37622402912723335,0.9972318736889141,5.2823873407661885,0.04033295215933566,0.41002138958248224
15,1.0,Ablation: no adaptive inflation,3.7322751979766027,377.8653722803553,0.9834654941607963,4.0143882828859985,0.96875,0.23237381483190486,0.93082991225286,2.2462610485989982,0.018156931495205798,0.5465585020867062
15,1.0,Ablation: no deactivation drift,3.731296115580828,384.2859022480228,0.9828988256398647,3.984399879223167,0.9739583333333334,0.23322237609921573,0.9246606089977544,2.3549759421289402,0.021287571238270853,0.4801288854158277
16,1.0,Static physics,53.864065597990695,4246.705851708849,-1.2866187065213506,70.79158624838257,0.0,0.11759999999999998,1.9225166271809633,14.31450053955747,,0.002302510420311895
16,1.0,Batch recalibration,8.89266137368409,1265.9521680254472,0.7967998685258927,9.507734895374151,0.9010416666666666,0.40056546551991284,1.0138964339898926,5.476106192523183,0.0396512577211541,0.11840403124523391
16,1.0,RSM (static),28.629981606859626,1699.3102677555617,0.6338704734710128,42.14527556290648,0.3489583333333333,0.36343968860207637,1.5604664963415908,3.593812097764116,,0.36942348124095287
16,1.0,ANN (static),31.507420887210575,2479.710420679799,0.22036500451264796,40.946902630020965,0.5625,0.520574417310829,7.801784572143113,7.110992993066219,,5.698597360418016
16,1.0,GPR (static),29.370174506232217,1878.8757393650637,0.5524047095414663,43.314293356423725,0.21614583333333334,0.25511711422513994,1.4716946107161277,3.5694231663441025,,1.681222516665078
16,1.0,GPR (sliding window),6.4527505365236255,499.9146235122609,0.9683130037301365,7.4269069014222335,0.8776041666666666,0.22983228474745065,0.952061966495137,2.325582432362507,,71.0670267291666
16,1.0,PC-HDT (proposed),3.9581001934025113,405.76004819607715,0.9791249291684438,4.262479977061667,0.9739583333333334,0.25150168155047015,0.8821011136884208,2.5413347848206715,0.020772954521291093,0.7742186979167324
16,1.0,Ablation: no residual,8.275674253820185,1025.8355382725742,0.8665726466205119,8.64994880611585,0.9479166666666666,0.4438771280613132,1.0221900998584041,5.680735500994731,0.04787944596646509,0.43590996874769417
16,1.0,Ablation: no adaptive inflation,3.9960154463713753,368.8560609773604,0.9827494383691361,4.362029024570325,0.96875,0.24615481222315536,0.8796102979722918,2.2285233505959114,0.01887440753534211,0.6053941145879094
16,1.0,Ablation: no deactivation drift,3.9783872443850212,409.31440554090887,0.9787576064744477,4.269475742176217,0.9713541666666666,0.25249094530524213,0.8812308272054404,2.53711540068533,0.019142597419226404,0.450507412503498
17,1.0,Static physics,46.946283294282516,3700.7457851912263,-0.7728441987936288,62.653748661712385,0.0,0.11759999999999998,1.777981335461481,13.756184172118783,,0.002129370831956597
17,1.0,Batch recalibration,7.772163089819712,1013.357590756106,0.8670716805431256,8.624403212592275,0.9270833333333334,0.32662944773443053,1.0282414970942062,5.046121555257001,0.042196706694412146,0.08004611875520595
17,1.0,RSM (static),27.328655785582352,1820.354301097451,0.5710527254556834,40.70952690294275,0.2864583333333333,0.24942971036330666,1.402243042075152,3.597863451392942,,0.019174904165690048
17,1.0,ANN (static),39.779279919449955,3122.176647096588,-0.2618478911276536,48.53998249463329,0.6796875,0.8133137803528232,11.209429148747345,13.57937246192427,,5.933573177073015
17,1.0,GPR (static),26.9933265342818,1780.62749994532,0.5895708323745172,40.75330856664091,0.21614583333333334,0.21877607229824048,1.3771977989230517,3.71160544410756,,1.4767316895775668
17,1.0,GPR (sliding window),6.127690145112335,482.38523953400716,0.9698782579565418,7.388995038454505,0.8880208333333334,0.2286432771166068,0.8915874983287894,2.402942610610272,,63.11145869583233
17,1.0,PC-HDT (proposed),3.534183613604607,300.19360946585545,0.9883347258530153,3.706396167820622,0.9921875,0.2230085041996768,0.8174214350165375,2.2965906403027154,0.02191875153377563,0.7651346812555934
17,1.0,Ablation: no residual,6.447206439793455,825.7633160886875,0.9117320102860914,6.27883527846204,0.9635416666666666,0.3693469274163597,0.995399896078312,5.310086117848076,0.029672666562609706,0.40226437916951835
17,1.0,Ablation: no adaptive inflation,3.5834961552085884,308.1955263512656,0.987704541594796,3.8656113077722196,0.9895833333333334,0.22526005253351788,0.8257038966820889,2.2819733766900603,0.022560683508117945,0.5572129583271135
17,1.0,Ablation: no deactivation drift,3.545376389429053,300.4762489550599,0.9883127492408808,3.712707675423644,0.9921875,0.22335253068314276,0.8169141866104056,2.296673545470987,0.02209285002276397,0.43437217290810776
18,1.0,Static physics,49.27648954740203,3735.6238858445713,-0.8527941384827429,64.35734337222078,0.0,0.11759999999999998,1.7392462112814153,13.709421396995833,,0.002014654171963078
18,1.0,Batch recalibration,8.028845872363872,1078.4402751161267,0.8455837228102161,8.071348060460657,0.9322916666666666,0.3651687181007093,1.0248351751939322,5.31444072545002,0.05158549278411809,0.08342821250219383
18,1.0,RSM (static),27.896108266633924,1675.9446491814524,0.6270760949146866,41.61801962199948,0.3203125,0.29409438132420135,1.3794661693673929,3.4654563307773594,,0.01911486666538546
18,1.0,ANN (static),33.641912152670066,2620.713275978307,0.08811536441200085,41.4224570793777,0.5911458333333334,0.630603738870878,9.028515237993565,11.875066321156687,,5.54129547291069
18,1.0,GPR (static),28.487568490944742,1710.3464785308495,0.6116090726480632,42.3138438399684,0.2630208333333333,0.25031245707041366,1.3585922726884856,3.5200388026480223,,1.370937402090533
18,1.0,GPR (sliding window),6.1854046096239825,482.9965223038282,0.9690265994934569,6.730089520633449,0.9114583333333334,0.2378705984414069,0.9971467005988758,2.3548720891514834,,46.281227439583
18,1.0,PC-HDT (proposed),3.944955594556777,363.9630360987103,0.9824120412191315,3.963417064159172,0.9713541666666666,0.24123710438214183,0.906996536521829,2.3115703906704765,0.016117116396447556,0.7058193666703497
18,1.0,Ablation: no residual,7.341443142039651,897.9654140856753,0.8929417597828583,7.339093691299927,0.9583333333333334,0.4068812820406651,1.0228963918846263,5.931927249004672,0.04345337981740132,0.4113555937384679
18,1.0,Ablation: no adaptive inflation,3.9870186644154044,354.7579280250454,0.9832904366850834,4.007249841970088,0.9713541666666666,0.24036174661126433,0.9240474162026323,2.270649798588356,0.01575164282680838,0.539811677084856
18,1.0,Ablation: no deactivation drift,3.9597972949688747,366.57761760457635,0.9821584422670603,3.9767707401013674,0.9713541666666666,0.24237686406771577,0.9073500650266779,2.313556223035875,0.01543639951584103,0.4233364375011206
19,1.0,Static physics,52.933556347492164,4100.854834569164,-1.4284674745850818,70.34262251985271,0.0,0.11759999999999998,1.846855816046483,14.372673336585247,,0.002058712504056833
19,1.0,Batch recalibration,8.146641644496153,1100.4260146587053,0.8251340721338938,9.202594040754033,0.9114583333333334,0.365127693565147,1.0653249742137658,5.408085098823803,0.055876709055112,0.0791321833403913
19,1.0,RSM (static),29.627541934003403,1845.5600902234094,0.5081418417058132,43.20241482615346,0.23177083333333334,0.2735702235032734,1.2727307123150766,3.6469400699623034,,0.01909602083903413
19,1.0,ANN (static),47.350142288125156,4607.127856360787,-2.065095629737783,56.74714012746283,0.5807291666666666,0.6361133080498774,18.92637832737537,17.904884886576895,,5.669208143746118
19,1.0,GPR (static),28.950172413330982,1873.0087407810854,0.4934024241533702,42.68132833068122,0.20572916666666666,0.2376371545990388,1.3961847781345873,3.5993875471083845,,0.7982153312463917
19,1.0,GPR (sliding window),6.145496303604448,487.47426623407176,0.9656847720997511,7.176985770210898,0.8854166666666666,0.2247358163971849,1.0161593345367501,2.3621411458354085,,42.704163939582905
19,1.0,PC-HDT (proposed),3.732512005349506,377.12366623734346,0.9794623346240888,4.0347697616606935,0.9765625,0.2462487868750701,0.9273124269828382,2.4748018055547707,0.031896361092233975,0.7292374770832074
19,1.0,Ablation: no residual,7.08891146624656,925.7556336881098,0.8762411610544659,7.232023093337761,0.9453125,0.40605549918372774,1.103423655784387,5.8996772741104735,0.058034598949697674,0.41454754791393117
19,1.0,Ablation: no adaptive inflation,3.796815665228138,338.3586009576527,0.9834675225035289,4.156146317320698,0.9765625,0.23674754430916142,0.9308021546496955,2.2436460348293585,0.03193265407276977,0.557431012495139
19,1.0,Ablation: no deactivation drift,3.7602725340738186,379.79297274466927,0.979170571771449,4.0493393553009405,0.9765625,0.24754805307786007,0.9277449531099108,2.4744139414880704,0.030387696098175782,0.4512206875006086
20,1.0,Static physics,50.61585009564893,4049.6987748865004,-1.0408140699486759,66.24172095344403,0.0,0.11759999999999998,1.7577378350017456,13.857406069516932,,0.0020508812535050915
20,1.0,Batch recalibration,8.817262943250356,1247.2941823229623,0.8064042621396131,8.65254454886566,0.921875,0.37194208232684245,1.0841178477832607,5.555201989783409,0.047211255543294375,0.08661541458205117
20,1.0,RSM (static),31.256900008097706,1983.8906019709639,0.5102285802367386,44.95122341408884,0.16145833333333334,0.21890843038383737,1.5876389924451035,3.355527501445046,,0.030780375001408327
20,1.0,ANN (static),38.71421260857994,2909.61680720432,-0.053487997128265796,49.30369394898818,0.6666666666666666,0.7749768664883193,10.404053147142687,11.267029516342236,,5.996980047908096
20,1.0,GPR (static),31.008446260537742,1985.088794829075,0.5096367957591547,45.5125931514212,0.12239583333333333,0.17943742190912979,1.603944064468786,3.3612352499916587,,1.5761733229155084
20,1.0,GPR (sliding window),6.515539865148378,506.45923420072546,0.9680811683353537,6.774120218762977,0.875,0.2282260236639464,0.969793706601077,2.3548034505932787,,38.13332337083182
20,1.0,PC-HDT (proposed),3.8863944310194243,392.30608924334234,0.9808482661957852,3.6536462300837944,0.9765625,0.2440773452472554,0.917092648836129,2.270116951913162,0.021840785190979782,0.6970892500040312
20,1.0,Ablation: no residual,7.63751256912847,991.7548534645099,0.8776041571265099,6.693528051134294,0.953125,0.410640065127978,1.0823140174626575,5.774984802414421,0.04693424772773535,0.4024073208322913
20,1.0,Ablation: no adaptive inflation,3.8873761977489965,376.8711643281777,0.9823256350947621,3.693505219183077,0.9739583333333334,0.2425905306718239,0.9293976495817143,2.2448477823655626,0.018931044880096372,0.5385620645834402
20,1.0,Ablation: no deactivation drift,3.8926690787206084,397.40647927958014,0.9803470438357467,3.6545290874538146,0.9739583333333334,0.24529770241940418,0.9173303917467193,2.268787313411969,0.02131019471332265,0.4303433458375139
21,1.0,Static physics,48.55098403429723,3946.0355696930365,-0.8799978590144439,66.00061377597376,0.0026041666666666665,0.11759999999999998,1.866594010559553,14.39606651037871,,0.0020600374980972447
21,1.0,Batch recalibration,8.343327431634952,1088.4786365778234,0.8569541763982145,9.393678065894543,0.9088541666666666,0.35059465247194216,1.0031325724503444,5.395825756362538,0.05724678415458737,0.07919062499534373
21,1.0,RSM (static),26.404233382083476,1786.9909924711462,0.614450548047218,40.30594318492903,0.34375,0.27365626328594844,1.257914296156782,3.463637879928263,,0.01905775417062235
21,1.0,ANN (static),39.242876802202446,3104.36808661647,-0.16354124762534705,54.01219165668938,0.4401041666666667,0.5150379070443147,6.1972190193730405,15.802308083482934,,5.437474314580015
21,1.0,GPR (static),27.15754932064021,1884.366869202848,0.5712873650831514,41.607534577316706,0.2578125,0.2219160720438793,1.288219605758414,3.289651762764989,,1.0254794874986335
21,1.0,GPR (sliding window),6.251352632354947,517.0854898455489,0.9677180273400896,7.392892430727349,0.8828125,0.22373458322729514,0.9315507999417643,2.2112489555081303,,45.987192412501564
21,1.0,PC-HDT (proposed),3.4968933525433092,321.59422083293504,0.9875131804764312,3.6986156619327275,0.9791666666666666,0.22702751286592346,0.8794623878324352,2.173757581512811,0.02129429719616341,0.7265994874998682
21,1.0,Ablation: no residual,7.046491907634493,861.1596181331856,0.9104629716761159,7.116380915140248,0.9453125,0.38620593178004486,1.0012822730565414,5.639847626819678,0.04937935548127534,0.41247335832442406
21,1.0,Ablation: no adaptive inflation,3.5135463200780017,307.67029983980194,0.9885710452599176,3.672093307487427,0.9817708333333334,0.22609157567111926,0.8815312366788274,2.1195255105355324,0.027646493068115254,0.5599582979191572
21,1.0,Ablation: no deactivation drift,3.5247755736852597,326.45857930694046,0.9871325782476639,3.722973549745264,0.9791666666666666,0.2284552027841501,0.8797267951945231,2.1753075662096646,0.020921555578606074,0.45211523333629583
22,1.0,Static physics,46.67734905298161,3615.663275025047,-0.6140970687113991,62.405523640927505,0.0026041666666666665,0.11759999999999998,1.6999992010931102,13.41404323104378,,0.0020180812507912074
22,1.0,Batch recalibration,7.99017737585287,1094.4944920078672,0.8520956819384791,8.98112391389635,0.9036458333333334,0.3627487392999062,1.058011774968488,5.053174342727275,0.055439337448657026,0.08921539374237379
22,1.0,RSM (static),30.281578261459135,1864.8527428991304,0.5706190425754084,44.06828828623077,0.1953125,0.2343326784196703,1.2849953942672605,3.345100750539017,,0.018803183330836266
22,1.0,ANN (static),31.23630421955473,2237.519812415951,0.3818591119259065,40.335769525013085,0.609375,0.6186385045343085,11.510260518813029,12.876683076284252,,6.004960104170228
22,1.0,GPR (static),29.023867956695398,1784.817933512193,0.6066840715842249,42.98064414001959,0.19791666666666666,0.2367272773819983,1.2367460730499256,3.275444002263677,,1.021051299999461
22,1.0,GPR (sliding window),6.1075621965111075,518.8564663131633,0.9667609839033048,6.959398473695151,0.8645833333333334,0.22788932269865417,0.9139068663156288,2.272340253887648,,44.029534785417944
22,1.0,PC-HDT (proposed),3.7321158333946594,342.900250468265,0.9854825848165161,3.959343945816813,0.9869791666666666,0.2339099030171734,0.8475390454797314,2.2779121071243424,0.015186455247000111,0.7039010249940247
22,1.0,Ablation: no residual,7.260466097873966,901.719999666013,0.899608464443758,7.4895153181672764,0.9557291666666666,0.4117282964752324,1.0416450786829488,5.396558313285416,0.05692570302559905,0.4059160250084422
22,1.0,Ablation: no adaptive inflation,3.826203916207433,336.40049055005267,0.9860277311512154,4.128081862859273,0.9817708333333334,0.23720236489641464,0.8497686573735412,2.1495562232952823,0.018117643528790077,0.5548576187540751
22,1.0,Ablation: no deactivation drift,3.747348759103105,344.6473413887768,0.9853342742940857,3.9746361862964825,0.9895833333333334,0.23428150726903077,0.8476775989360473,2.279314543096392,0.015288416252753678,0.43896598958165595
23,1.0,Static physics,50.28373522480125,3841.1352708802274,-0.8299808262027675,65.10297121626746,0.0,0.11759999999999998,1.7996557690639319,13.487277472563012,,0.0023040458344780745
23,1.0,Batch recalibration,8.59220654101109,1098.3632153592043,0.8503697865368811,8.541943240755113,0.8932291666666666,0.34631536737123797,1.1381723307603646,5.0399593072955575,0.050101820935140186,0.07286188125353495
23,1.0,RSM (static),30.85779230642253,1860.1276521323175,0.5708463271035951,45.46227408365816,0.2265625,0.25399677996137854,1.4549481957672021,3.3173159610422065,,0.0193943666606818
23,1.0,ANN (static),35.492353114745434,2769.8028883170964,0.04846435113609482,44.94140239631133,0.5390625,0.6215143640842032,7.017961372470563,15.19863399474386,,5.723696633333948
23,1.0,GPR (static),31.33467923725658,1867.1365483583547,0.5676061619740702,46.001800692774225,0.17447916666666666,0.2402308203819091,1.4681451039632902,3.3411367884630154,,1.4394490916586733
23,1.0,GPR (sliding window),6.283458671951238,505.97477894786135,0.9682469772433594,6.480846665794051,0.8776041666666666,0.23571596065213143,1.0546569482951087,2.314889266737321,,63.92667233333545
23,1.0,PC-HDT (proposed),3.4827652487327674,326.7504109142215,0.9867578159181375,3.494496092857341,0.9817708333333334,0.224035614157729,1.0048038752312276,2.2360225188677276,0.015305493509934447,0.7126929437485311
23,1.0,Ablation: no residual,7.226918348418895,904.1188919993339,0.898613898418764,6.644206504827616,0.9505208333333334,0.38454700058639996,1.1045454853625016,5.311209978190366,0.04186443670506127,0.4066996958286495
23,1.0,Ablation: no adaptive inflation,3.68150707005084,329.1922793332657,0.9865591536036794,3.659334741132872,0.9791666666666666,0.23001306035782565,1.0158876829970331,2.201772716830904,0.019192272249619575,0.5516411458373227
23,1.0,Ablation: no deactivation drift,3.5204332125777413,331.3390973054311,0.9863832737844184,3.494870235202943,0.9817708333333334,0.2252613904620054,1.0051937165925293,2.2355413950501877,0.015154890782868417,0.4585993312455609
24,1.0,Static physics,50.719939542346225,4299.301906874248,-1.0800645063688852,68.86142383000879,0.0078125,0.11759999999999998,1.9010791359367798,14.571891010902592,,0.0023908499907558203
24,1.0,Batch recalibration,9.326675859103421,1270.76880447561,0.8182752807105753,9.741177315877474,0.8984375,0.3949132451892941,1.0411371857578233,5.097852036824335,0.03731898445205568,0.0792010520925146
24,1.0,RSM (static),33.48023724550514,2477.9591241113158,0.3090140881913992,49.41292690375063,0.21614583333333334,0.2467429045762843,1.493125005325426,3.8416102737556304,,0.018696250001918695
24,1.0,ANN (static),30.819708469439405,2179.606821917516,0.46538980836496935,44.6755798634057,0.4661458333333333,0.426700470278728,11.39930525495937,12.812467869059331,,5.670932743751204
24,1.0,GPR (static),30.965505530321956,2042.9235095865824,0.5303383179332606,46.59503416556886,0.203125,0.22315605435012276,1.450920610124041,3.7774175175213816,,1.4794532208294224
24,1.0,GPR (sliding window),6.597253793301217,501.091543670257,0.9717437148807297,7.439168369390157,0.8828125,0.23293063790813054,0.9680477555529741,2.3796084360708774,,43.88279885000231
24,1.0,PC-HDT (proposed),4.147139744566164,396.29724439590717,0.9823264813809481,4.297567196539238,0.96875,0.2430058900235663,0.8948294230478246,2.2105355911197697,0.021627870456187068,0.7455789375039027
24,1.0,Ablation: no residual,8.45727900633378,1075.0001100639097,0.8699537198496591,8.652236138825138,0.9479166666666666,0.4433623412552361,1.0458203192821045,5.346382902011731,0.040295279861446,0.419124895845376
24,1.0,Ablation: no adaptive inflation,4.176878565122541,395.581132481413,0.9823902960175425,4.307901368000133,0.9713541666666666,0.2435245360611122,0.8998361905652843,2.173209237036613,0.022355011986895705,0.5531845791717652
24,1.0,Ablation: no deactivation drift,4.205733945984521,404.3589039608476,0.9816001222269519,4.316861582395237,0.9661458333333334,0.2449309900285702,0.8951095848399392,2.210907767802212,0.022997869652854466,0.45767602915892286
25,1.0,Static physics,53.39668340348423,4320.200504073762,-1.3995395132772224,69.23024794587516,0.0,0.11759999999999998,2.0258032386756515,14.889166264675548,,0.0027802645713374354
25,1.0,Batch recalibration,8.84182224825731,1322.5023312019669,0.7751395932809548,8.495900680383276,0.9088541666666666,0.38872438421486494,1.11631073568956,5.478312921174023,0.04408582717180832,0.07563964582715244
25,1.0,RSM (static),35.10158363098731,2408.406276932782,0.2542734590698378,49.60738247000937,0.16927083333333334,0.25033190912620423,1.5486068828726223,3.4763494426223134,,0.01906294999258762
25,1.0,ANN (static),37.822273422483946,2973.454288417996,-0.13669155158077317,48.70427354537031,0.5520833333333334,0.6082994975487562,6.422351770840727,11.128333266463628,,5.698285133339216
25,1.0,GPR (static),34.021622965626534,2258.1960743536256,0.34439328137395286,48.37523827278099,0.10677083333333333,0.20683287337483683,1.5938052130443445,3.633956942164393,,1.9727279749991073
25,1.0,GPR (sliding window),6.472428533298094,526.2545239346643,0.9643949349224503,6.3403468137923245,0.8645833333333334,0.22591008435958856,1.03520397794634,2.4429445403155947,,65.46730220624777
25,1.0,PC-HDT (proposed),4.214334755991293,387.61922470969154,0.9806833986749269,4.363445355812344,0.9791666666666666,0.24416976218592934,0.9755330371119532,2.317395535787515,0.032678668189161326,0.7126648499962585
25,1.0,Ablation: no residual,7.717523552323984,1047.6018957961153,0.8589046663969038,6.45501633738681,0.9348958333333334,0.4310096262384982,1.1135847852120915,5.959586141398665,0.05022533700524654,0.4067644437493338
25,1.0,Ablation: no adaptive inflation,4.221762495916534,383.10940413706896,0.9811302683190449,4.3734188469172,0.9791666666666666,0.24341507180863298,0.974055482582117,2.3125421282146936,0.033341334575141615,0.5435956604088688
25,1.0,Ablation: no deactivation drift,4.243139647776735,390.7433506589409,0.9803707687258518,4.384251253799965,0.9791666666666666,0.24534701841989767,0.9765402200854855,2.3178472283697764,0.032806975512315366,0.439253264585678
26,1.0,Static physics,49.660006306701845,4133.9765628682135,-1.1783634844014022,68.52229235825467,0.005208333333333333,0.11759999999999998,1.973250295329331,14.651224988837502,,0.0020722104101385717
26,1.0,Batch recalibration,9.195143200990664,1249.4951220254077,0.8009952428805842,11.120715273651353,0.9244791666666666,0.4031784461412195,1.133300735663681,5.549155919046005,0.05062414989107203,0.08083392917370702
26,1.0,RSM (static),29.908479376064555,2028.730608202469,0.47538211605396186,44.80044082597043,0.234375,0.22452713873098643,1.3691217556981699,3.355013965574173,,0.021235647922897744
26,1.0,ANN (static),36.67005942510599,3105.0308888674053,-0.22892726033447364,50.48505400768622,0.4947916666666667,0.560679056062985,8.83560804906319,5.363789097661837,,5.804417735424276
26,1.0,GPR (static),29.69911645217534,2039.0991855756095,0.4700059054409196,44.89141164294155,0.2265625,0.2243222383889194,1.2900200955526768,3.3506071212199,,1.3592161166622911
26,1.0,GPR (sliding window),6.292600640553118,539.2147224339146,0.9629389421836558,7.351712425450215,0.8802083333333334,0.23847038764600956,1.0185404063278785,2.2631495136787882,,50.65203658958476
26,1.0,PC-HDT (proposed),4.091799185405588,391.2634210618292,0.9804866055330055,4.266197624520359,0.9661458333333334,0.2536201758471183,0.9772164614222346,2.20789847809428,0.017034748577977626,0.6951770500037924
26,1.0,Ablation: no residual,8.061807982845169,1059.3510720023335,0.8569545168412107,8.458504509218855,0.9505208333333334,0.4489897883749389,1.1875863277046632,6.008572234613601,0.061351481812167555,0.3986778145877186
26,1.0,Ablation: no adaptive inflation,4.1943400070068195,379.81713628203005,0.9816116213478703,4.28498236291062,0.96875,0.2527565865965994,0.9761291070132015,2.074839194195266,0.020491543684486753,0.5362044187421589
26,1.0,Ablation: no deactivation drift,4.115630169288454,394.8115586593447,0.9801310898572492,4.291734937267952,0.9661458333333334,0.25461786257708,0.9768542839134872,2.208387503800831,0.016529398973844964,0.43165265416623316
27,1.0,Static physics,47.15078725660191,3675.9168260367305,-0.5780048927282138,61.89772660384594,0.0,0.11759999999999998,1.7244356108335799,13.539299300036527,,0.0018831000024495854
27,1.0,Batch recalibration,7.894061671717415,1006.9186680637476,0.8815961624397162,8.235752178621864,0.9036458333333334,0.3308499717536086,1.0050207341855282,4.934443673325431,0.05540151010458168,0.07599114999976564
27,1.0,RSM (static),25.618036446585467,1636.449066217359,0.6872610466567681,37.837270036304474,0.2760416666666667,0.2482089618724482,1.3531597467260394,3.750725304490402,,0.017914466673119023
27,1.0,ANN (static),39.49813053376325,3080.7334967160314,-0.10837125600056341,50.188792885986,0.5703125,0.7014692627161662,9.838829064134197,14.403836843552762,,5.689066664585596
27,1.0,GPR (static),26.556899211210922,1694.0280131226907,0.6648662481241099,39.44660651068054,0.23958333333333334,0.2195722248944244,1.3490751471305946,3.6007275072570635,,0.6253899395829876
27,1.0,GPR (sliding window),6.093327805906919,502.00560616401503,0.9705697380628133,6.956865615829898,0.8776041666666666,0.22930962995455026,1.0178151465296748,2.314865966774787,,26.8525340874902
27,1.0,PC-HDT (proposed),3.8022410564091365,372.52102851841346,0.9837938975584848,3.597705223796636,0.9739583333333334,0.2399619290833135,0.9473458129733175,2.3759966124348595,0.021088433728598418,0.705052583335449
27,1.0,Ablation: no residual,6.723312772515257,837.1497094274138,0.9181566769056615,6.284127358905951,0.953125,0.3735092985215596,1.0111766562649152,5.15783363523215,0.04334424305296281,0.42141511249838004
27,1.0,Ablation: no adaptive inflation,3.821883191721267,352.86544563904266,0.9854589670888952,3.610470510904715,0.9739583333333334,0.23804143989539672,0.9435944897578827,2.2590699879238954,0.021006701280471184,0.5526732999963239
27,1.0,Ablation: no deactivation drift,3.8192449004670697,375.6217817353019,0.9835229852713776,3.6234723916875073,0.9739583333333334,0.24103902956451664,0.9484402489836778,2.3767994403504096,0.021036337986225274,0.43810219375236176
28,1.0,Static physics,54.708405270887816,4136.659122893267,-1.2729765962074793,70.78156609329542,0.0,0.11759999999999998,2.013985612712504,14.401116272414573,,0.002104879164240477
28,1.0,Batch recalibration,7.971537009670292,1042.9932369303501,0.8555031169046186,8.868622231431067,0.9140625,0.34269290742318487,1.1714505772479311,5.672631314244163,0.04492787964791613,0.0758449416683978
28,1.0,RSM (static),31.14901768905969,1889.0169948076548,0.5260121331777291,43.57353718217667,0.22916666666666666,0.29714965210824607,1.308124682433945,3.4273003370113617,,0.020926027077905474
28,1.0,ANN (static),46.000350337510994,3067.860068306107,-0.2501628456545548,57.55681370773416,0.5026041666666666,0.6322876616578946,6.3308163401021185,12.838283979197211,,5.721548502080509
28,1.0,GPR (static),30.249582897762423,1893.1632255296993,0.523929124022328,42.82163647693538,0.20572916666666666,0.28172867573439264,1.3188031272710323,3.387883902728289,,1.3958042541607558
28,1.0,GPR (sliding window),6.3736955470187135,516.8940748366584,0.9645106044806969,6.783025980156056,0.8828125,0.22575572640962238,1.0028572975641437,2.339597997728378,,41.18297077708395
28,1.0,PC-HDT (proposed),3.6600666537699085,318.971444255916,0.9864855273378547,3.9402657438007407,0.9739583333333334,0.2375320285305671,0.8947657208801503,2.283866672128277,0.01832431419355522,0.7080469166699762
28,1.0,Ablation: no residual,6.931551665263841,832.3726325564671,0.907969648704549,7.3229022795303464,0.953125,0.37673950008065304,1.1225580626217566,6.0804155573477106,0.032286274213842,0.40187646458823184
28,1.0,Ablation: no adaptive inflation,3.6428892230690493,316.74837144616004,0.9866732492330728,3.9371268914908115,0.9765625,0.23704587675289948,0.9030233820763423,2.2469268450563877,0.01656435727808491,0.5578066791609141
28,1.0,Ablation: no deactivation drift,3.701400517333787,321.08566490181187,0.9863057791463024,3.955372461185199,0.9739583333333334,0.23850763176023712,0.8941228816908439,2.28363641833038,0.019576283163204897,0.43195403958786
29,1.0,Static physics,48.34718659982422,3853.4285265655817,-0.8374758183168298,64.16856236523677,0.0,0.11759999999999998,1.835118736871848,13.559939524278704,,0.002116577080831424
29,1.0,Batch recalibration,8.07994209559519,1101.2522115586867,0.8499276776213269,9.170846058896476,0.9088541666666666,0.3555299744341182,1.0052262972824506,5.347442246379765,0.04356916009874234,0.08247149583885023
29,1.0,RSM (static),29.53649318781037,1812.4928979059923,0.5934821283210269,42.8033456293617,0.2760416666666667,0.30515908261977526,1.413894518442592,3.3804999716693587,,0.018528112503209588
29,1.0,ANN (static),31.46783401517942,2206.9456554531175,0.3972873672012076,42.22006299460543,0.3723958333333333,0.4189868246466615,7.776850187353638,7.288314938455578,,5.913220631247877
29,1.0,GPR (static),28.850796229646065,1863.6898301135736,0.5701922057531614,42.0819150015964,0.171875,0.23231757295641772,1.3810447538172812,3.3531457685254353,,1.0393903833242273
29,1.0,GPR (sliding window),6.383894739958014,571.9381845448887,0.9595214263164868,7.202509053681528,0.8958333333333334,0.2232312915444454,0.9161061054590118,2.3275541043612598,,38.72310963541565
29,1.0,PC-HDT (proposed),3.636039393107605,356.50525909819703,0.9842725288248845,3.593572786308954,0.9713541666666666,0.23707449974773184,0.8934055253862008,2.2122671518365333,0.035927613594271574,0.7028017270765
29,1.0,Ablation: no residual,7.049126990456081,868.990086303315,0.9065548727009274,7.570752454479335,0.9583333333333334,0.39019358129325704,0.9865391238419262,5.724066774281731,0.041405378565497954,0.4017673062477911
29,1.0,Ablation: no adaptive inflation,3.6629770707730667,356.34178309782794,0.984286949227027,3.611165567072325,0.9713541666666666,0.2366443618556322,0.8915867937716226,2.195503241878285,0.03961587530742479,0.5303663770808006
29,1.0,Ablation: no deactivation drift,3.6645716085134774,358.5502194684381,0.9840915817150578,3.6043463353060594,0.9713541666666666,0.23832654262409436,0.8934078154389401,2.213739443851393,0.039084232704831065,0.4314356000013693
