seed,deact_scale,controller,NH3_total_g,energy_kWh,EY_g_per_kWh,renewable_util_pct,T_violation_h,T_max_K,final_activity,limiter_events,decision_ms
10,0.5,Thermal PI (max-load),8.396078952512863,8.640240859971062,0.9717413077464814,92.5116399625518,0.0,444.10960217358945,0.7537867624940335,312,0.010947724987886431
10,0.5,Static-model optimiser,9.304845880592097,9.30912946270965,0.999539851482922,99.67347521627573,14.0,490.2320988299217,0.7043397787945344,377,0.41002007290273923
10,0.5,Recalibrated-model optimiser,9.23852435976217,9.173280553098168,1.007112374497471,98.21893180493328,5.5,461.95441077083325,0.7163730969491049,88,0.4745761229173695
10,0.5,PC-HDT optimiser (proposed),9.374860164472613,8.989377663103653,1.042882000936633,96.24987119389583,0.0,455.51516791411615,0.7434470928674117,98,29.05801680833046
11,0.5,Thermal PI (max-load),9.020030117657372,9.135957476099982,0.9873108693045167,92.24314819328325,0.0,446.8816097909521,0.7423661830211671,295,0.011017933309176442
11,0.5,Static-model optimiser,9.797367901458895,9.877639346267154,0.991873418132178,99.73169778877757,21.0,487.86462897304574,0.6800486969737631,390,0.45176715624014224
11,0.5,Recalibrated-model optimiser,9.747918916361158,9.70482572910265,1.0044403875413528,97.98684815045289,6.5,487.4189432880723,0.6977317121845817,99,0.45796881876754014
11,0.5,PC-HDT optimiser (proposed),9.889588230041252,9.41482786174965,1.0504268771838567,95.05882267266814,0.0,455.62440134026417,0.7346921170573123,85,28.527592731260636
12,0.5,Thermal PI (max-load),9.087853636752154,9.2183575436254,0.9858430413166724,91.9988946051241,0.0,448.11536025186706,0.7404312421988856,297,0.015266893752633829
12,0.5,Static-model optimiser,9.871303986783783,9.997356884230157,0.9873913776505058,99.77328151674013,23.0,493.728229621875,0.6737345329023849,388,0.43895972290499685
12,0.5,Recalibrated-model optimiser,9.780606080704942,9.843306524394706,0.9936301441457327,98.23586416757432,13.0,489.018083323875,0.6874506572983653,94,0.49454755000795103
12,0.5,PC-HDT optimiser (proposed),9.92449774550725,9.422572030181371,1.0532684402643104,94.03694823198673,0.0,456.38235508895997,0.736641722187922,51,27.298699227057455
13,0.5,Thermal PI (max-load),9.204133013862128,9.316488616424165,0.9879401341870409,92.64063125433783,0.0,444.9572737386858,0.7428712340562524,301,0.011426172934155451
13,0.5,Static-model optimiser,9.985991784779682,10.03133337605384,0.995480003547445,99.74885330102202,21.0,492.7325775595,0.6817423293229128,391,0.4282702312527438
13,0.5,Recalibrated-model optimiser,9.951137965697901,9.855546890118433,1.0096992157457352,98.00088025092576,5.0,460.6914926922083,0.7014331347936016,111,0.4953668187454241
13,0.5,PC-HDT optimiser (proposed),9.99915747699626,9.509733552018282,1.0514655770638395,94.56220638389712,0.0,454.8230948164266,0.7394209723585221,106,28.725043927073557
14,0.5,Thermal PI (max-load),8.767124021928979,8.959219142629458,0.9785589438496421,92.68146291394939,0.0,444.08488762312584,0.750130220212815,305,0.014170299978862507
14,0.5,Static-model optimiser,9.63645745602598,9.645210923780374,0.9990924545016624,99.77792085429539,13.0,493.786260718,0.6980679513761037,392,0.40232310415907097
14,0.5,Recalibrated-model optimiser,9.538765578094084,9.501861619627482,1.0038838661247573,98.2949988490315,4.0,469.2660918617894,0.7114313670109936,83,0.4612675729182077
14,0.5,PC-HDT optimiser (proposed),9.649724576018565,9.21394981257908,1.0472951092966185,95.31660452217804,0.0,454.8230948164266,0.7445392986814656,76,28.775772527081738
15,0.5,Thermal PI (max-load),9.497455391586495,9.521292964365076,0.9974963933083673,90.8335220819117,0.0,448.4339875102626,0.7348126300636372,293,0.01205966250002651
15,0.5,Static-model optimiser,10.327292816138998,10.458307125183605,0.9874727039972727,99.772675281621,31.5,494.9333333333333,0.6502198250112228,399,0.44292018125418053
15,0.5,Recalibrated-model optimiser,10.287739399929414,10.155741407263577,1.0129973762990292,96.88618602824143,11.5,479.66352615792385,0.684841588047329,91,0.45930727289847556
15,0.5,PC-HDT optimiser (proposed),10.362658680223355,9.776069833715617,1.0600025221265008,93.26410377651203,0.0,454.74385369674,0.7255775253740294,72,28.557004433337358
16,0.5,Thermal PI (max-load),9.359797979900634,9.466383987369325,0.9887405784921777,92.48954320634377,0.0,445.7604602983364,0.74129109201329,298,0.01651219372907538
16,0.5,Static-model optimiser,10.256954850569176,10.209295104566477,1.0046682699946035,99.74801803307366,20.0,487.1048408127628,0.6872616065126964,395,0.38941039376349335
16,0.5,Recalibrated-model optimiser,10.199822918552842,10.043507886610168,1.0155637884400002,98.12822487037408,3.5,479.7126619067443,0.7007131358285322,78,0.4598457270825899
16,0.5,PC-HDT optimiser (proposed),10.357329239003281,9.803795888714461,1.0564611255244527,95.78616340149264,0.0,454.83892843343756,0.7302630471541385,73,28.19236122293584
17,0.5,Thermal PI (max-load),9.01920185405016,9.228515565331902,0.9773188103980605,91.82488194841689,0.0,449.49241722797007,0.7473089822983858,301,0.010824333344316983
17,0.5,Static-model optimiser,9.960060582969101,10.028289104750998,0.9931963946123599,99.78272850810731,25.0,494.9333333333333,0.6844301611090678,394,0.3950169541572753
17,0.5,Recalibrated-model optimiser,9.8576502756143,9.838118063239374,1.0019853606400506,97.89050290441301,3.5,467.39070481304924,0.7010378710415599,86,0.4973826000063279
17,0.5,PC-HDT optimiser (proposed),9.881666466999011,9.465981742946061,1.0439135353670752,94.18770006058179,0.0,454.05735528475304,0.7412666773721286,47,28.267179675015086
18,0.5,Thermal PI (max-load),8.953309197832802,9.117878157999904,0.9819509586204865,92.30678549307527,0.0,446.9256756785859,0.7481854833890349,310,0.012204787483938162
18,0.5,Static-model optimiser,9.788664637962796,9.854181043961187,0.9933514103601191,99.7609049027241,17.5,494.9333333333333,0.6893397448403091,402,0.4040991270765441
18,0.5,Recalibrated-model optimiser,9.701127186051034,9.69306732260494,1.0008315080436199,98.1298357592772,7.0,479.0858310437373,0.7046020510001012,101,0.5012654749966335
18,0.5,PC-HDT optimiser (proposed),9.888888981491375,9.448681948094109,1.0465892529577694,95.65574826307352,0.0,452.50322212443336,0.735513489380497,85,28.11568109374889
19,0.5,Thermal PI (max-load),8.61596122142867,8.786226578764467,0.9806213331958326,91.68296019688114,0.0,447.8321558773238,0.7479051465112706,300,0.01176452292763012
19,0.5,Static-model optimiser,9.491690656260058,9.55736828505185,0.9931280634131766,99.72970856262194,20.0,494.9333333333333,0.6852860257364036,374,0.4020199291574045
19,0.5,Recalibrated-model optimiser,9.41469306140851,9.38166329567705,1.003520672687825,97.89625327862349,9.0,483.1922819998766,0.7038503565546067,110,0.4690748624994967
19,0.5,PC-HDT optimiser (proposed),9.485591183046992,9.073042165240858,1.0454697564821889,94.67583794286547,0.0,451.71313456309997,0.7412710423665452,68,28.622316943762865
10,1.0,Thermal PI (max-load),8.028050830399835,8.640240859971062,0.9291466477043006,92.5116399625518,0.0,444.10960217358945,0.6823496087227074,312,0.011075672928010741
10,1.0,Static-model optimiser,8.750376781142167,9.30912946270965,0.939977987866027,99.67347521627573,14.0,490.2320988299217,0.6163717360822158,377,0.4012705770823762
10,1.0,Recalibrated-model optimiser,8.708032765950193,9.171773181681317,0.9494383030909064,98.20279227779908,5.5,461.95441077083325,0.631331295056459,85,0.4739610979072495
10,1.0,PC-HDT optimiser (proposed),8.982458942280811,9.029324561654754,0.9948096206915665,96.67758532319759,0.0,455.51516791411615,0.6638560373125356,108,27.462216314574068
11,1.0,Thermal PI (max-load),8.582561582719334,9.135957476099982,0.9394266123908356,92.24314819328325,0.0,446.8816097909521,0.6657545133203607,295,0.010866539598926769
11,1.0,Static-model optimiser,9.09876963673512,9.877639346267154,0.9211481931837919,99.73169778877757,21.0,487.86462897304574,0.5863306547606084,390,0.3979385020746425
11,1.0,Recalibrated-model optimiser,9.08767161740738,9.703754323935437,0.9365108919742108,97.97603047908426,6.5,487.4189432880723,0.6073287244068416,96,0.4769795833264349
11,1.0,PC-HDT optimiser (proposed),9.43369129234782,9.438645114495037,0.9994751553758909,95.29929865783959,0.0,455.62440134026417,0.652700142972005,76,28.545034789579898
12,1.0,Thermal PI (max-load),8.62912793857945,9.2183575436254,0.9360808471294966,91.9988946051241,0.0,448.11536025186706,0.6627805693361188,297,0.010925681257845099
12,1.0,Static-model optimiser,9.125814698161161,9.997356884230157,0.9128227394338829,99.77328151674013,23.0,493.728229621875,0.5786769165591401,388,0.3928766833411146
12,1.0,Recalibrated-model optimiser,9.0495974522887,9.842275672859149,0.9194618961185651,98.22557630432705,13.0,489.018083323875,0.5943315062965351,93,0.46899401666754176
12,1.0,PC-HDT optimiser (proposed),9.4827051869966,9.466494031815854,1.0017124771986612,94.47528831373059,0.0,456.38235508895997,0.6541056311529204,60,27.994017889562883
13,1.0,Thermal PI (max-load),8.753831614544229,9.316488616424165,0.9396063232570241,92.64063125433783,0.0,444.9572737386858,0.666252813278414,301,0.011403000008651057
13,1.0,Static-model optimiser,9.293564452734103,10.03133337605384,0.9264535535145415,99.74885330102202,21.0,492.7325775595,0.5880694055797037,391,0.3954609812637955
13,1.0,Recalibrated-model optimiser,9.307393404767849,9.852839428816631,0.9446407273771746,97.9739579914327,5.0,460.6914926922083,0.612105522410262,107,0.5424628875109269
13,1.0,PC-HDT optimiser (proposed),9.532440014264754,9.514907926171341,1.0018425914606266,94.6136589544547,0.0,454.8230948164266,0.6620002235881427,89,28.7742568228983
14,1.0,Thermal PI (max-load),8.366586038510942,8.959219142629458,0.9338521477503917,92.68146291394939,0.0,444.08488762312584,0.6767730861840227,305,0.011075410399522903
14,1.0,Static-model optimiser,9.012522232421674,9.645210923780374,0.9344038511590452,99.77792085429539,13.0,493.786260718,0.6074122243601376,392,0.44337084998934034
14,1.0,Recalibrated-model optimiser,8.9658072693774,9.500661532790389,0.9437034714301732,98.28258417294033,4.0,469.2660918617894,0.6245646296481746,82,0.4710511666483323
14,1.0,PC-HDT optimiser (proposed),9.232418175789526,9.248800581114148,0.9982286994750352,95.6771292688199,0.0,454.8230948164266,0.6658197702720805,85,28.470051999996333
15,1.0,Thermal PI (max-load),9.00300604139429,9.521292964365076,0.9455654893814784,90.8335220819117,0.0,448.4339875102626,0.6549087477390341,293,0.010819502089513358
15,1.0,Static-model optimiser,9.531883793848994,10.458307125183605,0.9114174674499869,99.772675281621,31.5,494.9333333333333,0.5536244533440453,399,0.396307700019823
15,1.0,Recalibrated-model optimiser,9.54775891155759,10.155123729130613,0.9401912932059352,96.88029335373388,11.5,479.66352615792385,0.5917839821474599,88,0.4628517521013009
15,1.0,PC-HDT optimiser (proposed),9.807601330763603,9.789473981537038,1.00185171841314,93.39197989183408,0.0,454.7914129754784,0.6416248925061397,72,28.104815470828726
16,1.0,Thermal PI (max-load),8.903682080142893,9.466383987369325,0.9405578827166503,92.48954320634377,0.0,445.7604602983364,0.6642335036677319,298,0.011313797922222571
16,1.0,Static-model optimiser,9.590973321375344,10.209295104566477,0.9394354089231326,99.74801803307366,20.0,487.1048408127628,0.5956851621190157,395,0.40657807290737463
16,1.0,Recalibrated-model optimiser,9.557448296204779,10.041556508215919,0.9517895247001751,98.1091592908933,3.5,479.7126619067443,0.6116963061208193,75,0.48051577085364744
16,1.0,PC-HDT optimiser (proposed),9.87195316725036,9.838625066829238,1.003387475403803,96.12645540511159,0.0,454.8230948164266,0.6477470905615049,51,28.24119324374313
17,1.0,Thermal PI (max-load),8.598035765915391,9.228515565331902,0.9316813419283824,91.82488194841689,0.0,449.49241722797007,0.6729978651843391,301,0.01141910418596126
17,1.0,Static-model optimiser,9.284706712637984,10.028289104750998,0.9258515201999178,99.78272850810731,25.0,494.9333333333333,0.5922346571114278,394,0.39787565832985666
17,1.0,Recalibrated-model optimiser,9.220724087852096,9.835916884162419,0.9374544535547171,97.86860089780558,3.5,467.39070481304924,0.6119952794517568,82,0.4733470583166384
17,1.0,PC-HDT optimiser (proposed),9.456095716375787,9.492338907201436,0.9961818482062252,94.44995713530969,0.0,454.05735528475304,0.6629874853956075,41,27.84333580624813
18,1.0,Thermal PI (max-load),8.541571348549576,9.117878157999904,0.9367937584311012,92.30678549307527,0.0,446.9256756785859,0.6742031183551287,310,0.010529883337540014
18,1.0,Static-model optimiser,9.124808294442339,9.854181043961187,0.9259834230500747,99.7609049027241,17.5,494.9333333333333,0.5973390390642968,402,0.4207168041574505
18,1.0,Recalibrated-model optimiser,9.07131065742379,9.69214566023802,0.9359445240942671,98.12050511360218,7.0,479.0858310437373,0.6158435935430083,100,0.50802274375125
18,1.0,PC-HDT optimiser (proposed),9.39680921888817,9.442714234520775,0.9951385783268982,95.59533284106939,0.0,452.50322212443336,0.6560678627555756,75,29.103221999979684
19,1.0,Thermal PI (max-load),8.211685357384827,8.786226578764467,0.9346088771750714,91.68296019688114,0.0,447.8321558773238,0.673841065621212,300,0.010777289574548377
19,1.0,Static-model optimiser,8.86236560108135,9.55736828505185,0.9272809560914885,99.72970856262194,20.0,494.9333333333333,0.5935422741517985,374,0.39812879583583555
19,1.0,Recalibrated-model optimiser,8.799496458832515,9.380541382532488,0.9380584872444635,97.88454628276412,9.0,483.1922819998766,0.6154343599400738,110,0.478063389572488
19,1.0,PC-HDT optimiser (proposed),9.105359231399214,9.113198908553628,0.9991397447555924,95.09486755310557,0.0,453.39440265570954,0.6614532177570278,122,28.61101549788619
10,2.0,Thermal PI (max-load),7.453753971458162,8.640240859971062,0.8626789567858327,92.5116399625518,0.0,444.10960217358945,0.5840736462465477,312,0.01077658747874466
10,2.0,Static-model optimiser,7.979702852981786,9.30912946270965,0.8571910923515181,99.67347521627573,14.0,490.2320988299217,0.5159260058600467,377,0.4455614895846338
10,2.0,Recalibrated-model optimiser,7.969223045067309,9.173055733406635,0.868764267510642,98.21652464537642,5.5,461.95441077083325,0.5302303201614438,88,0.4818778708312266
10,2.0,PC-HDT optimiser (proposed),8.312438548649709,9.063990701968839,0.9170837462183317,97.04875801891323,0.0,455.51516791411615,0.559318178961897,113,28.509936414599224
11,2.0,Thermal PI (max-load),7.916720452223379,9.135957476099982,0.8665452387375736,92.24314819328325,0.0,446.8816097909521,0.5647270820374699,295,0.018330699995772193
11,2.0,Static-model optimiser,8.189629184792649,9.877639346267154,0.8291079374028352,99.73169778877757,21.0,487.86462897304574,0.4867728686502801,390,0.42568239583242
11,2.0,Recalibrated-model optimiser,8.205773002243141,9.70380135112722,0.8456245862133128,97.9765052991819,6.5,487.4189432880723,0.5056765561965981,92,0.5078484624997751
11,2.0,PC-HDT optimiser (proposed),8.700315272627773,9.460048377137612,0.9196903573616061,95.51540127575608,0.0,455.62440134026417,0.5495295927552942,83,27.95944982292345
12,2.0,Thermal PI (max-load),7.938009114210024,9.2183575436254,0.8611088338289989,91.9988946051241,0.0,448.11536025186706,0.5609155400189859,297,0.010764254146048794
12,2.0,Static-model optimiser,8.168851457805555,9.997356884230157,0.817101115064834,99.77328151674013,23.0,493.728229621875,0.4794349045754082,388,0.39746159584410634
12,2.0,Recalibrated-model optimiser,8.10171110807094,9.841228846520737,0.8232418160802363,98.21512901309089,13.0,489.018083323875,0.4928404507012454,92,0.4748425249933537
12,2.0,PC-HDT optimiser (proposed),8.76593613774401,9.520486594518923,0.9207445492114533,95.01413225226008,0.0,456.38235508895997,0.5470590752222729,69,28.08434867709953
13,2.0,Thermal PI (max-load),8.071794124433726,9.316488616424165,0.8663987535179134,92.64063125433783,0.0,444.9572737386858,0.564850698267892,301,0.011220795827663702
13,2.0,Static-model optimiser,8.40029766744593,10.03133337605384,0.8374058913741801,99.74885330102202,21.0,492.7325775595,0.48803654179705036,391,0.4046926729235641
13,2.0,Recalibrated-model optimiser,8.465811277444672,9.854468639394083,0.8590834866125471,97.99015841871335,5.0,460.6914926922083,0.5102685686028209,106,0.4591412520881022
13,2.0,PC-HDT optimiser (proposed),8.866857132793395,9.661838109033127,0.9177194890590765,96.07469276784174,0.0,454.8230948164266,0.5460949321083931,111,28.894963547912766
14,2.0,Thermal PI (max-load),7.747817651004875,8.959219142629458,0.8647871569676723,92.68146291394939,0.0,444.08488762312584,0.5770329992193646,305,0.011207366656170356
14,2.0,Static-model optimiser,8.17157695264077,9.645210923780374,0.8472159932235029,99.77792085429539,13.0,493.786260718,0.5052547957181923,392,0.4062595791632854
14,2.0,Recalibrated-model optimiser,8.153323404208045,9.49989700173727,0.8582538739858996,98.27467524077582,4.0,469.2660918617894,0.5221297346827924,80,0.47295331873916285
14,2.0,PC-HDT optimiser (proposed),8.562406391688098,9.302326693266298,0.9204585770876217,96.23084698677958,0.0,454.8230948164266,0.5596993926959943,91,27.073773477093255
15,2.0,Thermal PI (max-load),8.267559527975367,9.521292964365076,0.868323195065838,90.8335220819117,0.0,448.4339875102626,0.5522256816771258,293,0.011373191671282257
15,2.0,Static-model optimiser,8.55694515179053,10.458307125183605,0.8181960091022192,99.772675281621,31.5,494.9333333333333,0.45989554207136923,399,0.39907428750609597
15,2.0,Recalibrated-model optimiser,8.586574916172871,10.154926406175,0.8455575720323835,96.87841088471282,11.5,479.66352615792385,0.49103237246131093,88,0.48812477290690975
15,2.0,PC-HDT optimiser (proposed),9.044186166602008,9.843066878388248,0.9188382318583767,93.90325830725386,0.0,454.74385369674,0.5353378870397367,77,27.651107106259094
16,2.0,Thermal PI (max-load),8.213168541273735,9.466383987369325,0.8676141335733145,92.48954320634377,0.0,445.7604602983364,0.5630696657238914,298,0.012965979165831717
16,2.0,Static-model optimiser,8.696376471086076,10.209295104566477,0.8518096873501391,99.74801803307366,20.0,487.1048408127628,0.4967666257025333,395,0.40614929792279025
16,2.0,Recalibrated-model optimiser,8.671732583586953,10.038655958799584,0.8638340251102612,98.08082001256673,3.5,479.7126619067443,0.5113397117808768,73,0.4682531791615929
16,2.0,PC-HDT optimiser (proposed),9.103847847343195,9.873136216097224,0.922082674449505,96.463640167063,0.0,454.83892843343756,0.5430362451552738,48,28.17833938123897
17,2.0,Thermal PI (max-load),7.951279274696426,9.228515565331902,0.8615989449664497,91.82488194841689,0.0,449.49241722797007,0.5733991475474661,301,0.010787952090633249
17,2.0,Static-model optimiser,8.395747100922456,10.028289104750998,0.8372063283401843,99.78272850810731,25.0,494.9333333333333,0.49353037956571694,394,0.38845339583322885
17,2.0,Recalibrated-model optimiser,8.353385825445951,9.835898150720734,0.8492753480610055,97.86841449772216,3.5,467.39070481304924,0.511145147829336,80,0.46307993748750204
17,2.0,PC-HDT optimiser (proposed),8.771464470597131,9.566405250111929,0.9169028743053199,95.18692649359483,0.0,454.1055426613266,0.5561041093880277,45,28.58562243334859
18,2.0,Thermal PI (max-load),7.906689967264427,9.117878157999904,0.8671633718122459,92.30678549307527,0.0,446.9256756785859,0.5746250420579223,310,0.011033306240430344
18,2.0,Static-model optimiser,8.244982609928465,9.854181043961187,0.8366989172561563,99.7609049027241,17.5,494.9333333333333,0.49686062009710497,402,0.43820259582976934
18,2.0,Recalibrated-model optimiser,8.213473352350453,9.691863192810528,0.8474607192601777,98.11764549431504,7.0,479.0858310437373,0.5137135763413264,98,0.5277017791712524
18,2.0,PC-HDT optimiser (proposed),8.69144769057992,9.496541168115023,0.9152224517029176,96.14026129119074,0.0,453.2803976336042,0.5494099797182403,60,28.018804837480122
19,2.0,Thermal PI (max-load),7.589079294260663,8.786226578764467,0.8637472783370733,91.68296019688114,0.0,447.8321558773238,0.5742855838231401,300,0.010660681256998336
19,2.0,Static-model optimiser,8.014160127304699,9.55736828505185,0.8385321030099051,99.72970856262194,20.0,494.9333333333333,0.49507837724685066,374,0.3876976458144554
19,2.0,Recalibrated-model optimiser,7.9558868563094745,9.37960697943945,0.848211110950508,97.87479592624656,9.0,483.1922819998766,0.5139941198774736,107,0.4568581895692129
19,2.0,PC-HDT optimiser (proposed),8.415133670843707,9.130807705313872,0.9216198547195706,95.27861271355779,0.0,453.39440265570954,0.5582582363163773,108,27.456330299987524
