wavelength_nm,bone_cm,beam_radius_cm,phi_sinus_top,phi_0p5cm,phi_1cm,phi_1p5cm,phi_2cm
690,0.0,0.3,0.2627900847171748,0.06860273036622051,0.0030580642081067043,0.0006327065166906138,0.00019423104844952266
690,0.0,0.5,0.44137869731565277,0.11884033297087856,0.007090357647406334,0.0017139229588843856,0.0005219370494537228
690,0.0,0.75,0.5417740241184761,0.14839088699647685,0.01161061000740271,0.003234966332749435,0.0010312057428748514
690,0.1,0.3,0.25608894604399457,0.06779710479889932,0.002882667330681013,0.0006447841292527014,0.0002269569091642396
690,0.1,0.5,0.42057772401578913,0.11454425491471452,0.0066968781461751595,0.001626004390124333,0.0005305488258728241
690,0.1,0.75,0.5142185319212855,0.14172367080185153,0.010771037450696385,0.0031064005466158186,0.0009700266043921667
690,0.2,0.3,0.15467962656036413,0.15467962656036413,0.0026974900325656866,0.0006431349091420848,0.00016391375840734185
690,0.2,0.5,0.2835220490031781,0.2835220490031781,0.0061935625212637116,0.00150770233496596,0.0003943520847468163
690,0.2,0.75,0.36823731966814094,0.36823731966814094,0.009759642088771456,0.002761274273975646,0.0008036576805076136
690,0.3,0.3,0.1242972229985954,0.1648668097162916,0.002630290678439404,0.0005577822691179727,0.00013016629086405883
690,0.3,0.5,0.2474049766259879,0.31579217166293616,0.005741650667344907,0.0014364359942658324,0.0003474796943066847
690,0.3,0.75,0.3450446617756773,0.4261456510891944,0.0090770649037594,0.0025985283986970746,0.0007728695994005772
750,0.0,0.3,0.2779563620926452,0.07839059101490174,0.003948118568668613,0.0007401820868521219,0.00018627210271354876
750,0.0,0.5,0.4676594453756806,0.1375785781600098,0.00880351978538271,0.001984097375146987,0.0005628522339152835
750,0.0,0.75,0.5782475452758848,0.1726674125780963,0.014728583231532547,0.0038281473331821,0.0011231434380433662
750,0.1,0.3,0.26757627110864796,0.0766965667530281,0.003787763207274314,0.0008105211907225114,0.00020894624040945672
750,0.1,0.5,0.4484609894947206,0.13207236938316272,0.00845248553292483,0.002031901099106088,0.0005859906521970335
750,0.1,0.75,0.5483195578714934,0.16449058123872576,0.013811640557477902,0.0038241136367541287,0.0010909121402786373
750,0.2,0.3,0.16482741545695895,0.16482741545695895,0.0035075164645244797,0.0007359510841303197,0.00020084955315036093
750,0.2,0.5,0.3023747321014101,0.3023747321014101,0.007872308253975455,0.0017450647183449056,0.0005028667371476508
750,0.2,0.75,0.39675799661016803,0.39675799661016803,0.012919719521129152,0.003363456390328594,0.0010474739279813597
750,0.3,0.3,0.1316273918858192,0.17230157011996733,0.003367016989600409,0.0008454917549571641,0.00022912308592277591
750,0.3,0.5,0.25962925198967174,0.3306085154743136,0.007734157946629022,0.001969012314553871,0.00053513110183296
750,0.3,0.75,0.3601779626865291,0.44736958605561694,0.01241246431655127,0.0035756501176804475,0.0009960931610487288
760,0.0,0.3,0.2727354242224469,0.07245257654716462,0.0031287939224129125,0.000771012749096742,0.00018493340427619954
760,0.0,0.5,0.457470176531603,0.1243473211663384,0.007145301672358034,0.0018415593344106801,0.00047387374521207736
760,0.0,0.75,0.562655346466318,0.15439275340026004,0.011708182449910726,0.0032934910702589067,0.0009620679116407309
760,0.1,0.3,0.2638454928187164,0.06780354324759241,0.00273782958176839,0.000657213475748346,0.00018375929177187386
760,0.1,0.5,0.43424738026808246,0.11694995543887257,0.0063808535646855125,0.0016587549667045473,0.00045680687357197363
760,0.1,0.75,0.5281244401607392,0.1446679987023104,0.010560259782329202,0.0030974761984062923,0.0008978330467219846
760,0.2,0.3,0.15823372701677282,0.15823372701677282,0.0026738123507155363,0.0006341437097622675,0.0001500504670353573
760,0.2,0.5,0.28831545795274927,0.28831545795274927,0.005941727144289185,0.0014194246687857452,0.00038277253421597975
760,0.2,0.75,0.3771468596070164,0.3771468596070164,0.00968623512654219,0.0025723177532367063,0.0007431427777475461
760,0.3,0.3,0.12634430536506908,0.16646175867477198,0.00248833009398161,0.0006300741166079467,0.00015625445803817497
760,0.3,0.5,0.24973458597682419,0.3196399549493616,0.005740276352874905,0.0014628750958794474,0.0004519627793088573
760,0.3,0.75,0.3498651582791705,0.4365550121728184,0.00925596304377469,0.0027304093225178757,0.0008496727214677038
780,0.0,0.3,0.28106693410701644,0.08013884970263051,0.004048471499176555,0.0009604511544753725,0.00021885352402230588
780,0.0,0.5,0.47449321216706486,0.13974631924166253,0.00933893293711712,0.002452308132840245,0.0005974045692470418
780,0.0,0.75,0.5868894283480639,0.17513573753762493,0.015611593808338568,0.004477124730460484,0.0012111785410327393
780,0.1,0.3,0.26903886851015546,0.07785815712852068,0.0035808399941851814,0.0008743771698822602,0.00025689176807858514
780,0.1,0.5,0.44841823539745296,0.13452151928324924,0.008360539743770616,0.002216422484481983,0.0006056349630948536
780,0.1,0.75,0.5518409765313943,0.1677239964671666,0.014129066549541098,0.004071352506135644,0.0011534610851962376
780,0.2,0.3,0.1686675158452602,0.1686675158452602,0.0036318761127432063,0.0008475911964082548,0.00021335619724411882
780,0.2,0.5,0.3066167014299292,0.3066167014299292,0.007993097055289763,0.00206817068180759,0.0005328075663029994
780,0.2,0.75,0.39902461431105896,0.39902461431105896,0.012985721462998942,0.003919273637070731,0.001013462812168747
780,0.3,0.3,0.13013922316964735,0.1715860413456319,0.003461379410071707,0.0006693125825241774,0.00022432281547172741
780,0.3,0.5,0.2562729517479231,0.3338528697241018,0.007905812976704516,0.0017252934220239604,0.0005404678818849915
780,0.3,0.75,0.3577119001774695,0.45812522687246143,0.012648941978741368,0.0033173951706767977,0.0010534137239835723
800,0.0,0.3,0.2878852319929711,0.08628839984682342,0.004932873018162493,0.0011506551763690936,0.0003253441243219973
800,0.0,0.5,0.48995651625782766,0.1516237475828062,0.010986296466862357,0.0027385582433700913,0.0008293069880796543
800,0.0,0.75,0.6088280240807016,0.19085696733313515,0.018207132588277792,0.005074512597926399,0.0016628661377529504
800,0.1,0.3,0.2790422716439476,0.08410440320489379,0.004586669212055537,0.0009220455374389136,0.00027678655601895956
800,0.1,0.5,0.4697913412501958,0.14540701911594225,0.010416998879506393,0.0024845010587016157,0.0007556145537374555
800,0.1,0.75,0.5791231967429072,0.18197008548191507,0.01730522040034964,0.004842558018548364,0.001541961934056341
800,0.2,0.3,0.17320704522177832,0.17320704522177832,0.004187893172180544,0.0009482796644298556,0.00027347680147511694
800,0.2,0.5,0.3206146499304159,0.3206146499304159,0.009629558122087144,0.0023449591871062274,0.0007346920855384537
800,0.2,0.75,0.4234876031400325,0.4234876031400325,0.01556925731757957,0.004484063376900625,0.0013217796784563863
800,0.3,0.3,0.13639756661197497,0.17770233696305454,0.004060198188194722,0.0008632023775424644,0.0002929130066530948
800,0.3,0.5,0.2661128793002104,0.33616529280976926,0.008970651580472083,0.0020982604371659985,0.0006711493677594445
800,0.3,0.75,0.37663632594496377,0.4599439025351098,0.014495078375263898,0.004004748739002646,0.001250018139908502
850,0.0,0.3,0.27943050212688647,0.07700238096425067,0.003363534451471153,0.0007093495599568726,0.00017336636425624986
850,0.0,0.5,0.46988760246956834,0.13388016443009115,0.00780435333081254,0.0017798468423887448,0.00045400787989383637
850,0.0,0.75,0.5794754767988962,0.16728902486203354,0.012857016834578456,0.0034211228247394087,0.0009526643951650082
850,0.1,0.3,0.26770286867417276,0.0721401909035331,0.003190063565188402,0.0006696715256594367,0.00014189985841674108
850,0.1,0.5,0.44441927045660107,0.12365800367529602,0.007038194765057088,0.0016528335345333087,0.00038034319473189863
850,0.1,0.75,0.5458976631578334,0.1534400936699896,0.011582554163428812,0.003249045951091526,0.0008420065187232846
850,0.2,0.3,0.16386342629508854,0.16386342629508854,0.0029759650999922637,0.0006459383783897014,0.00019569682786793838
850,0.2,0.5,0.2969546612306455,0.2969546612306455,0.006885012678021123,0.0016714983987617738,0.0005117146068375211
850,0.2,0.75,0.38785472504459406,0.38785472504459406,0.01113283112275886,0.003050366112888432,0.0009579196894060705
850,0.3,0.3,0.12857445931372405,0.1748578681420796,0.0027675373265962045,0.0006266423855416827,0.00016021001269987702
850,0.3,0.5,0.254993907404596,0.3330605884616831,0.006300186795360682,0.0015521477253932115,0.00040319550084608386
850,0.3,0.75,0.3574713300082412,0.45008586502434544,0.010241329629270633,0.0027761410199960935,0.0008260850465151988
900,0.0,0.3,0.26887247250629953,0.06688576313639308,0.0027500963447363146,0.0005669735621043894,0.00011551110907730153
900,0.0,0.5,0.4545494169025169,0.11577448943898867,0.006068064925818998,0.0013931478113089705,0.0003358421021711219
900,0.0,0.75,0.5592489484431683,0.14401024460131637,0.009626455706028051,0.002551789280678006,0.0006478152800359964
900,0.1,0.3,0.25923640172145807,0.06317515284037177,0.002632511836666088,0.00046908450018900044,0.0001387703633585785
900,0.1,0.5,0.4282424829700802,0.10891520543030152,0.005848194761099969,0.001237258538610795,0.00034014597533315867
900,0.1,0.75,0.5218288731195505,0.13390197009051671,0.00931186056477317,0.002285888225787598,0.0006294027933359274
900,0.2,0.3,0.15482941711297882,0.15482941711297882,0.002148229773113604,0.00045910085017599866,0.00011926920794228644
900,0.2,0.5,0.2799760156286114,0.2799760156286114,0.004915487516512625,0.0011751672110347693,0.00029789692395786207
900,0.2,0.75,0.36451694829201325,0.36451694829201325,0.008131317419613251,0.002156663449289784,0.0005549637056065413
900,0.3,0.3,0.12405200321274065,0.16671595141555176,0.00211953958572751,0.0004935215174918783,0.00012546427842692406
900,0.3,0.5,0.24663375946888494,0.3189895263103126,0.004997528553279019,0.0011121099278282984,0.00030156934308586697
900,0.3,0.75,0.34605399751106736,0.4331550311750844,0.008051458876488256,0.002077620562051545,0.0005969851915695391
940,0.0,0.3,0.23775411219372722,0.06019625618061313,0.0021733347098821174,0.0003369142503409842,6.433747304069534e-05
940,0.0,0.5,0.3927305081996204,0.10279083654726336,0.004596477100715563,0.0007523455405721418,0.0001594296639448024
940,0.0,0.75,0.4765587602541028,0.12549116257906134,0.00733113854438877,0.0014167109818109419,0.0002981589031548341
940,0.1,0.3,0.2254102423045263,0.05656249018151124,0.001809580986088042,0.00028143874077342547,5.360992423670397e-05
940,0.1,0.5,0.3716340481712127,0.09515421227457148,0.004024087867924348,0.0006811808278921632,0.00012489005162329663
940,0.1,0.75,0.4469102037842085,0.11630564495907471,0.0063340701923140725,0.001256993176494424,0.0002538276422265625
940,0.2,0.3,0.13295375360127643,0.13295375360127643,0.001815820035419664,0.00027583614207469257,4.2124099021247316e-05
940,0.2,0.5,0.24018437473323478,0.24018437473323478,0.003926181443676061,0.0006764370064935647,0.00012479776463720227
940,0.2,0.75,0.308521974496436,0.308521974496436,0.00618140145085022,0.001279576671784221,0.000263825778049179
940,0.3,0.3,0.10310789775199172,0.1435262961563949,0.001689283909858922,0.0002725616858527861,4.6563485684865475e-05
940,0.3,0.5,0.19885222196809557,0.26579895900751827,0.003742132231054456,0.0006726605461779349,0.00012636942834359875
940,0.3,0.75,0.27239657915576654,0.35432044376846356,0.00585626939729812,0.0012088099414267297,0.00023463511680994333
