source,transducer,wavelength_nm,prf_total_Hz,F0_mJcm2,allowed_mJcm2,mpe_single_mJcm2,mpe_avg_Wcm2,I_avg_Wcm2,p0_sinus_edge_Pa,A_scalp_Pa,A_sinus_Pa,frame_s,n_avg,noise_Pa,SNR_sinus,SNR_scalp
LED array,single-element PZT 8 mm,690,2000.0,0.0477496293010718,0.0477496293010718,19.09985172042872,0.1909985172042872,0.0954992586021436,10.068704376164238,0.06076943269842439,0.7415416802501854,2.0,1000,0.05783779400323667,12.821057459568529,1.0506872495002777
LED array,single-element PZT 8 mm,690,2000.0,0.0477496293010718,0.0477496293010718,19.09985172042872,0.1909985172042872,0.0954992586021436,10.068704376164238,0.06076943269842439,0.7415416802501854,10.0,5000,0.024468395273563072,30.306101890195702,2.4835888099324133
LED array,single-element PZT 8 mm,690,2000.0,0.0477496293010718,0.0477496293010718,19.09985172042872,0.1909985172042872,0.0954992586021436,10.068704376164238,0.06076943269842439,0.7415416802501854,30.0,15000,0.014708447272620337,50.41604096651042,4.131600812245234
LED array,single-element PZT 8 mm,800,2000.0,0.05,0.07924465962305569,31.697863849222273,0.31697863849222274,0.1,10.42842882313877,0.06389152709367256,0.7533522694284556,2.0,1000,0.05741549701967917,13.121061534488572,1.1127923715747636
LED array,single-element PZT 8 mm,800,2000.0,0.05,0.07924465962305569,31.697863849222273,0.31697863849222274,0.1,10.42842882313877,0.06389152709367256,0.7533522694284556,10.0,5000,0.02602761549952558,28.944344496029125,2.454759142067284
LED array,single-element PZT 8 mm,800,2000.0,0.05,0.07924465962305569,31.697863849222273,0.31697863849222274,0.1,10.42842882313877,0.06389152709367256,0.7533522694284556,30.0,15000,0.015071495519535493,49.985236597918856,4.23922941229403
LED array,single-element PZT 8 mm,850,2000.0,0.05,0.099763115748444,39.90524629937759,0.39905246299377595,0.1,11.6951253036934,0.07675529604723955,0.8393751177535618,2.0,1000,0.05601406567083065,14.985077546168315,1.3702861081053415
LED array,single-element PZT 8 mm,850,2000.0,0.05,0.099763115748444,39.90524629937759,0.39905246299377595,0.1,11.6951253036934,0.07675529604723955,0.8393751177535618,10.0,5000,0.026261772357781737,31.96186100154215,2.922700532224203
LED array,single-element PZT 8 mm,850,2000.0,0.05,0.099763115748444,39.90524629937759,0.39905246299377595,0.1,11.6951253036934,0.07675529604723955,0.8393751177535618,30.0,15000,0.015295333446395453,54.87785674599802,5.018216589800986
LED array,single-element PZT 8 mm,900,2000.0,0.05,0.125594321575479,50.237728630191604,0.502377286301916,0.1,12.75121359994575,0.08399472914098464,0.9329192877139086,2.0,1000,0.05528275380828902,16.875412736295853,1.5193658664737244
LED array,single-element PZT 8 mm,900,2000.0,0.05,0.125594321575479,50.237728630191604,0.502377286301916,0.1,12.75121359994575,0.08399472914098464,0.9329192877139086,10.0,5000,0.023627416837218373,39.484607824091704,3.554968777148524
LED array,single-element PZT 8 mm,900,2000.0,0.05,0.125594321575479,50.237728630191604,0.502377286301916,0.1,12.75121359994575,0.08399472914098464,0.9329192877139086,30.0,15000,0.01495269949331672,62.39136205010256,5.617362214664118
LED array,flexible PVDF patch,690,2000.0,0.0477496293010718,0.0477496293010718,19.09985172042872,0.1909985172042872,0.0954992586021436,10.068704376164238,0.05993547788941471,0.7705966206696702,2.0,1000,0.16323702169765109,4.720722129425856,0.3671684110999506
LED array,flexible PVDF patch,690,2000.0,0.0477496293010718,0.0477496293010718,19.09985172042872,0.1909985172042872,0.0954992586021436,10.068704376164238,0.05993547788941471,0.7705966206696702,10.0,5000,0.069667010757092,11.06114087995694,0.8603136152689509
LED array,flexible PVDF patch,690,2000.0,0.0477496293010718,0.0477496293010718,19.09985172042872,0.1909985172042872,0.0954992586021436,10.068704376164238,0.05993547788941471,0.7705966206696702,30.0,15000,0.04054898664438088,19.004090716936734,1.478100511242254
LED array,flexible PVDF patch,800,2000.0,0.05,0.07924465962305569,31.697863849222273,0.31697863849222274,0.1,10.42842882313877,0.06393280452610878,0.7839808998100515,2.0,1000,0.17350684831629903,4.518443550890119,0.36847424263946477
LED array,flexible PVDF patch,800,2000.0,0.05,0.07924465962305569,31.697863849222273,0.31697863849222274,0.1,10.42842882313877,0.06393280452610878,0.7839808998100515,10.0,5000,0.06892338004943321,11.374672850457491,0.927592414653125
LED array,flexible PVDF patch,800,2000.0,0.05,0.07924465962305569,31.697863849222273,0.31697863849222274,0.1,10.42842882313877,0.06393280452610878,0.7839808998100515,30.0,15000,0.043430559072773635,18.05136559481972,1.4720695724635027
LED array,flexible PVDF patch,850,2000.0,0.05,0.099763115748444,39.90524629937759,0.39905246299377595,0.1,11.6951253036934,0.07625801902348336,0.872928437902814,2.0,1000,0.17682121515346755,4.936785651796238,0.4312718864492427
LED array,flexible PVDF patch,850,2000.0,0.05,0.099763115748444,39.90524629937759,0.39905246299377595,0.1,11.6951253036934,0.07625801902348336,0.872928437902814,10.0,5000,0.07192666186589038,12.13636800676803,1.0602190765598012
LED array,flexible PVDF patch,850,2000.0,0.05,0.099763115748444,39.90524629937759,0.39905246299377595,0.1,11.6951253036934,0.07625801902348336,0.872928437902814,30.0,15000,0.04281026990782183,20.39063149525535,1.7813019910334722
LED array,flexible PVDF patch,900,2000.0,0.05,0.125594321575479,50.237728630191604,0.502377286301916,0.1,12.75121359994575,0.08453752077787811,0.9686263492732478,2.0,1000,0.17244746592839963,5.616935824823442,0.4902218790096816
LED array,flexible PVDF patch,900,2000.0,0.05,0.125594321575479,50.237728630191604,0.502377286301916,0.1,12.75121359994575,0.08453752077787811,0.9686263492732478,10.0,5000,0.07485420616929642,12.940172621462619,1.129362331178573
LED array,flexible PVDF patch,900,2000.0,0.05,0.125594321575479,50.237728630191604,0.502377286301916,0.1,12.75121359994575,0.08453752077787811,0.9686263492732478,30.0,15000,0.043544662940856835,22.244433275068726,1.9413979824048364
LED array,CMUT patch,690,2000.0,0.0477496293010718,0.0477496293010718,19.09985172042872,0.1909985172042872,0.0954992586021436,10.068704376164238,0.21032520545394986,0.9185130628380898,2.0,1000,0.03409392304094825,26.94066804031078,6.168993964154268
LED array,CMUT patch,690,2000.0,0.0477496293010718,0.0477496293010718,19.09985172042872,0.1909985172042872,0.0954992586021436,10.068704376164238,0.21032520545394986,0.9185130628380898,10.0,5000,0.015042349831609231,61.061807039480826,13.982204097659206
LED array,CMUT patch,690,2000.0,0.0477496293010718,0.0477496293010718,19.09985172042872,0.1909985172042872,0.0954992586021436,10.068704376164238,0.21032520545394986,0.9185130628380898,30.0,15000,0.00882166021223601,104.12020421780402,23.841907350072272
LED array,CMUT patch,800,2000.0,0.05,0.07924465962305569,31.697863849222273,0.31697863849222274,0.1,10.42842882313877,0.223092565870902,0.9393012480082507,2.0,1000,0.035596436393655305,26.3875079409823,6.26727247086638
LED array,CMUT patch,800,2000.0,0.05,0.07924465962305569,31.697863849222273,0.31697863849222274,0.1,10.42842882313877,0.223092565870902,0.9393012480082507,10.0,5000,0.015123456472966479,62.10890015039042,14.75142711388002
LED array,CMUT patch,800,2000.0,0.05,0.07924465962305569,31.697863849222273,0.31697863849222274,0.1,10.42842882313877,0.223092565870902,0.9393012480082507,30.0,15000,0.00937303988107625,100.21308560786753,23.801516765261606
LED array,CMUT patch,850,2000.0,0.05,0.099763115748444,39.90524629937759,0.39905246299377595,0.1,11.6951253036934,0.2564883973072296,1.0496746584629175,2.0,1000,0.03304410149309388,31.76587079186573,7.762002466940581
LED array,CMUT patch,850,2000.0,0.05,0.099763115748444,39.90524629937759,0.39905246299377595,0.1,11.6951253036934,0.2564883973072296,1.0496746584629175,10.0,5000,0.016362580622350752,64.1509235425307,15.675302278228338
LED array,CMUT patch,850,2000.0,0.05,0.099763115748444,39.90524629937759,0.39905246299377595,0.1,11.6951253036934,0.2564883973072296,1.0496746584629175,30.0,15000,0.008835641003411263,118.8000574103972,29.02883867828091
LED array,CMUT patch,900,2000.0,0.05,0.125594321575479,50.237728630191604,0.502377286301916,0.1,12.75121359994575,0.29015438312662123,1.1489739224130684,2.0,1000,0.03486503878326515,32.95490160087141,8.322215986344816
LED array,CMUT patch,900,2000.0,0.05,0.125594321575479,50.237728630191604,0.502377286301916,0.1,12.75121359994575,0.29015438312662123,1.1489739224130684,10.0,5000,0.015459271531298585,74.32264321684724,18.76895573890267
LED array,CMUT patch,900,2000.0,0.05,0.125594321575479,50.237728630191604,0.502377286301916,0.1,12.75121359994575,0.29015438312662123,1.1489739224130684,30.0,15000,0.009509193293896778,120.8276966197024,30.51303871516095
Laser-diode stack,single-element PZT 8 mm,690,200.0,0.477496293010718,0.477496293010718,19.09985172042872,0.1909985172042872,0.0954992586021436,100.68704376164237,0.6284324723170023,7.802488739069881,2.0,100,0.18060284334611704,43.2024689894653,3.479637754720397
Laser-diode stack,single-element PZT 8 mm,690,200.0,0.477496293010718,0.477496293010718,19.09985172042872,0.1909985172042872,0.0954992586021436,100.68704376164237,0.6284324723170023,7.802488739069881,10.0,500,0.07979865831573923,97.77719204498132,7.875226044910234
Laser-diode stack,single-element PZT 8 mm,690,200.0,0.477496293010718,0.477496293010718,19.09985172042872,0.1909985172042872,0.0954992586021436,100.68704376164237,0.6284324723170023,7.802488739069881,30.0,1500,0.04616909658392801,168.9980813223453,13.611539293921702
Laser-diode stack,single-element PZT 8 mm,800,200.0,0.5,0.7924465962305568,31.697863849222273,0.31697863849222274,0.1,104.2842882313877,0.6608143562389932,7.925248599766009,2.0,100,0.16916804269209548,46.84837912436474,3.9062599869512487
Laser-diode stack,single-element PZT 8 mm,800,200.0,0.5,0.7924465962305568,31.697863849222273,0.31697863849222274,0.1,104.2842882313877,0.6608143562389932,7.925248599766009,10.0,500,0.07727723193129503,102.55606213757916,8.551216700237196
Laser-diode stack,single-element PZT 8 mm,800,200.0,0.5,0.7924465962305568,31.697863849222273,0.31697863849222274,0.1,104.2842882313877,0.6608143562389932,7.925248599766009,30.0,1500,0.043842880053710405,180.76478073650864,15.072329998153686
Laser-diode stack,single-element PZT 8 mm,850,200.0,0.5,0.99763115748444,39.90524629937759,0.39905246299377595,0.1,116.95125303693399,0.7956351939866555,8.833800090047381,2.0,100,0.18072653711990858,48.8793745004162,4.402425934044024
Laser-diode stack,single-element PZT 8 mm,850,200.0,0.5,0.99763115748444,39.90524629937759,0.39905246299377595,0.1,116.95125303693399,0.7956351939866555,8.833800090047381,10.0,500,0.08302272490619397,106.40219409840557,9.583342330496027
Laser-diode stack,single-element PZT 8 mm,850,200.0,0.5,0.99763115748444,39.90524629937759,0.39905246299377595,0.1,116.95125303693399,0.7956351939866555,8.833800090047381,30.0,1500,0.04557892745162938,193.81325063917419,17.456207034073433
Laser-diode stack,single-element PZT 8 mm,900,200.0,0.5,1.25594321575479,50.237728630191604,0.502377286301916,0.1,127.5121359994575,0.8694037428788873,9.820459244697266,2.0,100,0.1785724638867257,54.99425292651336,4.86863273293008
Laser-diode stack,single-element PZT 8 mm,900,200.0,0.5,1.25594321575479,50.237728630191604,0.502377286301916,0.1,127.5121359994575,0.8694037428788873,9.820459244697266,10.0,500,0.08152277798976688,120.46276497017773,10.664550010648789
Laser-diode stack,single-element PZT 8 mm,900,200.0,0.5,1.25594321575479,50.237728630191604,0.502377286301916,0.1,127.5121359994575,0.8694037428788873,9.820459244697266,30.0,1500,0.0487057784689852,201.62821647437016,17.85011491875661
Laser-diode stack,flexible PVDF patch,690,200.0,0.477496293010718,0.477496293010718,19.09985172042872,0.1909985172042872,0.0954992586021436,100.68704376164237,0.6092417551303123,8.082334803517664,2.0,100,0.5236619500635606,15.434260217945285,1.1634256700460368
Laser-diode stack,flexible PVDF patch,690,200.0,0.477496293010718,0.477496293010718,19.09985172042872,0.1909985172042872,0.0954992586021436,100.68704376164237,0.6092417551303123,8.082334803517664,10.0,500,0.2315849099351567,34.90009260871402,2.630748934811421
Laser-diode stack,flexible PVDF patch,690,200.0,0.477496293010718,0.477496293010718,19.09985172042872,0.1909985172042872,0.0954992586021436,100.68704376164237,0.6092417551303123,8.082334803517664,30.0,1500,0.13631223274612683,59.29280623383608,4.469457677103622
Laser-diode stack,flexible PVDF patch,800,200.0,0.5,0.7924465962305568,31.697863849222273,0.31697863849222274,0.1,104.2842882313877,0.6510427413490842,8.222509120221888,2.0,100,0.4959160124067984,16.580446919461412,1.3128084697032043
Laser-diode stack,flexible PVDF patch,800,200.0,0.5,0.7924465962305568,31.697863849222273,0.31697863849222274,0.1,104.2842882313877,0.6510427413490842,8.222509120221888,10.0,500,0.23775637644696146,34.58375856454121,2.738276680854103
Laser-diode stack,flexible PVDF patch,800,200.0,0.5,0.7924465962305568,31.697863849222273,0.31697863849222274,0.1,104.2842882313877,0.6510427413490842,8.222509120221888,30.0,1500,0.13597292180154202,60.47166605879789,4.788032298808048
Laser-diode stack,flexible PVDF patch,850,200.0,0.5,0.99763115748444,39.90524629937759,0.39905246299377595,0.1,116.95125303693399,0.7789072995928814,9.15472954212402,2.0,100,0.5054385569052131,18.112447926763217,1.5410523968771004
Laser-diode stack,flexible PVDF patch,850,200.0,0.5,0.99763115748444,39.90524629937759,0.39905246299377595,0.1,116.95125303693399,0.7789072995928814,9.15472954212402,10.0,500,0.24309792849537018,37.658607783234864,3.204088592666538
Laser-diode stack,flexible PVDF patch,850,200.0,0.5,0.99763115748444,39.90524629937759,0.39905246299377595,0.1,116.95125303693399,0.7789072995928814,9.15472954212402,30.0,1500,0.14541345219863,62.95655184376587,5.356500982652689
Laser-diode stack,flexible PVDF patch,900,200.0,0.5,1.25594321575479,50.237728630191604,0.502377286301916,0.1,127.5121359994575,0.8620655561572274,10.16437675581194,2.0,100,0.5249491215747027,19.36259408401639,1.6421887774024047
Laser-diode stack,flexible PVDF patch,900,200.0,0.5,1.25594321575479,50.237728630191604,0.502377286301916,0.1,127.5121359994575,0.8620655561572274,10.16437675581194,10.0,500,0.21896360656887898,46.420393393614255,3.937026657834342
Laser-diode stack,flexible PVDF patch,900,200.0,0.5,1.25594321575479,50.237728630191604,0.502377286301916,0.1,127.5121359994575,0.8620655561572274,10.16437675581194,30.0,1500,0.14248459828887391,71.33666991294481,6.050236773026315
Laser-diode stack,CMUT patch,690,200.0,0.477496293010718,0.477496293010718,19.09985172042872,0.1909985172042872,0.0954992586021436,100.68704376164237,2.2237200121526413,9.533270654377915,2.0,100,0.11248432913761616,84.75198925456249,19.76915388304522
Laser-diode stack,CMUT patch,690,200.0,0.477496293010718,0.477496293010718,19.09985172042872,0.1909985172042872,0.0954992586021436,100.68704376164237,2.2237200121526413,9.533270654377915,10.0,500,0.04890162583366299,194.94792845548676,45.473334970835936
Laser-diode stack,CMUT patch,690,200.0,0.477496293010718,0.477496293010718,19.09985172042872,0.1909985172042872,0.0954992586021436,100.68704376164237,2.2237200121526413,9.533270654377915,30.0,1500,0.03139044532425894,303.69975818758076,70.84066470487826
Laser-diode stack,CMUT patch,800,200.0,0.5,0.7924465962305568,31.697863849222273,0.31697863849222274,0.1,104.2842882313877,2.361109560727082,9.747783991427601,2.0,100,0.10693436942419224,91.15669773821396,22.079987691898406
Laser-diode stack,CMUT patch,800,200.0,0.5,0.7924465962305568,31.697863849222273,0.31697863849222274,0.1,104.2842882313877,2.361109560727082,9.747783991427601,10.0,500,0.05165848066668026,188.69668378990724,45.70613634500479
Laser-diode stack,CMUT patch,800,200.0,0.5,0.7924465962305568,31.697863849222273,0.31697863849222274,0.1,104.2842882313877,2.361109560727082,9.747783991427601,30.0,1500,0.028722024826374547,339.38359326521135,82.20553999935785
Laser-diode stack,CMUT patch,850,200.0,0.5,0.99763115748444,39.90524629937759,0.39905246299377595,0.1,116.95125303693399,2.714159652660958,10.891956096797571,2.0,100,0.1166848564291407,93.34507004695968,23.260598981918342
Laser-diode stack,CMUT patch,850,200.0,0.5,0.99763115748444,39.90524629937759,0.39905246299377595,0.1,116.95125303693399,2.714159652660958,10.891956096797571,10.0,500,0.049154450208490144,221.58636808262523,55.2169669510851
Laser-diode stack,CMUT patch,850,200.0,0.5,0.99763115748444,39.90524629937759,0.39905246299377595,0.1,116.95125303693399,2.714159652660958,10.891956096797571,30.0,1500,0.029516960887873183,369.0066920565812,91.95254426671175
Laser-diode stack,CMUT patch,900,200.0,0.5,1.25594321575479,50.237728630191604,0.502377286301916,0.1,127.5121359994575,3.069597083322564,11.928820981875626,2.0,100,0.1093231290128068,109.1152539228749,28.07820367968952
Laser-diode stack,CMUT patch,900,200.0,0.5,1.25594321575479,50.237728630191604,0.502377286301916,0.1,127.5121359994575,3.069597083322564,11.928820981875626,10.0,500,0.05037809920307242,236.78584882273844,60.931181046532174
Laser-diode stack,CMUT patch,900,200.0,0.5,1.25594321575479,50.237728630191604,0.502377286301916,0.1,127.5121359994575,3.069597083322564,11.928820981875626,30.0,1500,0.028425593175268028,419.65073194160874,107.98708981711937
Compact laser,single-element PZT 8 mm,690,10.0,9.54992586021436,9.54992586021436,19.09985172042872,0.1909985172042872,0.0954992586021436,2013.7408752328477,13.41722132099715,170.7330273973457,2.0,5,0.7217354240519644,236.55902385782443,18.59022139397043
Compact laser,single-element PZT 8 mm,690,10.0,9.54992586021436,9.54992586021436,19.09985172042872,0.1909985172042872,0.0954992586021436,2013.7408752328477,13.41722132099715,170.7330273973457,10.0,25,0.3648914466971841,467.90087556925806,36.770446231182355
Compact laser,single-element PZT 8 mm,690,10.0,9.54992586021436,9.54992586021436,19.09985172042872,0.1909985172042872,0.0954992586021436,2013.7408752328477,13.41722132099715,170.7330273973457,30.0,75,0.2078327559642114,821.4923899038597,64.55777992621906
Compact laser,single-element PZT 8 mm,800,10.0,10.0,15.848931924611136,31.697863849222273,0.31697863849222274,0.1,2085.685764627754,14.116329801356795,173.36836819860773,2.0,5,0.7902151147930336,219.39389028772865,17.863907608315014
Compact laser,single-element PZT 8 mm,800,10.0,10.0,15.848931924611136,31.697863849222273,0.31697863849222274,0.1,2085.685764627754,14.116329801356795,173.36836819860773,10.0,25,0.3489011494720127,496.89824312979107,40.45939608602277
Compact laser,single-element PZT 8 mm,800,10.0,10.0,15.848931924611136,31.697863849222273,0.31697863849222274,0.1,2085.685764627754,14.116329801356795,173.36836819860773,30.0,75,0.20567321061048166,842.931209582491,68.63475199058028
Compact laser,single-element PZT 8 mm,850,10.0,10.0,19.952623149688794,39.90524629937759,0.39905246299377595,0.1,2339.0250607386797,17.04328591968092,193.3642568646518,2.0,5,0.8643550187081702,223.7093007843538,19.717923250047324
Compact laser,single-element PZT 8 mm,850,10.0,10.0,19.952623149688794,39.90524629937759,0.39905246299377595,0.1,2339.0250607386797,17.04328591968092,193.3642568646518,10.0,25,0.3514703116121277,550.1581512752147,48.491395593290925
Compact laser,single-element PZT 8 mm,850,10.0,10.0,19.952623149688794,39.90524629937759,0.39905246299377595,0.1,2339.0250607386797,17.04328591968092,193.3642568646518,30.0,75,0.20681774474811002,934.9500310051071,82.40727090626815
Compact laser,single-element PZT 8 mm,900,10.0,10.0,25.1188643150958,50.237728630191604,0.502377286301916,0.1,2550.24271998915,18.587634629428234,215.0257065291926,2.0,5,0.774108350900278,277.77210551871775,24.011670469400123
Compact laser,single-element PZT 8 mm,900,10.0,10.0,25.1188643150958,50.237728630191604,0.502377286301916,0.1,2550.24271998915,18.587634629428234,215.0257065291926,10.0,25,0.3257327894451873,660.1291411142263,57.06405750888051
Compact laser,single-element PZT 8 mm,900,10.0,10.0,25.1188643150958,50.237728630191604,0.502377286301916,0.1,2550.24271998915,18.587634629428234,215.0257065291926,30.0,75,0.20830493533674255,1032.264099655562,89.23280957976223
Compact laser,flexible PVDF patch,690,10.0,9.54992586021436,9.54992586021436,19.09985172042872,0.1909985172042872,0.0954992586021436,2013.7408752328477,12.850961636090284,176.11067713039813,2.0,5,2.1136701623022636,83.31984822957139,6.0799276373815525
Compact laser,flexible PVDF patch,690,10.0,9.54992586021436,9.54992586021436,19.09985172042872,0.1909985172042872,0.0954992586021436,2013.7408752328477,12.850961636090284,176.11067713039813,10.0,25,1.0657047724766433,165.25278076884834,12.058650733284518
Compact laser,flexible PVDF patch,690,10.0,9.54992586021436,9.54992586021436,19.09985172042872,0.1909985172042872,0.0954992586021436,2013.7408752328477,12.850961636090284,176.11067713039813,30.0,75,0.5307497235090393,331.814920158689,24.212846595804997
Compact laser,flexible PVDF patch,800,10.0,10.0,15.848931924611136,31.697863849222273,0.31697863849222274,0.1,2085.685764627754,13.775940525535502,179.163639242102,2.0,5,2.2831698099308957,78.47144722342168,6.033690733652639
Compact laser,flexible PVDF patch,800,10.0,10.0,15.848931924611136,31.697863849222273,0.31697863849222274,0.1,2085.685764627754,13.775940525535502,179.163639242102,10.0,25,1.1062609457086223,161.954229639136,12.452704381343985
Compact laser,flexible PVDF patch,800,10.0,10.0,15.848931924611136,31.697863849222273,0.31697863849222274,0.1,2085.685764627754,13.775940525535502,179.163639242102,30.0,75,0.6130905605365432,292.2303013200983,22.46966665655324
Compact laser,flexible PVDF patch,850,10.0,10.0,19.952623149688794,39.90524629937759,0.39905246299377595,0.1,2339.0250607386797,16.548849088055626,199.43974799375636,2.0,5,2.32753753678913,85.68701678980706,7.110024575966663
Compact laser,flexible PVDF patch,850,10.0,10.0,19.952623149688794,39.90524629937759,0.39905246299377595,0.1,2339.0250607386797,16.548849088055626,199.43974799375636,10.0,25,1.0885339674323231,183.2186720495298,15.202877983763523
Compact laser,flexible PVDF patch,850,10.0,10.0,19.952623149688794,39.90524629937759,0.39905246299377595,0.1,2339.0250607386797,16.548849088055626,199.43974799375636,30.0,75,0.638952038024367,312.13570992029696,25.899986389001114
Compact laser,flexible PVDF patch,900,10.0,10.0,25.1188643150958,50.237728630191604,0.502377286301916,0.1,2550.24271998915,18.260199561668976,221.63337144978146,2.0,5,2.447636889190369,90.54993917953799,7.46033843594713
Compact laser,flexible PVDF patch,900,10.0,10.0,25.1188643150958,50.237728630191604,0.502377286301916,0.1,2550.24271998915,18.260199561668976,221.63337144978146,10.0,25,1.0526124546164386,210.5555282742141,17.347504755036184
Compact laser,flexible PVDF patch,900,10.0,10.0,25.1188643150958,50.237728630191604,0.502377286301916,0.1,2550.24271998915,18.260199561668976,221.63337144978146,30.0,75,0.5880694278640493,376.8830021563695,31.05109481374093
Compact laser,CMUT patch,690,10.0,9.54992586021436,9.54992586021436,19.09985172042872,0.1909985172042872,0.0954992586021436,2013.7408752328477,52.52590073239739,204.9243685796156,2.0,5,0.4804638799432571,426.5135780941893,109.32330800517347
Compact laser,CMUT patch,690,10.0,9.54992586021436,9.54992586021436,19.09985172042872,0.1909985172042872,0.0954992586021436,2013.7408752328477,52.52590073239739,204.9243685796156,10.0,25,0.21025456995073027,974.6488203687381,249.82049495859223
Compact laser,CMUT patch,690,10.0,9.54992586021436,9.54992586021436,19.09985172042872,0.1909985172042872,0.0954992586021436,2013.7408752328477,52.52590073239739,204.9243685796156,30.0,75,0.1207609854597822,1696.9418376257195,434.9575364295982
Compact laser,CMUT patch,800,10.0,10.0,15.848931924611136,31.697863849222273,0.31697863849222274,0.1,2085.685764627754,55.97347511332039,209.5523411651933,2.0,5,0.510292230068252,410.6516400164775,109.68906014076266
Compact laser,CMUT patch,800,10.0,10.0,15.848931924611136,31.697863849222273,0.31697863849222274,0.1,2085.685764627754,55.97347511332039,209.5523411651933,10.0,25,0.218137280667884,960.644326928411,256.59747358151276
Compact laser,CMUT patch,800,10.0,10.0,15.848931924611136,31.697863849222273,0.31697863849222274,0.1,2085.685764627754,55.97347511332039,209.5523411651933,30.0,75,0.12425930336990061,1686.4116849374939,450.4570168617159
Compact laser,CMUT patch,850,10.0,10.0,19.952623149688794,39.90524629937759,0.39905246299377595,0.1,2339.0250607386797,64.39478520467273,234.0437585615019,2.0,5,0.4691321082329784,498.8866770237608,137.26364935288817
Compact laser,CMUT patch,850,10.0,10.0,19.952623149688794,39.90524629937759,0.39905246299377595,0.1,2339.0250607386797,64.39478520467273,234.0437585615019,10.0,25,0.2117412964910348,1105.3288255057578,304.1201044473591
Compact laser,CMUT patch,850,10.0,10.0,19.952623149688794,39.90524629937759,0.39905246299377595,0.1,2339.0250607386797,64.39478520467273,234.0437585615019,30.0,75,0.12997088505048918,1800.7399000982723,495.4554643500165
Compact laser,CMUT patch,900,10.0,10.0,25.1188643150958,50.237728630191604,0.502377286301916,0.1,2550.24271998915,72.68121067316788,256.47924135186554,2.0,5,0.465806865853454,550.6128401133436,156.03293124501494
Compact laser,CMUT patch,900,10.0,10.0,25.1188643150958,50.237728630191604,0.502377286301916,0.1,2550.24271998915,72.68121067316788,256.47924135186554,10.0,25,0.21105790004628217,1215.2079656607173,344.36621731396866
Compact laser,CMUT patch,900,10.0,10.0,25.1188643150958,50.237728630191604,0.502377286301916,0.1,2550.24271998915,72.68121067316788,256.47924135186554,30.0,75,0.12932319067651016,1983.2424487068552,562.0121982218419
