K,wavelengths,crlb_so2,cond,min_snr
2,690/800,0.019316190122421226,2.2999230177709893,677.3285014543706
2,750/800,0.035567019080493395,2.8629649251161533,643.7414736952041
2,760/800,0.03841963919072921,3.0249616650874116,677.1589906818663
2,800/940,0.05325885288284185,4.1556690265642855,666.6043089299394
2,800/850,0.07598974602265993,5.666532245032343,618.7526918233611
2,780/800,0.1003359065342254,7.139674439109833,739.4250763063516
2,800/900,0.10834902804002843,7.891458182307745,586.7830304426437
3,690/800/940,0.013707487232511223,1.3898972366987712,533.9127981359882
3,690/800/850,0.014596138850576219,1.5204282587692335,495.58926866581527
3,690/800/900,0.015223414497806587,1.6213046643140716,545.9407563677072
3,690/780/800,0.018238506973080586,2.20263631742391,513.3295228829767
3,690/750/800,0.01930538210410245,2.7300772206457045,602.6717069599815
3,690/760/800,0.019344065379315992,2.679412627172688,545.2899666697709
3,750/800/940,0.021228075241094848,1.8333870559425907,503.0284885499651
3,760/800/940,0.022238560203094605,1.9204424456221756,580.2563036547798
3,750/800/850,0.023720296297062,2.070280818589544,595.8042062527334
3,760/800/850,0.02508972765665859,2.179819376752411,554.624118538343
3,750/800/900,0.025721978483110215,2.2655868958755803,546.5094054557145
3,760/800/900,0.027365593228606735,2.3963710924430544,544.9245317960014
3,750/760/800,0.03196666210814867,3.4159054065855003,526.8308473361491
3,780/800/940,0.03430987860140842,3.0179815637530254,545.9831048899006
3,750/780/800,0.03510348708210203,3.3524303036124508,567.7131016882406
3,760/780/800,0.03811531606536838,3.5925370590145462,558.8206491358759
3,780/800/850,0.043130679693825835,3.7485618465256234,579.4194816906963
3,800/850/940,0.051933973832805264,5.059492583924751,565.9611382150946
3,780/800/900,0.05211355714088925,4.50727873898862,562.1077067420038
3,800/900/940,0.05332292710604087,5.0740425764484955,553.4172671811128
3,800/850/900,0.07405308245764228,6.837442549026742,575.8609096701167
4,690/800/850/940,0.012735996762707452,1.2920586385873503,423.27598290286454
4,690/800/900/940,0.012992436692808211,1.3359810550433135,482.4096490187386
4,690/750/800/940,0.013183164790055176,1.6677465587881732,499.56858450577596
4,690/760/800/940,0.013320392001908462,1.6549216744315116,435.55742029817543
4,690/800/850/900,0.013592257374230735,1.4224503007372198,448.83265691369604
4,690/780/800/940,0.013717906580812258,1.5344889269974802,485.2534670181208
4,690/750/800/850,0.014085033460897409,1.816014408907318,486.4731481607131
4,690/760/800/850,0.014200820096303583,1.802983946529586,527.7766928869731
4,690/780/800/850,0.014573264507793414,1.665901723222625,508.9236106156305
4,690/750/800/900,0.014741068823415292,1.9303011584452612,508.9283710060622
4,690/760/800/900,0.01488386955713225,1.9168082649919012,467.94978356370444
4,690/780/800/900,0.015197598840044225,1.7638693354860822,469.25605237791683
4,690/750/780/800,0.01799701652409647,2.5791156932444412,480.22271161870503
4,690/760/780/800,0.01812050012154717,2.5569672762376685,471.9327095465351
4,750/760/800/940,0.018271748177518143,1.9191424728185784,439.06769452329877
4,690/750/760/800,0.01934567696619136,3.063839641483817,468.5820774510642
4,750/800/850/940,0.019611354943304238,1.9615349602970893,395.1137740243913
4,750/800/900/940,0.02023094555333314,2.0181209503983353,463.62076655938336
4,750/760/800/850,0.020270356994780886,2.169742427688904,482.8178210400495
4,760/800/850/940,0.0205022306317845,2.06297267635656,477.5113790462013
4,750/780/800/940,0.020918254953532188,2.1005114821197015,464.2399869659159
4,760/800/900/940,0.021216960893348326,2.1238045893763227,506.04205461032535
4,760/780/800/940,0.021834018426083353,2.1855604442842966,449.82459159213914
4,750/760/800/900,0.021872262808707583,2.3725827454206487,470.16929939312865
4,750/800/850/900,0.021966794281804376,2.185693818747837,471.3367821540189
4,760/800/850/900,0.02319838368895083,2.311069845252885,474.2943523914583
4,750/780/800/850,0.023532210630505868,2.386234817371218,448.8947909744331
4,760/780/800/850,0.024750215423062966,2.500520635876996,469.8605790042871
4,750/780/800/900,0.025611080843408924,2.617916352736867,424.98837261656786
4,760/780/800/900,0.027137906975578288,2.7601246690262555,419.75894799005573
4,750/760/780/800,0.0305060461290426,3.5833052219133052,478.75227523173993
4,780/800/850/940,0.03157602843386705,3.286769589708153,462.2828700359479
4,780/800/900/940,0.03317986819866739,3.417858486798876,526.0977770634352
4,780/800/850/900,0.0396483657111956,4.027658933062628,505.0553163264646
4,800/850/900/940,0.05175464077594926,5.774440687958173,527.1651708730969
