fc_MHz,pulse_ns,bone_cm,A_scalp,A_sinus,crosstalk_scalp_into_sinus,noise_Pa,SNR_sinus,axial_res_mm
1.0,8.0,0.0,102.48814028903038,252.81113118774962,0.06866116193000077,0.16384869990671974,1542.9547584550676,0.0011035714285714286
1.0,8.0,0.1,95.86883212791261,204.85346834519916,0.11395183016575682,0.16785080760725257,1220.4497033134785,0.0011035714285714286
1.0,8.0,0.2,99.85720882127536,124.65382164802581,0.02439814404721928,0.15660708566485962,795.9654004084206,0.0011035714285714286
1.0,8.0,0.3,101.21728943445447,68.47906250305125,0.0028999916038266013,0.1648220556463867,415.4726880119001,0.0011035714285714286
1.0,80.0,0.0,101.6919830892944,250.50072407416556,0.0686398893343625,0.17865585778307091,1402.1411174680359,0.0011035714285714286
1.0,80.0,0.1,94.76822800056635,203.03865096840252,0.1140763618014376,0.19035115441013284,1066.6531106553368,0.0011035714285714286
1.0,80.0,0.2,98.61635838122244,123.53456420735047,0.02450384051716316,0.224415921625499,550.4714786391252,0.0011035714285714286
1.0,80.0,0.3,99.93519437490423,67.91456547531466,0.002911509575850338,0.1847498949213761,367.60272856564825,0.0011035714285714286
1.0,150.0,0.0,99.7072073674326,244.71427912504484,0.06858874632691998,0.21151870404587633,1156.9391947105005,0.0011035714285714286
1.0,150.0,0.1,92.02774179156519,198.4961285469898,0.11440682491171171,0.142652804405334,1391.4632058896118,0.0011035714285714286
1.0,150.0,0.2,95.52319947264326,120.73086775014278,0.024784814899231816,0.1718454758045306,702.5548224933821,0.0011035714285714286
1.0,150.0,0.3,96.7380387931007,66.50039448687025,0.0029873964841197705,0.1776151181261186,374.4072868822491,0.0011035714285714286
1.0,300.0,0.0,91.95719417047734,221.7298785294481,0.06842502024705578,0.17975519486471284,1233.5102676522156,0.0011035714285714286
1.0,300.0,0.1,81.41107566041765,178.4386688182774,0.11603036938334084,0.2147640891181619,830.8589650670207,0.0011035714285714286
1.0,300.0,0.2,83.48882792355556,109.58742046197162,0.02617236010902758,0.18543451162769745,590.9764018576739,0.0011035714285714286
1.0,300.0,0.3,84.27862861503,60.8771775072142,0.003198942386801815,0.2085767059113163,291.8694934855202,0.0011035714285714286
1.5,8.0,0.0,56.688283223591185,216.1927566323493,0.08259920094794233,0.24051886938111888,898.8598573934623,0.0007357142857142858
1.5,8.0,0.1,63.32297071347073,181.90184472396353,0.05685933661599358,0.2280923775739277,797.4919927563418,0.0007357142857142858
1.5,8.0,0.2,66.80062973731854,102.24372626697784,0.0027430715881832054,0.24234275063781502,421.8971931196022,0.0007357142857142858
1.5,8.0,0.3,67.9849413709739,46.578866612362496,0.005156196489845013,0.2127996846012299,218.8859757929044,0.0007357142857142858
1.5,80.0,0.0,55.78136807717689,211.8414013696535,0.0825647943149635,0.24751954262062295,855.8572754570176,0.0007357142857142858
1.5,80.0,0.1,62.500628794896166,178.34145160382784,0.05703872689707903,0.221405081121347,805.4984587552578,0.0007357142857142858
1.5,80.0,0.2,65.96097994833296,100.32614197933691,0.0026628404968223308,0.2386067309688528,420.4665206717629,0.0007357142857142858
1.5,80.0,0.3,67.13240517604106,45.771271867096935,0.005247346953555653,0.23442437805665314,195.24962483225798,0.0007357142857142858
1.5,150.0,0.0,53.57118173546089,201.17395904425706,0.08246242137924739,0.24920327392655028,807.268523701461,0.0007357142857142858
1.5,150.0,0.1,60.48837772156335,169.59229252962083,0.057552200551602664,0.20772370379157284,816.4320654506885,0.0007357142857142858
1.5,150.0,0.2,63.90347745711524,95.61438895353274,0.00279555663742355,0.2479608333361465,385.6027892272556,0.0007357142857142858
1.5,150.0,0.3,65.04561890783212,43.78753964844926,0.005485563961980888,0.22307709811062293,196.28881682303046,0.0007357142857142858
1.5,300.0,0.0,45.641222574555066,162.07289098697763,0.08334894387948565,0.23839073008866443,679.8623877979568,0.0007357142857142858
1.5,300.0,0.1,53.06726646295016,137.23802028586675,0.06067853086103122,0.1797362102189965,763.5524311915303,0.0007357142857142858
1.5,300.0,0.2,56.26892179879858,76.72083839152003,0.0033560003928617952,0.24370685968565015,314.80787406017146,0.0007357142857142858
1.5,300.0,0.3,57.326078211570064,36.46342217150668,0.006590524889710071,0.29636583297652624,123.03517515932674,0.0007357142857142858
2.0,8.0,0.0,33.79133429330232,197.66207739738852,0.07489923008255203,0.23509675832938354,840.7690467618147,0.0005517857142857143
2.0,8.0,0.1,38.41836423766985,149.4347358941378,0.0308723260013516,0.3486600400286401,428.5972544541173,0.0005517857142857143
2.0,8.0,0.2,39.16903602140781,80.51536367441649,0.003905397845543751,0.2888986554547506,278.6976060780851,0.0005517857142857143
2.0,8.0,0.3,41.019393329974164,33.024913255878346,0.007514636115517632,0.2874434820532908,114.89184941669913,0.0005517857142857143
2.0,80.0,0.0,32.72045167605782,190.34145793672775,0.07524864442046095,0.2527625777115673,753.0444564223839,0.0005517857142857143
2.0,80.0,0.1,37.19681980035039,144.31445792340287,0.031152082286283113,0.27988656198034134,515.6176734685076,0.0005517857142857143
2.0,80.0,0.2,37.94272517043217,77.88276987617695,0.0040372486438215865,0.30399251605843536,256.199629142205,0.0005517857142857143
2.0,80.0,0.3,39.71756211112403,32.04254579040471,0.007745493743864133,0.309122395609963,103.65650061419224,0.0005517857142857143
2.0,150.0,0.0,30.215006403093152,172.93454175110983,0.07616166840109863,0.29041821755284736,595.4672651333967,0.0005517857142857143
2.0,150.0,0.1,34.30943681748831,132.1215132870371,0.03199555469161411,0.2796740064175677,472.41255982071095,0.0005517857142857143
2.0,150.0,0.2,35.05174852761828,71.60100826810617,0.004390176544533876,0.28642308241871184,249.98337306989515,0.0005517857142857143
2.0,150.0,0.3,36.63897454671396,29.69248284467999,0.008359853587082584,0.28731472188114704,103.3448013045528,0.0005517857142857143
2.0,300.0,0.0,22.789922845907586,116.39702293444931,0.08016637406827812,0.256261406606911,454.2120660134949,0.0005517857142857143
2.0,300.0,0.1,25.295224994825816,92.11808436981252,0.038138272223676585,0.2974996469037824,309.64098723655104,0.0005517857142857143
2.0,300.0,0.2,26.09457993500291,50.849432929659976,0.005993358624747638,0.2862192133615099,177.6590478761273,0.0005517857142857143
2.0,300.0,0.3,27.000852830138914,21.838146199018155,0.011253000320865188,0.26965305232395276,80.98608938712286,0.0005517857142857143
3.0,8.0,0.0,14.116329801356795,173.36836819860773,0.0725425273395814,0.3290851698464771,526.819146178743,0.0003678571428571429
3.0,8.0,0.1,14.82937933326337,119.15956763035588,0.008512656664431111,0.3783834324871782,314.91750800794824,0.0003678571428571429
3.0,8.0,0.2,16.557496858465505,56.2231907623698,0.005819437320556377,0.35579206392687307,158.0226105715655,0.0003678571428571429
3.0,8.0,0.3,15.978759913373414,20.212624868067326,0.012608506936799765,0.3623082871947333,55.788469605729595,0.0003678571428571429
3.0,80.0,0.0,13.216287124779857,158.50497199532015,0.07247328059879844,0.3758877838131559,421.681626328428,0.0003678571428571429
3.0,80.0,0.1,13.907341758376496,109.63523076878273,0.009095972016445608,0.4179794324904703,262.2981473407363,0.0003678571428571429
3.0,80.0,0.2,15.472953788961128,52.11898935127718,0.006278739945341253,0.3624700727548472,143.78839321867906,0.0003678571428571429
3.0,80.0,0.3,14.98173674620108,18.922586418795078,0.013472509965580122,0.37609470363066955,50.31335521644924,0.0003678571428571429
3.0,150.0,0.0,11.56529140696887,126.61484738606399,0.0721098996669655,0.3768766560051474,335.9583178437421,0.0003678571428571429
3.0,150.0,0.1,12.219258299293408,89.00352580770773,0.011009248188969858,0.34180359623177525,260.39376644637434,0.0003678571428571429
3.0,150.0,0.2,13.3816462043153,43.15118917297454,0.0075866224804904394,0.35676875123818386,120.9500244155806,0.0003678571428571429
3.0,150.0,0.3,13.126607041719822,16.075624131442964,0.015873455602019464,0.4034557620054856,39.84482474989263,0.0003678571428571429
3.0,300.0,0.0,9.702954403360751,56.3671424794295,0.07399292680863961,0.38818633265322844,145.2064066608521,0.0003678571428571429
3.0,300.0,0.1,10.749141604277169,42.4270219136139,0.03704206835706117,0.33826782728589044,125.42434867078352,0.0003678571428571429
3.0,300.0,0.2,11.158674064632354,22.18300743631786,0.024088451793083006,0.3737212705846965,59.35709091861958,0.0003678571428571429
3.0,300.0,0.3,11.469014274520358,9.330396843969146,0.036159587595646546,0.37183762364103023,25.092664783638607,0.0003678571428571429
5.0,8.0,0.0,690.2409314068044,593.7174288091496,0.07767065522977877,0.5056985976628634,1174.0539355914254,0.00022071428571428573
5.0,8.0,0.1,708.2531043479702,277.5363996530676,0.0016675228692749312,0.5014253207586862,553.4949835264374,0.00022071428571428573
5.0,8.0,0.2,753.3094577448618,85.16667144815229,0.003996389351007436,0.49848471692727814,170.85111851197817,0.00022071428571428573
5.0,8.0,0.3,767.472820558127,27.40046398977022,0.009443944560757785,0.5302378080028709,51.67580201980215,0.00022071428571428573
5.0,80.0,0.0,449.3010715907351,394.4122551728483,0.08025279251950444,0.5247620517692737,751.6020905914565,0.00022071428571428573
5.0,80.0,0.1,460.88267340732915,187.65395628874714,0.0024571264403049683,0.48944295574302105,383.40311998947976,0.00022071428571428573
5.0,80.0,0.2,489.9863630691448,59.11233658477052,0.005677133316502118,0.4956474515520056,119.26286799150056,0.00022071428571428573
5.0,80.0,0.3,499.0990959746569,18.9868012453492,0.013303961620705598,0.4626622372293254,41.03814774046084,0.00022071428571428573
5.0,150.0,0.0,61.08320349390566,99.23766393161581,0.08986108826852816,0.45799269291418104,216.67957910020854,0.00022071428571428573
5.0,150.0,0.1,62.357265762872885,54.12414883381925,0.017969579675867625,0.4881251894856194,110.88169592488074,0.00022071428571428573
5.0,150.0,0.2,65.69167617735516,20.219068740529742,0.02669783746144379,0.5160491407856398,39.180510425321074,0.00022071428571428573
5.0,150.0,0.3,66.51100474949453,6.1502166978582125,0.05850683982797867,0.5259679150823762,11.69314043974522,0.00022071428571428573
5.0,300.0,0.0,60.86587675691862,68.46025867346759,0.10630361402086465,0.4897283388152303,139.79231595845422,0.00022071428571428573
5.0,300.0,0.1,62.138808490720926,35.191454399783204,0.03293077324103566,0.5034645901551111,69.89856901145949,0.00022071428571428573
5.0,300.0,0.2,65.580086101411,11.99624981713695,0.04826341067422313,0.5118600864105756,23.436579908507387,0.00022071428571428573
5.0,300.0,0.3,66.43655639500518,4.081590120237321,0.09384888904124764,0.49096816176581015,8.3133499034999,0.00022071428571428573
7.5,8.0,0.0,785.799850680759,693.9569419907239,0.07229530194038511,0.6095444758665598,1138.4845068182415,0.00014714285714285713
7.5,8.0,0.1,806.4978709824919,306.5310509737532,0.0015526077204162626,0.5942884061885971,515.7951051740285,0.00014714285714285713
7.5,8.0,0.2,857.919599011278,86.21545549576857,0.003971947483403417,0.635991396956042,135.56072599159316,0.00014714285714285713
7.5,8.0,0.3,874.1511992434021,26.638922755695315,0.00980180173621768,0.5836356460452774,45.64307018634142,0.00014714285714285713
7.5,80.0,0.0,504.68515288871833,436.6903317615888,0.07180934235363023,0.5941497391024559,734.9836295834599,0.00014714285714285713
7.5,80.0,0.1,518.0694967541992,196.4176215688229,0.0023964677133883703,0.5442434811510238,360.90027418136106,0.00014714285714285713
7.5,80.0,0.2,551.3039529048491,55.43236996716772,0.006164167032515751,0.5647066616672434,98.16135301735038,0.00014714285714285713
7.5,80.0,0.3,561.7965726939277,17.415984280538467,0.014483980306372867,0.5640304272497179,30.877738928839285,0.00014714285714285713
7.5,150.0,0.0,61.99506181147166,69.18110795388904,0.09421375645868722,0.5990114720584367,115.49212524453965,0.00014714285714285713
7.5,150.0,0.1,63.297614356236096,33.52931553649828,0.0582610357660758,0.5936347187192155,56.481392477917694,0.00014714285714285713
7.5,150.0,0.2,67.13913768107277,10.860537500220095,0.08560500063177885,0.607817319769869,17.86809481561351,0.00014714285714285713
7.5,150.0,0.3,68.15325849390956,3.4582024688910487,0.1572083319733071,0.5876225223170806,5.8850747504620085,0.00014714285714285713
7.5,300.0,0.0,60.65957745655646,55.21691152354489,0.11784914747677463,0.6519957170104527,84.68907092937185,0.00014714285714285713
7.5,300.0,0.1,61.88307966411629,26.110543703965785,0.07632961755321509,0.6281161859907449,41.56960811761427,0.00014714285714285713
7.5,300.0,0.2,65.69314526917115,8.31224283688225,0.11372099364222854,0.5807989705348033,14.311738240906806,0.00014714285714285713
7.5,300.0,0.3,66.70318748988481,2.5830207314508002,0.20920041770513212,0.6114482521637863,4.224430640385405,0.00014714285714285713
