quantity,method,n,bias,sd,rmse,loa_lo,loa_hi,r2,rmse_rel
T,EKF -depth gating,64,,,,,,,
T,EKF -echo,64,,,,,,,
T,EKF -fluence corr.,64,,,,,,,
T,EKF -reference,64,,,,,,,
T,Echo shift only,64,-0.11877683028293806,0.1713066898718555,0.2073532889496677,-0.4545379424317748,0.2169842818658987,0.9923634945496012,0.20735328894966695
T,PA amplitude (800 nm),64,-0.12127245611678333,0.4965402904608073,0.5073528255565397,-1.0944914254199656,0.8519465131863988,0.9463398546316686,0.5073528255565395
T,Proposed EKF,64,-0.11722998475266333,0.17117541316267418,0.20636390897309556,-0.4527337945515047,0.21827382504617804,0.992392482184554,0.2063639089730948
T,Rectal proxy,64,-0.5188732140839387,0.17497814973738982,0.5471456561469542,-0.8618303875692228,-0.17591604059865468,0.9920306137817476,0.5471456561469529
T,Scalp thermistor,64,-2.14571265310905,0.6190244719660688,2.2318796389122775,-3.359000618162545,-0.9324246880555551,0.8941911612321783,2.231879638912276
Tgrad,Proposed EKF,64,-0.05262544991980468,0.31880478619438163,0.32065224074827203,-0.6774828308607926,0.5722319310211833,0.7546977525739789,
sO2,EKF -depth gating,64,,,,,,,
sO2,EKF -echo,64,,,,,,,
sO2,EKF -fluence corr.,64,,,,,,,
sO2,EKF -reference,64,,,,,,,
sO2,NIRS rScO2,64,6.409911411807348,5.240902942041116,8.253778230944597,-3.862258354593239,16.682081178207937,0.8276141923073641,
sO2,PA fluence-compensated,64,-0.6230735967378969,1.6355857345028062,1.7382641710922504,-3.828821636363397,2.582674442887603,0.983166431004427,
sO2,PA linear unmixing,64,1.5095861690713726,2.17357088204842,2.632383305858769,-2.7506127597435306,5.769785097886276,0.9904249980337333,
sO2,Proposed EKF,64,-0.10242672878953729,1.4639183677697454,1.4560435971613532,-2.971706729618238,2.766853272039164,0.9863767790338442,
