seed,state,quantity,method,truth,est,truth_rel,est_rel
10,0,sO2,NIRS rScO2,47.24973474681137,59.804103876563644,,
10,0,sO2,PA linear unmixing,47.24973474681137,49.62202964365823,,
10,0,sO2,PA fluence-compensated,47.24973474681137,43.88186175924057,,
10,0,sO2,Proposed EKF,47.24973474681137,45.212741906268505,,
10,0,sO2,EKF -echo,47.24973474681137,,,
10,0,sO2,EKF -reference,47.24973474681137,,,
10,0,sO2,EKF -fluence corr.,47.24973474681137,,,
10,0,sO2,EKF -depth gating,47.24973474681137,,,
10,0,T,Rectal proxy,36.973481266263626,36.644881840813596,-0.11638916367930963,-0.4449885891293377
10,0,T,Scalp thermistor,36.973481266263626,34.49553419744222,-0.11638916367930963,-2.5943362325007158
10,0,T,PA amplitude (800 nm),36.973481266263626,36.050516901843245,-0.11638916367930963,-1.0393535280996886
10,0,T,Echo shift only,36.973481266263626,37.123022527538566,-0.11638916367930963,0.03315209759563231
10,0,T,Proposed EKF,36.973481266263626,37.11834138986847,-0.11638916367930963,0.028470959925535055
10,0,T,EKF -echo,36.973481266263626,,-0.11638916367930963,
10,0,T,EKF -reference,36.973481266263626,,-0.11638916367930963,
10,0,T,EKF -fluence corr.,36.973481266263626,,-0.11638916367930963,
10,0,T,EKF -depth gating,36.973481266263626,,-0.11638916367930963,
10,0,Tgrad,Proposed EKF,2.684769448976688,2.618386491624313,,
10,1,sO2,NIRS rScO2,67.29906678911874,68.52351383423715,,
10,1,sO2,PA linear unmixing,67.29906678911874,67.6951844641598,,
10,1,sO2,PA fluence-compensated,67.29906678911874,65.16727971498698,,
10,1,sO2,Proposed EKF,67.29906678911874,65.44200436924929,,
10,1,sO2,EKF -echo,67.29906678911874,,,
10,1,sO2,EKF -reference,67.29906678911874,,,
10,1,sO2,EKF -fluence corr.,67.29906678911874,,,
10,1,sO2,EKF -depth gating,67.29906678911874,,,
10,1,T,Rectal proxy,34.5919625191251,34.154042944191886,0.04358671706413586,-0.3943328578690739
10,1,T,Scalp thermistor,34.5919625191251,33.47290585172082,0.04358671706413586,-1.0754699503401426
10,1,T,PA amplitude (800 nm),34.5919625191251,34.67141853261139,0.04358671706413586,0.12304273055043069
10,1,T,Echo shift only,34.5919625191251,34.50621968675013,0.04358671706413586,-0.04215611531083141
10,1,T,Proposed EKF,34.5919625191251,34.50460775395053,0.04358671706413586,-0.04376804811042945
10,1,T,EKF -echo,34.5919625191251,,0.04358671706413586,
10,1,T,EKF -reference,34.5919625191251,,0.04358671706413586,
10,1,T,EKF -fluence corr.,34.5919625191251,,0.04358671706413586,
10,1,T,EKF -depth gating,34.5919625191251,,0.04358671706413586,
10,1,Tgrad,Proposed EKF,1.036941297169534,1.2105648099092847,,
10,2,sO2,NIRS rScO2,41.0315666339431,50.7067441661372,,
10,2,sO2,PA linear unmixing,41.0315666339431,44.08373120257237,,
10,2,sO2,PA fluence-compensated,41.0315666339431,37.24819346978951,,
10,2,sO2,Proposed EKF,41.0315666339431,37.7690709848258,,
10,2,sO2,EKF -echo,41.0315666339431,,,
10,2,sO2,EKF -reference,41.0315666339431,,,
10,2,sO2,EKF -fluence corr.,41.0315666339431,,,
10,2,sO2,EKF -depth gating,41.0315666339431,,,
10,2,T,Rectal proxy,33.22282093104431,32.584392277747575,0.20579209707814383,-0.4326365562185899
10,2,T,Scalp thermistor,33.22282093104431,29.940486555389676,0.20579209707814383,-3.0765422785764898
10,2,T,PA amplitude (800 nm),33.22282093104431,33.05304707656764,0.20579209707814383,0.036018242601471684
10,2,T,Echo shift only,33.22282093104431,33.011650078896835,0.20579209707814383,-0.0053787550693300545
10,2,T,Proposed EKF,33.22282093104431,33.01091271989218,0.20579209707814383,-0.006116114073982715
10,2,T,EKF -echo,33.22282093104431,,0.20579209707814383,
10,2,T,EKF -reference,33.22282093104431,,0.20579209707814383,
10,2,T,EKF -fluence corr.,33.22282093104431,,0.20579209707814383,
10,2,T,EKF -depth gating,33.22282093104431,,0.20579209707814383,
10,2,Tgrad,Proposed EKF,3.0145296554676584,3.349449624504519,,
10,3,sO2,NIRS rScO2,56.57970469577418,66.71617677811743,,
10,3,sO2,PA linear unmixing,56.57970469577418,57.921851113912645,,
10,3,sO2,PA fluence-compensated,56.57970469577418,55.0839066814922,,
10,3,sO2,Proposed EKF,56.57970469577418,55.603281592339535,,
10,3,sO2,EKF -echo,56.57970469577418,,,
10,3,sO2,EKF -reference,56.57970469577418,,,
10,3,sO2,EKF -fluence corr.,56.57970469577418,,,
10,3,sO2,EKF -depth gating,56.57970469577418,,,
10,3,T,Rectal proxy,33.84784639901878,33.47946060313052,-0.04043747230704897,-0.4088232681953059
10,3,T,Scalp thermistor,33.84784639901878,32.09806287147191,-0.04043747230704897,-1.790220999853915
10,3,T,PA amplitude (800 nm),33.84784639901878,33.9417104655171,-0.04043747230704897,0.05342659419127216
10,3,T,Echo shift only,33.84784639901878,33.85979138980279,-0.04043747230704897,-0.028492481523038293
10,3,T,Proposed EKF,33.84784639901878,33.86549873486448,-0.04043747230704897,-0.02278513646134428
10,3,T,EKF -echo,33.84784639901878,,-0.04043747230704897,
10,3,T,EKF -reference,33.84784639901878,,-0.04043747230704897,
10,3,T,EKF -fluence corr.,33.84784639901878,,-0.04043747230704897,
10,3,T,EKF -depth gating,33.84784639901878,,-0.04043747230704897,
10,3,Tgrad,Proposed EKF,1.5882421647586398,2.220986157387846,,
11,0,sO2,NIRS rScO2,73.5180292051242,74.52580460831558,,
11,0,sO2,PA linear unmixing,73.5180292051242,74.00150720206271,,
11,0,sO2,PA fluence-compensated,73.5180292051242,73.7576623236663,,
11,0,sO2,Proposed EKF,73.5180292051242,73.84657117500268,,
11,0,sO2,EKF -echo,73.5180292051242,,,
11,0,sO2,EKF -reference,73.5180292051242,,,
11,0,sO2,EKF -fluence corr.,73.5180292051242,,,
11,0,sO2,EKF -depth gating,73.5180292051242,,,
11,0,T,Rectal proxy,35.57429388089896,34.85615416711083,0.2900418615817969,-0.428097852206335
11,0,T,Scalp thermistor,35.57429388089896,32.98072528015151,0.2900418615817969,-2.3035267391656546
11,0,T,PA amplitude (800 nm),35.57429388089896,34.98631833886505,0.2900418615817969,-0.2979336804521182
11,0,T,Echo shift only,35.57429388089896,35.277446303661876,0.2900418615817969,-0.006805715655289646
11,0,T,Proposed EKF,35.57429388089896,35.281427224216785,0.2900418615817969,-0.002824795100380584
11,0,T,EKF -echo,35.57429388089896,,0.2900418615817969,
11,0,T,EKF -reference,35.57429388089896,,0.2900418615817969,
11,0,T,EKF -fluence corr.,35.57429388089896,,0.2900418615817969,
11,0,T,EKF -depth gating,35.57429388089896,,0.2900418615817969,
11,0,Tgrad,Proposed EKF,2.241710375449877,2.394342470921358,,
11,1,sO2,NIRS rScO2,51.50632387545827,61.865705125391216,,
11,1,sO2,PA linear unmixing,51.50632387545827,54.62428251841431,,
11,1,sO2,PA fluence-compensated,51.50632387545827,51.376123572969725,,
11,1,sO2,Proposed EKF,51.50632387545827,51.468448509863364,,
11,1,sO2,EKF -echo,51.50632387545827,,,
11,1,sO2,EKF -reference,51.50632387545827,,,
11,1,sO2,EKF -fluence corr.,51.50632387545827,,,
11,1,sO2,EKF -depth gating,51.50632387545827,,,
11,1,T,Rectal proxy,36.54870012808855,36.28420419017227,-0.12558467039102938,-0.39008060830730784
11,1,T,Scalp thermistor,36.54870012808855,35.45847254582314,-0.12558467039102938,-1.2158122526564341
11,1,T,PA amplitude (800 nm),36.54870012808855,37.3423915551964,-0.12558467039102938,0.6681067567168242
11,1,T,Echo shift only,36.54870012808855,36.67389050598074,-0.12558467039102938,-0.000394292498839377
11,1,T,Proposed EKF,36.54870012808855,36.6776656136828,-0.12558467039102938,0.0033808152032221983
11,1,T,EKF -echo,36.54870012808855,,-0.12558467039102938,
11,1,T,EKF -reference,36.54870012808855,,-0.12558467039102938,
11,1,T,EKF -fluence corr.,36.54870012808855,,-0.12558467039102938,
11,1,T,EKF -depth gating,36.54870012808855,,-0.12558467039102938,
11,1,Tgrad,Proposed EKF,0.9311770199392058,1.299601433333914,,
11,2,sO2,NIRS rScO2,86.73446232734139,81.51806457211543,,
11,2,sO2,PA linear unmixing,86.73446232734139,86.09306382276733,,
11,2,sO2,PA fluence-compensated,86.73446232734139,87.61101832328166,,
11,2,sO2,Proposed EKF,86.73446232734139,87.64187897413876,,
11,2,sO2,EKF -echo,86.73446232734139,,,
11,2,sO2,EKF -reference,86.73446232734139,,,
11,2,sO2,EKF -fluence corr.,86.73446232734139,,,
11,2,sO2,EKF -depth gating,86.73446232734139,,,
11,2,T,Rectal proxy,37.03872966974734,36.53029725196886,0.0887562634827489,-0.419676154295729
11,2,T,Scalp thermistor,37.03872966974734,35.97427667878884,0.0887562634827489,-0.97569672747575
11,2,T,PA amplitude (800 nm),37.03872966974734,37.67770423358818,0.0887562634827489,0.7277308273235903
11,2,T,Echo shift only,37.03872966974734,36.956153266817125,0.0887562634827489,0.006179860552535388
11,2,T,Proposed EKF,37.03872966974734,36.95898004533397,0.0887562634827489,0.009006639069383482
11,2,T,EKF -echo,37.03872966974734,,0.0887562634827489,
11,2,T,EKF -reference,37.03872966974734,,0.0887562634827489,
11,2,T,EKF -fluence corr.,37.03872966974734,,0.0887562634827489,
11,2,T,EKF -depth gating,37.03872966974734,,0.0887562634827489,
11,2,Tgrad,Proposed EKF,1.0124064672803996,1.0659523693022603,,
11,3,sO2,NIRS rScO2,71.28816841814323,78.01834108495045,,
11,3,sO2,PA linear unmixing,71.28816841814323,72.2640745831438,,
11,3,sO2,PA fluence-compensated,71.28816841814323,71.66273941575415,,
11,3,sO2,Proposed EKF,71.28816841814323,71.77653396676158,,
11,3,sO2,EKF -echo,71.28816841814323,,,
11,3,sO2,EKF -reference,71.28816841814323,,,
11,3,sO2,EKF -fluence corr.,71.28816841814323,,,
11,3,sO2,EKF -depth gating,71.28816841814323,,,
11,3,T,Rectal proxy,37.38036995381079,37.16026127513391,-0.18802669946764328,-0.4081353781445216
11,3,T,Scalp thermistor,37.38036995381079,34.77186694727652,-0.18802669946764328,-2.7965297060019125
11,3,T,PA amplitude (800 nm),37.38036995381079,37.672905566918644,-0.18802669946764328,0.10450891364020976
11,3,T,Echo shift only,37.38036995381079,37.58458995235789,-0.18802669946764328,0.016193299079453993
11,3,T,Proposed EKF,37.38036995381079,37.58808604684288,-0.18802669946764328,0.01968939356444821
11,3,T,EKF -echo,37.38036995381079,,-0.18802669946764328,
11,3,T,EKF -reference,37.38036995381079,,-0.18802669946764328,
11,3,T,EKF -fluence corr.,37.38036995381079,,-0.18802669946764328,
11,3,T,EKF -depth gating,37.38036995381079,,-0.18802669946764328,
11,3,Tgrad,Proposed EKF,2.4812312081763537,2.903099591646968,,
12,0,sO2,NIRS rScO2,63.40732954719503,64.40435330627577,,
12,0,sO2,PA linear unmixing,63.40732954719503,64.94909756451707,,
12,0,sO2,PA fluence-compensated,63.40732954719503,62.882196348175924,,
12,0,sO2,Proposed EKF,63.40732954719503,63.540567963677475,,
12,0,sO2,EKF -echo,63.40732954719503,,,
12,0,sO2,EKF -reference,63.40732954719503,,,
12,0,sO2,EKF -fluence corr.,63.40732954719503,,,
12,0,sO2,EKF -depth gating,63.40732954719503,,,
12,0,T,Rectal proxy,38.06510020523396,37.75854150503572,-0.044737346346708784,-0.3512960465449453
12,0,T,Scalp thermistor,38.06510020523396,36.789393810251475,-0.044737346346708784,-1.3204437413291927
12,0,T,PA amplitude (800 nm),38.06510020523396,38.21975541557525,-0.044737346346708784,0.10991786399458192
12,0,T,Echo shift only,38.06510020523396,38.13883781635902,-0.044737346346708784,0.029000264778353824
12,0,T,Proposed EKF,38.06510020523396,38.13687521793655,-0.044737346346708784,0.027037666355880674
12,0,T,EKF -echo,38.06510020523396,,-0.044737346346708784,
12,0,T,EKF -reference,38.06510020523396,,-0.044737346346708784,
12,0,T,EKF -fluence corr.,38.06510020523396,,-0.044737346346708784,
12,0,T,EKF -depth gating,38.06510020523396,,-0.044737346346708784,
12,0,Tgrad,Proposed EKF,1.214309462888309,1.4031211417121514,,
12,1,sO2,NIRS rScO2,58.28797003725186,65.34584724730495,,
12,1,sO2,PA linear unmixing,58.28797003725186,60.68013085141476,,
12,1,sO2,PA fluence-compensated,58.28797003725186,58.11840873374001,,
12,1,sO2,Proposed EKF,58.28797003725186,58.21076874415533,,
12,1,sO2,EKF -echo,58.28797003725186,,,
12,1,sO2,EKF -reference,58.28797003725186,,,
12,1,sO2,EKF -fluence corr.,58.28797003725186,,,
12,1,sO2,EKF -depth gating,58.28797003725186,,,
12,1,T,Rectal proxy,34.84606345521908,34.21728955375057,0.22469156406526591,-0.4040823374032456
12,1,T,Scalp thermistor,34.84606345521908,32.36839550293998,0.22469156406526591,-2.252976388213831
12,1,T,PA amplitude (800 nm),34.84606345521908,34.96138022781475,0.22469156406526591,0.34000833666093655
12,1,T,Echo shift only,34.84606345521908,34.67668829861068,0.22469156406526591,0.05531640745686417
12,1,T,Proposed EKF,34.84606345521908,34.679782573614524,0.22469156406526591,0.05841068246071046
12,1,T,EKF -echo,34.84606345521908,,0.22469156406526591,
12,1,T,EKF -reference,34.84606345521908,,0.22469156406526591,
12,1,T,EKF -fluence corr.,34.84606345521908,,0.22469156406526591,
12,1,T,EKF -depth gating,34.84606345521908,,0.22469156406526591,
12,1,Tgrad,Proposed EKF,2.4000797831378833,2.3472817252209266,,
12,2,sO2,NIRS rScO2,83.62288691006738,87.07343730941184,,
12,2,sO2,PA linear unmixing,83.62288691006738,82.06095675538305,,
12,2,sO2,PA fluence-compensated,83.62288691006738,83.1416518359493,,
12,2,sO2,Proposed EKF,83.62288691006738,83.52898391533343,,
12,2,sO2,EKF -echo,83.62288691006738,,,
12,2,sO2,EKF -reference,83.62288691006738,,,
12,2,sO2,EKF -fluence corr.,83.62288691006738,,,
12,2,sO2,EKF -depth gating,83.62288691006738,,,
12,2,T,Rectal proxy,33.32315726903215,32.552568542602174,0.37129564930179126,-0.39929307712818485
12,2,T,Scalp thermistor,33.32315726903215,31.14310283727837,0.37129564930179126,-1.8087587824519886
12,2,T,PA amplitude (800 nm),33.32315726903215,33.69512002566321,0.37129564930179126,0.7432584059328491
12,2,T,Echo shift only,33.32315726903215,32.934197704157015,0.37129564930179126,-0.017663915573344013
12,2,T,Proposed EKF,33.32315726903215,32.9310180776234,0.37129564930179126,-0.02084354210695949
12,2,T,EKF -echo,33.32315726903215,,0.37129564930179126,
12,2,T,EKF -reference,33.32315726903215,,0.37129564930179126,
12,2,T,EKF -fluence corr.,33.32315726903215,,0.37129564930179126,
12,2,T,EKF -depth gating,33.32315726903215,,0.37129564930179126,
12,2,Tgrad,Proposed EKF,2.4591483395145524,1.805173934220408,,
12,3,sO2,NIRS rScO2,47.60228263064576,53.53961361619463,,
12,3,sO2,PA linear unmixing,47.60228263064576,50.835171462093044,,
12,3,sO2,PA fluence-compensated,47.60228263064576,47.09446896352872,,
12,3,sO2,Proposed EKF,47.60228263064576,48.0251475249339,,
12,3,sO2,EKF -echo,47.60228263064576,,,
12,3,sO2,EKF -reference,47.60228263064576,,,
12,3,sO2,EKF -fluence corr.,47.60228263064576,,,
12,3,sO2,EKF -depth gating,47.60228263064576,,,
12,3,T,Rectal proxy,35.638942715880354,34.87912836329747,0.35451349260239196,-0.4053008599804926
12,3,T,Scalp thermistor,35.638942715880354,33.51524782361293,0.35451349260239196,-1.7691813996650296
12,3,T,PA amplitude (800 nm),35.638942715880354,35.09531807920412,0.35451349260239196,-0.18911114407384133
12,3,T,Echo shift only,35.638942715880354,35.287235370099104,0.35451349260239196,0.0028061468211433294
12,3,T,Proposed EKF,35.638942715880354,35.295273434199586,0.35451349260239196,0.010844210921625574
12,3,T,EKF -echo,35.638942715880354,,0.35451349260239196,
12,3,T,EKF -reference,35.638942715880354,,0.35451349260239196,
12,3,T,EKF -fluence corr.,35.638942715880354,,0.35451349260239196,
12,3,T,EKF -depth gating,35.638942715880354,,0.35451349260239196,
12,3,Tgrad,Proposed EKF,2.2673803188733856,1.8339051742182533,,
13,0,sO2,NIRS rScO2,65.88748535934886,62.782234477348034,,
13,0,sO2,PA linear unmixing,65.88748535934886,69.00320458904427,,
13,0,sO2,PA fluence-compensated,65.88748535934886,67.48440322553367,,
13,0,sO2,Proposed EKF,65.88748535934886,67.50438987829115,,
13,0,sO2,EKF -echo,65.88748535934886,,,
13,0,sO2,EKF -reference,65.88748535934886,,,
13,0,sO2,EKF -fluence corr.,65.88748535934886,,,
13,0,sO2,EKF -depth gating,65.88748535934886,,,
13,0,T,Rectal proxy,33.2022393008504,32.50237634898197,0.2884039115500684,-0.41145904031836267
13,0,T,Scalp thermistor,33.2022393008504,31.04239056184693,0.2884039115500684,-1.8714448274534021
13,0,T,PA amplitude (800 nm),33.2022393008504,32.44154933548684,0.2884039115500684,-0.472286053813491
13,0,T,Echo shift only,33.2022393008504,32.90548422413714,0.2884039115500684,-0.008351165163190899
13,0,T,Proposed EKF,33.2022393008504,32.90650409540512,0.2884039115500684,-0.007331293895212809
13,0,T,EKF -echo,33.2022393008504,,0.2884039115500684,
13,0,T,EKF -reference,33.2022393008504,,0.2884039115500684,
13,0,T,EKF -fluence corr.,33.2022393008504,,0.2884039115500684,
13,0,T,EKF -depth gating,33.2022393008504,,0.2884039115500684,
13,0,Tgrad,Proposed EKF,2.225253525756635,1.8488047686523483,,
13,1,sO2,NIRS rScO2,65.82319158969415,70.99316165021693,,
13,1,sO2,PA linear unmixing,65.82319158969415,68.2788508748929,,
13,1,sO2,PA fluence-compensated,65.82319158969415,66.7657598209957,,
13,1,sO2,Proposed EKF,65.82319158969415,67.38377770431886,,
13,1,sO2,EKF -echo,65.82319158969415,,,
13,1,sO2,EKF -reference,65.82319158969415,,,
13,1,sO2,EKF -fluence corr.,65.82319158969415,,,
13,1,sO2,EKF -depth gating,65.82319158969415,,,
13,1,T,Rectal proxy,37.278487084760464,36.522490433520325,0.34411689115989075,-0.4118797600802466
13,1,T,Scalp thermistor,37.278487084760464,35.30396788363598,0.34411689115989075,-1.6304023099645946
13,1,T,PA amplitude (800 nm),37.278487084760464,36.92475293992624,0.34411689115989075,-0.009617253674328197
13,1,T,Echo shift only,37.278487084760464,36.95130903220755,0.34411689115989075,0.016938838606975537
13,1,T,Proposed EKF,37.278487084760464,36.954005196668945,0.34411689115989075,0.01963500306837318
13,1,T,EKF -echo,37.278487084760464,,0.34411689115989075,
13,1,T,EKF -reference,37.278487084760464,,0.34411689115989075,
13,1,T,EKF -fluence corr.,37.278487084760464,,0.34411689115989075,
13,1,T,EKF -depth gating,37.278487084760464,,0.34411689115989075,
13,1,Tgrad,Proposed EKF,2.1091769323394445,1.6879464612285808,,
13,2,sO2,NIRS rScO2,47.78303065714005,52.07681622889411,,
13,2,sO2,PA linear unmixing,47.78303065714005,53.920509871977416,,
13,2,sO2,PA fluence-compensated,47.78303065714005,50.586890392356445,,
13,2,sO2,Proposed EKF,47.78303065714005,50.9784581619184,,
13,2,sO2,EKF -echo,47.78303065714005,,,
13,2,sO2,EKF -reference,47.78303065714005,,,
13,2,sO2,EKF -fluence corr.,47.78303065714005,,,
13,2,sO2,EKF -depth gating,47.78303065714005,,,
13,2,T,Rectal proxy,35.49882347295754,35.038226336187606,0.06563625195272349,-0.39496088481720903
13,2,T,Scalp thermistor,35.49882347295754,33.74933163179481,0.06563625195272349,-1.6838555892100047
13,2,T,PA amplitude (800 nm),35.49882347295754,35.21388633756195,0.06563625195272349,-0.21930088344286247
13,2,T,Echo shift only,35.49882347295754,35.429857144670066,0.06563625195272349,-0.0033300763347483553
13,2,T,Proposed EKF,35.49882347295754,35.435026350672494,0.06563625195272349,0.0018391296676796287
13,2,T,EKF -echo,35.49882347295754,,0.06563625195272349,
13,2,T,EKF -reference,35.49882347295754,,0.06563625195272349,
13,2,T,EKF -fluence corr.,35.49882347295754,,0.06563625195272349,
13,2,T,EKF -depth gating,35.49882347295754,,0.06563625195272349,
13,2,Tgrad,Proposed EKF,2.0583393302465396,1.718092347093123,,
13,3,sO2,NIRS rScO2,52.315107711732466,55.797838742023956,,
13,3,sO2,PA linear unmixing,52.315107711732466,56.65521080255296,,
13,3,sO2,PA fluence-compensated,52.315107711732466,53.54050150226446,,
13,3,sO2,Proposed EKF,52.315107711732466,53.54067804385034,,
13,3,sO2,EKF -echo,52.315107711732466,,,
13,3,sO2,EKF -reference,52.315107711732466,,,
13,3,sO2,EKF -fluence corr.,52.315107711732466,,,
13,3,sO2,EKF -depth gating,52.315107711732466,,,
13,3,T,Rectal proxy,38.46190303666717,37.784162696948464,0.28865956850139296,-0.38908077121730855
13,3,T,Scalp thermistor,38.46190303666717,35.54404841829563,0.28865956850139296,-2.629195049870141
13,3,T,PA amplitude (800 nm),38.46190303666717,38.748990169559804,0.28865956850139296,0.5757467013940314
13,3,T,Echo shift only,38.46190303666717,38.189511436569305,0.28865956850139296,0.016267968403532507
13,3,T,Proposed EKF,38.46190303666717,38.18888359042216,0.28865956850139296,0.01564012225638578
13,3,T,EKF -echo,38.46190303666717,,0.28865956850139296,
13,3,T,EKF -reference,38.46190303666717,,0.28865956850139296,
13,3,T,EKF -fluence corr.,38.46190303666717,,0.28865956850139296,
13,3,T,EKF -depth gating,38.46190303666717,,0.28865956850139296,
13,3,Tgrad,Proposed EKF,2.9631035284867124,2.7040534616408047,,
14,0,sO2,NIRS rScO2,51.436031388181206,57.87048425241548,,
14,0,sO2,PA linear unmixing,51.436031388181206,55.68709683685997,,
14,0,sO2,PA fluence-compensated,51.436031388181206,50.85767051768667,,
14,0,sO2,Proposed EKF,51.436031388181206,52.437418464938176,,
14,0,sO2,EKF -echo,51.436031388181206,,,
14,0,sO2,EKF -reference,51.436031388181206,,,
14,0,sO2,EKF -fluence corr.,51.436031388181206,,,
14,0,sO2,EKF -depth gating,51.436031388181206,,,
14,0,T,Rectal proxy,36.401165085083136,35.62082860692665,0.3827705585204043,-0.39756591963607946
14,0,T,Scalp thermistor,36.401165085083136,34.65545591248464,0.3827705585204043,-1.3629386140780895
14,0,T,PA amplitude (800 nm),36.401165085083136,36.455050031636844,0.3827705585204043,0.4366555050741141
14,0,T,Echo shift only,36.401165085083136,36.00611597270677,0.3827705585204043,-0.012278553855956886
14,0,T,Proposed EKF,36.401165085083136,36.0126847125742,0.3827705585204043,-0.005709813988531209
14,0,T,EKF -echo,36.401165085083136,,0.3827705585204043,
14,0,T,EKF -reference,36.401165085083136,,0.3827705585204043,
14,0,T,EKF -fluence corr.,36.401165085083136,,0.3827705585204043,
14,0,T,EKF -depth gating,36.401165085083136,,0.3827705585204043,
14,0,Tgrad,Proposed EKF,1.9088865299042155,1.3173178577779279,,
14,1,sO2,NIRS rScO2,54.44307642549888,69.74498065182904,,
14,1,sO2,PA linear unmixing,54.44307642549888,57.717507689370095,,
14,1,sO2,PA fluence-compensated,54.44307642549888,47.18944170373807,,
14,1,sO2,Proposed EKF,54.44307642549888,48.48656166873583,,
14,1,sO2,EKF -echo,54.44307642549888,,,
14,1,sO2,EKF -reference,54.44307642549888,,,
14,1,sO2,EKF -fluence corr.,54.44307642549888,,,
14,1,sO2,EKF -depth gating,54.44307642549888,,,
14,1,T,Rectal proxy,33.48274628489665,33.10589727995404,-0.03584756860067417,-0.41269657354327904
14,1,T,Scalp thermistor,33.48274628489665,31.756133509708565,-0.03584756860067417,-1.7624603437887565
14,1,T,PA amplitude (800 nm),33.48274628489665,32.97712875684478,-0.03584756860067417,-0.5414650966525443
14,1,T,Echo shift only,33.48274628489665,33.53701397442395,-0.03584756860067417,0.018420120926627703
14,1,T,Proposed EKF,33.48274628489665,33.53839417673394,-0.03584756860067417,0.01980032323661618
14,1,T,EKF -echo,33.48274628489665,,-0.03584756860067417,
14,1,T,EKF -reference,33.48274628489665,,-0.03584756860067417,
14,1,T,EKF -fluence corr.,33.48274628489665,,-0.03584756860067417,
14,1,T,EKF -depth gating,33.48274628489665,,-0.03584756860067417,
14,1,Tgrad,Proposed EKF,1.561324914544187,1.8118646328876564,,
14,2,sO2,NIRS rScO2,85.53863776113462,89.69599066581765,,
14,2,sO2,PA linear unmixing,85.53863776113462,81.21684166900683,,
14,2,sO2,PA fluence-compensated,85.53863776113462,83.21149516998186,,
14,2,sO2,Proposed EKF,85.53863776113462,84.01775737903094,,
14,2,sO2,EKF -echo,85.53863776113462,,,
14,2,sO2,EKF -reference,85.53863776113462,,,
14,2,sO2,EKF -fluence corr.,85.53863776113462,,,
14,2,sO2,EKF -depth gating,85.53863776113462,,,
14,2,T,Rectal proxy,37.85143257438777,37.164467477021454,0.27901290109772814,-0.4079521962685888
14,2,T,Scalp thermistor,37.85143257438777,34.90494083425126,0.27901290109772814,-2.667478839038779
14,2,T,PA amplitude (800 nm),37.85143257438777,38.24054055326847,0.27901290109772814,0.6681208799784244
14,2,T,Echo shift only,37.85143257438777,37.56719355220443,0.27901290109772814,-0.005226121085613045
14,2,T,Proposed EKF,37.85143257438777,37.56928008618762,0.27901290109772814,-0.003139587102424457
14,2,T,EKF -echo,37.85143257438777,,0.27901290109772814,
14,2,T,EKF -reference,37.85143257438777,,0.27901290109772814,
14,2,T,EKF -fluence corr.,37.85143257438777,,0.27901290109772814,
14,2,T,EKF -depth gating,37.85143257438777,,0.27901290109772814,
14,2,Tgrad,Proposed EKF,3.1265677048597738,2.6221822037181415,,
14,3,sO2,NIRS rScO2,65.71060159293502,68.64176811672742,,
14,3,sO2,PA linear unmixing,65.71060159293502,66.65832093866565,,
14,3,sO2,PA fluence-compensated,65.71060159293502,64.20276490655812,,
14,3,sO2,Proposed EKF,65.71060159293502,65.55581569025392,,
14,3,sO2,EKF -echo,65.71060159293502,,,
14,3,sO2,EKF -reference,65.71060159293502,,,
14,3,sO2,EKF -fluence corr.,65.71060159293502,,,
14,3,sO2,EKF -depth gating,65.71060159293502,,,
14,3,T,Rectal proxy,35.119118081668894,34.33938343812439,0.37595744104479534,-0.40377720249970395
14,3,T,Scalp thermistor,35.119118081668894,33.17722574835447,0.37595744104479534,-1.565934892269624
14,3,T,PA amplitude (800 nm),35.119118081668894,35.01837919837562,0.37595744104479534,0.27521855775152204
14,3,T,Echo shift only,35.119118081668894,34.76472659861383,0.37595744104479534,0.021565957989729156
14,3,T,Proposed EKF,35.119118081668894,34.764821943821545,0.37595744104479534,0.021661303197447523
14,3,T,EKF -echo,35.119118081668894,,0.37595744104479534,
14,3,T,EKF -reference,35.119118081668894,,0.37595744104479534,
14,3,T,EKF -fluence corr.,35.119118081668894,,0.37595744104479534,
14,3,T,EKF -depth gating,35.119118081668894,,0.37595744104479534,
14,3,Tgrad,Proposed EKF,1.5910375469375637,1.6095462898060766,,
15,0,sO2,NIRS rScO2,59.487924167495684,71.59434201982171,,
15,0,sO2,PA linear unmixing,59.487924167495684,63.071829033449035,,
15,0,sO2,PA fluence-compensated,59.487924167495684,59.92534363216746,,
15,0,sO2,Proposed EKF,59.487924167495684,60.13531335322113,,
15,0,sO2,EKF -echo,59.487924167495684,,,
15,0,sO2,EKF -reference,59.487924167495684,,,
15,0,sO2,EKF -fluence corr.,59.487924167495684,,,
15,0,sO2,EKF -depth gating,59.487924167495684,,,
15,0,T,Rectal proxy,33.890440767302884,33.393456531267034,0.12063653635201488,-0.3763476996838335
15,0,T,Scalp thermistor,33.890440767302884,30.997158720889235,0.12063653635201488,-2.7726455100616327
15,0,T,PA amplitude (800 nm),33.890440767302884,33.280275090191985,0.12063653635201488,-0.4895291407588829
15,0,T,Echo shift only,33.890440767302884,33.75401442294695,0.12063653635201488,-0.01578980800391605
15,0,T,Proposed EKF,33.890440767302884,33.763190212654465,0.12063653635201488,-0.006614018296403401
15,0,T,EKF -echo,33.890440767302884,,0.12063653635201488,
15,0,T,EKF -reference,33.890440767302884,,0.12063653635201488,
15,0,T,EKF -fluence corr.,33.890440767302884,,0.12063653635201488,
15,0,T,EKF -depth gating,33.890440767302884,,0.12063653635201488,
15,0,Tgrad,Proposed EKF,2.8604866620967684,2.8115034698575236,,
15,1,sO2,NIRS rScO2,56.395403664097586,69.4180309285281,,
15,1,sO2,PA linear unmixing,56.395403664097586,59.6405070181577,,
15,1,sO2,PA fluence-compensated,56.395403664097586,55.67204923591158,,
15,1,sO2,Proposed EKF,56.395403664097586,55.71866519992994,,
15,1,sO2,EKF -echo,56.395403664097586,,,
15,1,sO2,EKF -reference,56.395403664097586,,,
15,1,sO2,EKF -fluence corr.,56.395403664097586,,,
15,1,sO2,EKF -depth gating,56.395403664097586,,,
15,1,T,Rectal proxy,36.92349253437473,36.64566838795851,-0.1251638077771503,-0.40298795419337097
15,1,T,Scalp thermistor,36.92349253437473,35.03201571924153,-0.1251638077771503,-2.0166406229103515
15,1,T,PA amplitude (800 nm),36.92349253437473,37.66562627657147,-0.1251638077771503,0.6169699344195934
15,1,T,Echo shift only,36.92349253437473,37.04398863394427,-0.1251638077771503,-0.004667708207612975
15,1,T,Proposed EKF,36.92349253437473,37.043842466285874,-0.1251638077771503,-0.004813875866005901
15,1,T,EKF -echo,36.92349253437473,,-0.1251638077771503,
15,1,T,EKF -reference,36.92349253437473,,-0.1251638077771503,
15,1,T,EKF -fluence corr.,36.92349253437473,,-0.1251638077771503,
15,1,T,EKF -depth gating,36.92349253437473,,-0.1251638077771503,
15,1,Tgrad,Proposed EKF,1.8063417304403302,2.019512998539035,,
15,2,sO2,NIRS rScO2,69.61067223281421,75.94634980150722,,
15,2,sO2,PA linear unmixing,69.61067223281421,70.92864654562247,,
15,2,sO2,PA fluence-compensated,69.61067223281421,73.34094117774454,,
15,2,sO2,Proposed EKF,69.61067223281421,73.07683253046895,,
15,2,sO2,EKF -echo,69.61067223281421,,,
15,2,sO2,EKF -reference,69.61067223281421,,,
15,2,sO2,EKF -fluence corr.,69.61067223281421,,,
15,2,sO2,EKF -depth gating,69.61067223281421,,,
15,2,T,Rectal proxy,34.17761099070759,33.693996878299416,0.07044045736598858,-0.4131736550421863
15,2,T,Scalp thermistor,34.17761099070759,31.982995542257793,0.07044045736598858,-2.124174991083809
15,2,T,PA amplitude (800 nm),34.17761099070759,34.65594953852364,0.07044045736598858,0.5487790051820411
15,2,T,Echo shift only,34.17761099070759,34.10325639959679,0.07044045736598858,-0.003914133744814308
15,2,T,Proposed EKF,34.17761099070759,34.105368013009596,0.07044045736598858,-0.001802520332006452
15,2,T,EKF -echo,34.17761099070759,,0.07044045736598858,
15,2,T,EKF -reference,34.17761099070759,,0.07044045736598858,
15,2,T,EKF -fluence corr.,34.17761099070759,,0.07044045736598858,
15,2,T,EKF -depth gating,34.17761099070759,,0.07044045736598858,
15,2,Tgrad,Proposed EKF,2.4910056938395897,2.1028426530451885,,
15,3,sO2,NIRS rScO2,43.3281115644953,50.35445093785433,,
15,3,sO2,PA linear unmixing,43.3281115644953,48.998267092988954,,
15,3,sO2,PA fluence-compensated,43.3281115644953,43.57825000980842,,
15,3,sO2,Proposed EKF,43.3281115644953,43.85259003988883,,
15,3,sO2,EKF -echo,43.3281115644953,,,
15,3,sO2,EKF -reference,43.3281115644953,,,
15,3,sO2,EKF -fluence corr.,43.3281115644953,,,
15,3,sO2,EKF -depth gating,43.3281115644953,,,
15,3,T,Rectal proxy,37.91678871557002,37.62825784811352,-0.09935899193468034,-0.3878898593911799
15,3,T,Scalp thermistor,37.91678871557002,35.243426399554046,-0.09935899193468034,-2.772721307950654
15,3,T,PA amplitude (800 nm),37.91678871557002,37.88306737228781,-0.09935899193468034,-0.13308033521688856
15,3,T,Echo shift only,37.91678871557002,38.038191735330244,-0.09935899193468034,0.02204402782554382
15,3,T,Proposed EKF,37.91678871557002,38.03253253398698,-0.09935899193468034,0.016384826482280346
15,3,T,EKF -echo,37.91678871557002,,-0.09935899193468034,
15,3,T,EKF -reference,37.91678871557002,,-0.09935899193468034,
15,3,T,EKF -fluence corr.,37.91678871557002,,-0.09935899193468034,
15,3,T,EKF -depth gating,37.91678871557002,,-0.09935899193468034,
15,3,Tgrad,Proposed EKF,2.7881195353916866,2.848098803989191,,
16,0,sO2,NIRS rScO2,73.16476334966002,77.82573746618627,,
16,0,sO2,PA linear unmixing,73.16476334966002,71.9241956206697,,
16,0,sO2,PA fluence-compensated,73.16476334966002,70.73132889151474,,
16,0,sO2,Proposed EKF,73.16476334966002,71.47180756506843,,
16,0,sO2,EKF -echo,73.16476334966002,,,
16,0,sO2,EKF -reference,73.16476334966002,,,
16,0,sO2,EKF -fluence corr.,73.16476334966002,,,
16,0,sO2,EKF -depth gating,73.16476334966002,,,
16,0,T,Rectal proxy,33.48152897393342,33.065521513830184,0.03694638836539921,-0.3790610717378371
16,0,T,Scalp thermistor,33.48152897393342,32.26211097152543,0.03694638836539921,-1.1824716140425906
16,0,T,PA amplitude (800 nm),33.48152897393342,34.05498354244466,0.03694638836539921,0.6104009568766386
16,0,T,Echo shift only,33.48152897393342,33.387615505819156,0.03694638836539921,-0.0569670797488655
16,0,T,Proposed EKF,33.48152897393342,33.38866080446695,0.03694638836539921,-0.05592178110106971
16,0,T,EKF -echo,33.48152897393342,,0.03694638836539921,
16,0,T,EKF -reference,33.48152897393342,,0.03694638836539921,
16,0,T,EKF -fluence corr.,33.48152897393342,,0.03694638836539921,
16,0,T,EKF -depth gating,33.48152897393342,,0.03694638836539921,
16,0,Tgrad,Proposed EKF,1.4342985402735593,1.5684671797006575,,
16,1,sO2,NIRS rScO2,72.199557045687,74.27934220631698,,
16,1,sO2,PA linear unmixing,72.199557045687,71.50159600795276,,
16,1,sO2,PA fluence-compensated,72.199557045687,70.26407790351854,,
16,1,sO2,Proposed EKF,72.199557045687,71.02176317513619,,
16,1,sO2,EKF -echo,72.199557045687,,,
16,1,sO2,EKF -reference,72.199557045687,,,
16,1,sO2,EKF -fluence corr.,72.199557045687,,,
16,1,sO2,EKF -depth gating,72.199557045687,,,
16,1,T,Rectal proxy,38.16731975150006,37.685230442111276,0.07794257008207095,-0.40414673930671086
16,1,T,Scalp thermistor,38.16731975150006,36.245535217636046,0.07794257008207095,-1.8438419637819408
16,1,T,PA amplitude (800 nm),38.16731975150006,38.1910800164072,0.07794257008207095,0.10170283498921151
16,1,T,Echo shift only,38.16731975150006,38.119401768444085,0.07794257008207095,0.030024587026098004
16,1,T,Proposed EKF,38.16731975150006,38.12007479550997,0.07794257008207095,0.03069761409198435
16,1,T,EKF -echo,38.16731975150006,,0.07794257008207095,
16,1,T,EKF -reference,38.16731975150006,,0.07794257008207095,
16,1,T,EKF -fluence corr.,38.16731975150006,,0.07794257008207095,
16,1,T,EKF -depth gating,38.16731975150006,,0.07794257008207095,
16,1,Tgrad,Proposed EKF,2.1022436669728677,2.3141252440756706,,
16,2,sO2,NIRS rScO2,81.16267459206094,86.98357561665648,,
16,2,sO2,PA linear unmixing,81.16267459206094,79.77631726514483,,
16,2,sO2,PA fluence-compensated,81.16267459206094,80.5344559125437,,
16,2,sO2,Proposed EKF,81.16267459206094,81.43375359026506,,
16,2,sO2,EKF -echo,81.16267459206094,,,
16,2,sO2,EKF -reference,81.16267459206094,,,
16,2,sO2,EKF -fluence corr.,81.16267459206094,,,
16,2,sO2,EKF -depth gating,81.16267459206094,,,
16,2,T,Rectal proxy,37.43775924032853,37.04639723269075,0.01989558099155031,-0.3714664266462293
16,2,T,Scalp thermistor,37.43775924032853,34.878554361963566,0.01989558099155031,-2.539309297373414
16,2,T,PA amplitude (800 nm),37.43775924032853,36.87813764017766,0.01989558099155031,-0.5397260191593176
16,2,T,Echo shift only,37.43775924032853,37.38724067610552,0.01989558099155031,-0.030622983231459955
16,2,T,Proposed EKF,37.43775924032853,37.39308841112472,0.01989558099155031,-0.02477524821225785
16,2,T,EKF -echo,37.43775924032853,,0.01989558099155031,
16,2,T,EKF -reference,37.43775924032853,,0.01989558099155031,
16,2,T,EKF -fluence corr.,37.43775924032853,,0.01989558099155031,
16,2,T,EKF -depth gating,37.43775924032853,,0.01989558099155031,
16,2,Tgrad,Proposed EKF,2.881132372032134,2.8856743550232737,,
16,3,sO2,NIRS rScO2,59.052877534630376,73.49606650406119,,
16,3,sO2,PA linear unmixing,59.052877534630376,60.78989381344718,,
16,3,sO2,PA fluence-compensated,59.052877534630376,58.24566922743346,,
16,3,sO2,Proposed EKF,59.052877534630376,59.041075479382556,,
16,3,sO2,EKF -echo,59.052877534630376,,,
16,3,sO2,EKF -reference,59.052877534630376,,,
16,3,sO2,EKF -fluence corr.,59.052877534630376,,,
16,3,sO2,EKF -depth gating,59.052877534630376,,,
16,3,T,Rectal proxy,38.070397729573266,37.657227381656575,0.007574236831045744,-0.405596111085643
16,3,T,Scalp thermistor,38.070397729573266,37.174279169856696,0.007574236831045744,-0.8885443228855223
16,3,T,PA amplitude (800 nm),38.070397729573266,37.76967657873883,0.007574236831045744,-0.2931469140033869
16,3,T,Echo shift only,38.070397729573266,38.032682961741294,0.007574236831045744,-0.030140531000924398
16,3,T,Proposed EKF,38.070397729573266,38.03330491511051,0.007574236831045744,-0.02951857763170551
16,3,T,EKF -echo,38.070397729573266,,0.007574236831045744,
16,3,T,EKF -reference,38.070397729573266,,0.007574236831045744,
16,3,T,EKF -fluence corr.,38.070397729573266,,0.007574236831045744,
16,3,T,EKF -depth gating,38.070397729573266,,0.007574236831045744,
16,3,Tgrad,Proposed EKF,1.2910498287724437,1.3165364794809626,,
17,0,sO2,NIRS rScO2,68.37699065742223,72.38776591150679,,
17,0,sO2,PA linear unmixing,68.37699065742223,68.18986537208711,,
17,0,sO2,PA fluence-compensated,68.37699065742223,66.82593730992082,,
17,0,sO2,Proposed EKF,68.37699065742223,67.85440701492027,,
17,0,sO2,EKF -echo,68.37699065742223,,,
17,0,sO2,EKF -reference,68.37699065742223,,,
17,0,sO2,EKF -fluence corr.,68.37699065742223,,,
17,0,sO2,EKF -depth gating,68.37699065742223,,,
17,0,T,Rectal proxy,36.15604082227062,35.97246198799267,-0.19584405229143587,-0.3794228865693796
17,0,T,Scalp thermistor,36.15604082227062,34.78269928858325,-0.19584405229143587,-1.5691855859788006
17,0,T,PA amplitude (800 nm),36.15604082227062,35.57469914927326,-0.19584405229143587,-0.7771857252887955
17,0,T,Echo shift only,36.15604082227062,36.29563811212707,-0.19584405229143587,-0.056246762434980724
17,0,T,Proposed EKF,36.15604082227062,36.30379825297088,-0.19584405229143587,-0.048086621591174605
17,0,T,EKF -echo,36.15604082227062,,-0.19584405229143587,
17,0,T,EKF -reference,36.15604082227062,,-0.19584405229143587,
17,0,T,EKF -fluence corr.,36.15604082227062,,-0.19584405229143587,
17,0,T,EKF -depth gating,36.15604082227062,,-0.19584405229143587,
17,0,Tgrad,Proposed EKF,1.0693818957179602,1.5078622249635756,,
17,1,sO2,NIRS rScO2,68.12755077013617,78.86658624914972,,
17,1,sO2,PA linear unmixing,68.12755077013617,67.89639712191092,,
17,1,sO2,PA fluence-compensated,68.12755077013617,66.46092766501987,,
17,1,sO2,Proposed EKF,68.12755077013617,67.54516872815023,,
17,1,sO2,EKF -echo,68.12755077013617,,,
17,1,sO2,EKF -reference,68.12755077013617,,,
17,1,sO2,EKF -fluence corr.,68.12755077013617,,,
17,1,sO2,EKF -depth gating,68.12755077013617,,,
17,1,T,Rectal proxy,32.71233960619066,31.938940744336442,0.3775639442123001,-0.39583491764192047
17,1,T,Scalp thermistor,32.71233960619066,29.67465875359967,0.3775639442123001,-2.6601169083786935
17,1,T,PA amplitude (800 nm),32.71233960619066,32.16349170989272,0.3775639442123001,-0.17128395208564484
17,1,T,Echo shift only,32.71233960619066,32.36750281664089,0.3775639442123001,0.03272715466252407
17,1,T,Proposed EKF,32.71233960619066,32.35679502720684,0.3775639442123001,0.02201936522848058
17,1,T,EKF -echo,32.71233960619066,,0.3775639442123001,
17,1,T,EKF -reference,32.71233960619066,,0.3775639442123001,
17,1,T,EKF -fluence corr.,32.71233960619066,,0.3775639442123001,
17,1,T,EKF -depth gating,32.71233960619066,,0.3775639442123001,
17,1,Tgrad,Proposed EKF,2.9140828394623384,2.7337691877690005,,
17,2,sO2,NIRS rScO2,44.969262321428616,51.92262678439528,,
17,2,sO2,PA linear unmixing,44.969262321428616,48.189020977809065,,
17,2,sO2,PA fluence-compensated,44.969262321428616,42.19139006079837,,
17,2,sO2,Proposed EKF,44.969262321428616,43.070459693129706,,
17,2,sO2,EKF -echo,44.969262321428616,,,
17,2,sO2,EKF -reference,44.969262321428616,,,
17,2,sO2,EKF -fluence corr.,44.969262321428616,,,
17,2,sO2,EKF -depth gating,44.969262321428616,,,
17,2,T,Rectal proxy,34.05931770807514,33.313930817492825,0.3797139645096038,-0.36567292607271185
17,2,T,Scalp thermistor,34.05931770807514,31.3469808909909,0.3797139645096038,-2.3326228525746373
17,2,T,PA amplitude (800 nm),34.05931770807514,33.16490944483835,0.3797139645096038,-0.5146942987271856
17,2,T,Echo shift only,34.05931770807514,33.681551677399135,0.3797139645096038,0.0019479338335983698
17,2,T,Proposed EKF,34.05931770807514,33.68280943285867,0.3797139645096038,0.0032056892931322523
17,2,T,EKF -echo,34.05931770807514,,0.3797139645096038,
17,2,T,EKF -reference,34.05931770807514,,0.3797139645096038,
17,2,T,EKF -fluence corr.,34.05931770807514,,0.3797139645096038,
17,2,T,EKF -depth gating,34.05931770807514,,0.3797139645096038,
17,2,Tgrad,Proposed EKF,3.022580194019021,2.356702796864563,,
17,3,sO2,NIRS rScO2,61.1683810135599,69.39039627154126,,
17,3,sO2,PA linear unmixing,61.1683810135599,61.9763640000299,,
17,3,sO2,PA fluence-compensated,61.1683810135599,59.265156820196786,,
17,3,sO2,Proposed EKF,61.1683810135599,60.37864967073408,,
17,3,sO2,EKF -echo,61.1683810135599,,,
17,3,sO2,EKF -reference,61.1683810135599,,,
17,3,sO2,EKF -fluence corr.,61.1683810135599,,,
17,3,sO2,EKF -depth gating,61.1683810135599,,,
17,3,T,Rectal proxy,33.06039118498904,32.67341469630818,-0.0212614578809337,-0.40823794656179047
17,3,T,Scalp thermistor,33.06039118498904,31.477881900614562,-0.0212614578809337,-1.6037707422554064
17,3,T,PA amplitude (800 nm),33.06039118498904,32.801604420693174,-0.0212614578809337,-0.28004822217679504
17,3,T,Echo shift only,33.06039118498904,33.084535185662936,-0.0212614578809337,0.002882542792967513
17,3,T,Proposed EKF,33.06039118498904,33.08733306395702,-0.0212614578809337,0.005680421087049581
17,3,T,EKF -echo,33.06039118498904,,-0.0212614578809337,
17,3,T,EKF -reference,33.06039118498904,,-0.0212614578809337,
17,3,T,EKF -fluence corr.,33.06039118498904,,-0.0212614578809337,
17,3,T,EKF -depth gating,33.06039118498904,,-0.0212614578809337,
17,3,Tgrad,Proposed EKF,1.4006849190899828,1.6376311417917804,,
18,0,sO2,NIRS rScO2,76.90192925995605,73.8938810071952,,
18,0,sO2,PA linear unmixing,76.90192925995605,75.11682064601588,,
18,0,sO2,PA fluence-compensated,76.90192925995605,75.09015220596164,,
18,0,sO2,Proposed EKF,76.90192925995605,76.00785042766087,,
18,0,sO2,EKF -echo,76.90192925995605,,,
18,0,sO2,EKF -reference,76.90192925995605,,,
18,0,sO2,EKF -fluence corr.,76.90192925995605,,,
18,0,sO2,EKF -depth gating,76.90192925995605,,,
18,0,T,Rectal proxy,36.53560045941093,35.97022277566971,0.17511258429341436,-0.3902650994478023
18,0,T,Scalp thermistor,36.53560045941093,33.91374223527307,0.17511258429341436,-2.446745639844444
18,0,T,PA amplitude (800 nm),36.53560045941093,36.25620997813265,0.17511258429341436,-0.10427789698486123
18,0,T,Echo shift only,36.53560045941093,36.37221689298808,0.17511258429341436,0.011729017870564462
18,0,T,Proposed EKF,36.53560045941093,36.37844326088802,0.17511258429341436,0.017955385770505927
18,0,T,EKF -echo,36.53560045941093,,0.17511258429341436,
18,0,T,EKF -reference,36.53560045941093,,0.17511258429341436,
18,0,T,EKF -fluence corr.,36.53560045941093,,0.17511258429341436,
18,0,T,EKF -depth gating,36.53560045941093,,0.17511258429341436,
18,0,Tgrad,Proposed EKF,2.4038431482347775,2.511385403312869,,
18,1,sO2,NIRS rScO2,45.5420165880079,52.599878978920515,,
18,1,sO2,PA linear unmixing,45.5420165880079,50.12312758756402,,
18,1,sO2,PA fluence-compensated,45.5420165880079,46.04205824198488,,
18,1,sO2,Proposed EKF,45.5420165880079,46.494548180429014,,
18,1,sO2,EKF -echo,45.5420165880079,,,
18,1,sO2,EKF -reference,45.5420165880079,,,
18,1,sO2,EKF -fluence corr.,45.5420165880079,,,
18,1,sO2,EKF -depth gating,45.5420165880079,,,
18,1,T,Rectal proxy,32.83580302778525,32.1784096067463,0.2518351987939681,-0.4055582222449843
18,1,T,Scalp thermistor,32.83580302778525,29.899258076424797,0.2518351987939681,-2.684709752566487
18,1,T,PA amplitude (800 nm),32.83580302778525,32.45150144771261,0.2518351987939681,-0.13246638127867527
18,1,T,Echo shift only,32.83580302778525,32.597831426920024,0.2518351987939681,0.013863597928740035
18,1,T,Proposed EKF,32.83580302778525,32.601387871412925,0.2518351987939681,0.017420042421640858
18,1,T,EKF -echo,32.83580302778525,,0.2518351987939681,
18,1,T,EKF -reference,32.83580302778525,,0.2518351987939681,
18,1,T,EKF -fluence corr.,32.83580302778525,,0.2518351987939681,
18,1,T,EKF -depth gating,32.83580302778525,,0.2518351987939681,
18,1,Tgrad,Proposed EKF,2.839323408821148,2.755170090858348,,
18,2,sO2,NIRS rScO2,78.76823719600155,83.01623655136608,,
18,2,sO2,PA linear unmixing,78.76823719600155,77.45842776699786,,
18,2,sO2,PA fluence-compensated,78.76823719600155,78.76852470391142,,
18,2,sO2,Proposed EKF,78.76823719600155,79.3403161512803,,
18,2,sO2,EKF -echo,78.76823719600155,,,
18,2,sO2,EKF -reference,78.76823719600155,,,
18,2,sO2,EKF -fluence corr.,78.76823719600155,,,
18,2,sO2,EKF -depth gating,78.76823719600155,,,
18,2,T,Rectal proxy,38.04864460784208,37.741978679894466,-0.09581770227710396,-0.4024836302247152
18,2,T,Scalp thermistor,38.04864460784208,35.58688224844762,-0.09581770227710396,-2.5575800616715583
18,2,T,PA amplitude (800 nm),38.04864460784208,38.77013538642143,-0.09581770227710396,0.6256730763022489
18,2,T,Echo shift only,38.04864460784208,38.139806314948835,-0.09581770227710396,-0.004655995170345761
18,2,T,Proposed EKF,38.04864460784208,38.14467232716236,-0.09581770227710396,0.00021001704318024395
18,2,T,EKF -echo,38.04864460784208,,-0.09581770227710396,
18,2,T,EKF -reference,38.04864460784208,,-0.09581770227710396,
18,2,T,EKF -fluence corr.,38.04864460784208,,-0.09581770227710396,
18,2,T,EKF -depth gating,38.04864460784208,,-0.09581770227710396,
18,2,Tgrad,Proposed EKF,2.2519670357729424,2.533569280498494,,
18,3,sO2,NIRS rScO2,86.76047406181145,87.08253164073825,,
18,3,sO2,PA linear unmixing,86.76047406181145,83.67265306434199,,
18,3,sO2,PA fluence-compensated,86.76047406181145,84.93690329828718,,
18,3,sO2,Proposed EKF,86.76047406181145,85.64425435387209,,
18,3,sO2,EKF -echo,86.76047406181145,,,
18,3,sO2,EKF -reference,86.76047406181145,,,
18,3,sO2,EKF -fluence corr.,86.76047406181145,,,
18,3,sO2,EKF -depth gating,86.76047406181145,,,
18,3,T,Rectal proxy,38.493154855470834,38.20559418242881,-0.0739014102947465,-0.3614620833367681
18,3,T,Scalp thermistor,38.493154855470834,36.31415119610533,-0.0739014102947465,-2.252905069660251
18,3,T,PA amplitude (800 nm),38.493154855470834,39.460738675568194,-0.0739014102947465,0.893682409802615
18,3,T,Echo shift only,38.493154855470834,38.57567729308255,-0.0739014102947465,0.008621027316969787
18,3,T,Proposed EKF,38.493154855470834,38.57414502496734,-0.0739014102947465,0.0070887592017641055
18,3,T,EKF -echo,38.493154855470834,,-0.0739014102947465,
18,3,T,EKF -reference,38.493154855470834,,-0.0739014102947465,
18,3,T,EKF -fluence corr.,38.493154855470834,,-0.0739014102947465,
18,3,T,EKF -depth gating,38.493154855470834,,-0.0739014102947465,
18,3,Tgrad,Proposed EKF,2.160435488169888,2.3003023758591707,,
19,0,sO2,NIRS rScO2,61.648103485806814,65.40034261411691,,
19,0,sO2,PA linear unmixing,61.648103485806814,63.624212386397474,,
19,0,sO2,PA fluence-compensated,61.648103485806814,61.44503429913346,,
19,0,sO2,Proposed EKF,61.648103485806814,61.412273345848945,,
19,0,sO2,EKF -echo,61.648103485806814,,,
19,0,sO2,EKF -reference,61.648103485806814,,,
19,0,sO2,EKF -fluence corr.,61.648103485806814,,,
19,0,sO2,EKF -depth gating,61.648103485806814,,,
19,0,T,Rectal proxy,35.151388524671304,34.569448904080886,0.18759706806452525,-0.3943425525258917
19,0,T,Scalp thermistor,35.151388524671304,32.15430835069658,0.18759706806452525,-2.8094831059101963
19,0,T,PA amplitude (800 nm),35.151388524671304,35.0328576266218,0.18759706806452525,0.06906617001502013
19,0,T,Echo shift only,35.151388524671304,34.9307098558637,0.18759706806452525,-0.033081600743081196
19,0,T,Proposed EKF,35.151388524671304,34.92941979095908,0.18759706806452525,-0.034371665647697114
19,0,T,EKF -echo,35.151388524671304,,0.18759706806452525,
19,0,T,EKF -reference,35.151388524671304,,0.18759706806452525,
19,0,T,EKF -fluence corr.,35.151388524671304,,0.18759706806452525,
19,0,T,EKF -depth gating,35.151388524671304,,0.18759706806452525,
19,0,Tgrad,Proposed EKF,2.8669404005201073,2.83790327050973,,
19,1,sO2,NIRS rScO2,62.56357642212775,74.08093054034042,,
19,1,sO2,PA linear unmixing,62.56357642212775,65.06866012449491,,
19,1,sO2,PA fluence-compensated,62.56357642212775,62.18137983038397,,
19,1,sO2,Proposed EKF,62.56357642212775,62.18366056062907,,
19,1,sO2,EKF -echo,62.56357642212775,,,
19,1,sO2,EKF -reference,62.56357642212775,,,
19,1,sO2,EKF -fluence corr.,62.56357642212775,,,
19,1,sO2,EKF -depth gating,62.56357642212775,,,
19,1,T,Rectal proxy,34.8504396007009,34.57748808406813,-0.10447561195641841,-0.3774271285891899
19,1,T,Scalp thermistor,34.8504396007009,32.35848539122257,-0.10447561195641841,-2.5964298214347465
19,1,T,PA amplitude (800 nm),34.8504396007009,34.51224616628012,-0.10447561195641841,-0.4426690463771976
19,1,T,Echo shift only,34.8504396007009,34.95224013763155,-0.10447561195641841,-0.002675075025770468
19,1,T,Proposed EKF,34.8504396007009,34.953479961330764,-0.10447561195641841,-0.001435251326554976
19,1,T,EKF -echo,34.8504396007009,,-0.10447561195641841,
19,1,T,EKF -reference,34.8504396007009,,-0.10447561195641841,
19,1,T,EKF -fluence corr.,34.8504396007009,,-0.10447561195641841,
19,1,T,EKF -depth gating,34.8504396007009,,-0.10447561195641841,
19,1,Tgrad,Proposed EKF,2.7070475084689676,2.590202809527977,,
19,2,sO2,NIRS rScO2,54.66965738969019,64.48989548558025,,
19,2,sO2,PA linear unmixing,54.66965738969019,57.17095436726538,,
19,2,sO2,PA fluence-compensated,54.66965738969019,53.208858895880894,,
19,2,sO2,Proposed EKF,54.66965738969019,53.4340597141884,,
19,2,sO2,EKF -echo,54.66965738969019,,,
19,2,sO2,EKF -reference,54.66965738969019,,,
19,2,sO2,EKF -fluence corr.,54.66965738969019,,,
19,2,sO2,EKF -depth gating,54.66965738969019,,,
19,2,T,Rectal proxy,34.65875189070768,34.30818575274374,-0.013578167864474744,-0.36414430582841106
19,2,T,Scalp thermistor,34.65875189070768,32.76924483380399,-0.013578167864474744,-1.9030852247681622
19,2,T,PA amplitude (800 nm),34.65875189070768,34.721402457060265,-0.013578167864474744,0.04907239848811429
19,2,T,Echo shift only,34.65875189070768,34.658584274890714,-0.013578167864474744,-0.013745783681436308
19,2,T,Proposed EKF,34.65875189070768,34.654996629980886,-0.013578167864474744,-0.01733342859126452
19,2,T,EKF -echo,34.65875189070768,,-0.013578167864474744,
19,2,T,EKF -reference,34.65875189070768,,-0.013578167864474744,
19,2,T,EKF -fluence corr.,34.65875189070768,,-0.013578167864474744,
19,2,T,EKF -depth gating,34.65875189070768,,-0.013578167864474744,
19,2,Tgrad,Proposed EKF,2.0043743405983463,1.8537865880034328,,
19,3,sO2,NIRS rScO2,58.62281301502698,65.54843347203271,,
19,3,sO2,PA linear unmixing,58.62281301502698,61.23119724755567,,
19,3,sO2,PA fluence-compensated,58.62281301502698,58.774880223741775,,
19,3,sO2,Proposed EKF,58.62281301502698,58.709846709287696,,
19,3,sO2,EKF -echo,58.62281301502698,,,
19,3,sO2,EKF -reference,58.62281301502698,,,
19,3,sO2,EKF -fluence corr.,58.62281301502698,,,
19,3,sO2,EKF -depth gating,58.62281301502698,,,
19,3,T,Rectal proxy,34.02509317686882,33.582819838915135,0.0470985267523133,-0.39517481120137177
19,3,T,Scalp thermistor,34.02509317686882,32.74845667136623,0.0470985267523133,-1.2295379787502796
19,3,T,PA amplitude (800 nm),34.02509317686882,34.77058860231755,0.0470985267523133,0.7925939522010452
19,3,T,Echo shift only,34.02509317686882,33.96881111785781,0.0470985267523133,-0.009183532258695948
19,3,T,Proposed EKF,34.02509317686882,33.972782351753054,0.0470985267523133,-0.005212298363453272
19,3,T,EKF -echo,34.02509317686882,,0.0470985267523133,
19,3,T,EKF -reference,34.02509317686882,,0.0470985267523133,
19,3,T,EKF -fluence corr.,34.02509317686882,,0.0470985267523133,
19,3,T,EKF -depth gating,34.02509317686882,,0.0470985267523133,
19,3,Tgrad,Proposed EKF,1.3106039868672354,1.2274951365260685,,
20,0,sO2,NIRS rScO2,80.66526678948415,86.45130920816534,,
20,0,sO2,PA linear unmixing,80.66526678948415,79.01588526023812,,
20,0,sO2,PA fluence-compensated,80.66526678948415,80.18281672935854,,
20,0,sO2,Proposed EKF,80.66526678948415,80.63275319805086,,
20,0,sO2,EKF -echo,80.66526678948415,,,
20,0,sO2,EKF -reference,80.66526678948415,,,
20,0,sO2,EKF -fluence corr.,80.66526678948415,,,
20,0,sO2,EKF -depth gating,80.66526678948415,,,
20,0,T,Rectal proxy,32.529829674756506,32.115349647102505,-0.0019667935415000892,-0.4164468211954997
20,0,T,Scalp thermistor,32.529829674756506,31.467999753968275,-0.0019667935415000892,-1.0637967143297296
20,0,T,PA amplitude (800 nm),32.529829674756506,31.925494937915243,-0.0019667935415000892,-0.6063015303827619
20,0,T,Echo shift only,32.529829674756506,32.476599523380166,-0.0019667935415000892,-0.055196944917838664
20,0,T,Proposed EKF,32.529829674756506,32.480421999178034,-0.0019667935415000892,-0.051374469119970456
20,0,T,EKF -echo,32.529829674756506,,-0.0019667935415000892,
20,0,T,EKF -reference,32.529829674756506,,-0.0019667935415000892,
20,0,T,EKF -fluence corr.,32.529829674756506,,-0.0019667935415000892,
20,0,T,EKF -depth gating,32.529829674756506,,-0.0019667935415000892,
20,0,Tgrad,Proposed EKF,1.1823655764200147,1.0071080550775218,,
20,1,sO2,NIRS rScO2,42.46678828170042,63.410054790129045,,
20,1,sO2,PA linear unmixing,42.46678828170042,45.76731202522678,,
20,1,sO2,PA fluence-compensated,42.46678828170042,41.31127744887812,,
20,1,sO2,Proposed EKF,42.46678828170042,42.33044774760176,,
20,1,sO2,EKF -echo,42.46678828170042,,,
20,1,sO2,EKF -reference,42.46678828170042,,,
20,1,sO2,EKF -fluence corr.,42.46678828170042,,,
20,1,sO2,EKF -depth gating,42.46678828170042,,,
20,1,T,Rectal proxy,35.55607886085384,34.90000482191898,0.2514088609365416,-0.4046651779983179
20,1,T,Scalp thermistor,35.55607886085384,34.259446827464686,0.2514088609365416,-1.0452231724526087
20,1,T,PA amplitude (800 nm),35.55607886085384,34.92652494511898,0.2514088609365416,-0.37814505479831695
20,1,T,Echo shift only,35.55607886085384,35.3125850852082,0.2514088609365416,0.00791508529090379
20,1,T,Proposed EKF,35.55607886085384,35.31575179575082,0.2514088609365416,0.011081795833526087
20,1,T,EKF -echo,35.55607886085384,,0.2514088609365416,
20,1,T,EKF -reference,35.55607886085384,,0.2514088609365416,
20,1,T,EKF -fluence corr.,35.55607886085384,,0.2514088609365416,
20,1,T,EKF -depth gating,35.55607886085384,,0.2514088609365416,
20,1,Tgrad,Proposed EKF,1.4864090272604074,1.0930062236651235,,
20,2,sO2,NIRS rScO2,64.20542591576057,72.45001932489966,,
20,2,sO2,PA linear unmixing,64.20542591576057,64.96860186505315,,
20,2,sO2,PA fluence-compensated,64.20542591576057,62.962932833991594,,
20,2,sO2,Proposed EKF,64.20542591576057,63.12758834640657,,
20,2,sO2,EKF -echo,64.20542591576057,,,
20,2,sO2,EKF -reference,64.20542591576057,,,
20,2,sO2,EKF -fluence corr.,64.20542591576057,,,
20,2,sO2,EKF -depth gating,64.20542591576057,,,
20,2,T,Rectal proxy,37.83540438577455,37.566321229981,-0.1309808813772989,-0.40006403717084993
20,2,T,Scalp thermistor,37.83540438577455,35.245398388986786,-0.1309808813772989,-2.720986878165064
20,2,T,PA amplitude (800 nm),37.83540438577455,37.945901584915056,-0.1309808813772989,-0.020483682236793754
20,2,T,Echo shift only,37.83540438577455,37.94032872065671,-0.1309808813772989,-0.02605654649514122
20,2,T,Proposed EKF,37.83540438577455,37.93938366461275,-0.1309808813772989,-0.027001602539101555
20,2,T,EKF -echo,37.83540438577455,,-0.1309808813772989,
20,2,T,EKF -reference,37.83540438577455,,-0.1309808813772989,
20,2,T,EKF -fluence corr.,37.83540438577455,,-0.1309808813772989,
20,2,T,EKF -depth gating,37.83540438577455,,-0.1309808813772989,
20,2,Tgrad,Proposed EKF,2.5830880600997546,2.7229803439197657,,
20,3,sO2,NIRS rScO2,60.6461422400411,66.80864732779914,,
20,3,sO2,PA linear unmixing,60.6461422400411,62.15898338422551,,
20,3,sO2,PA fluence-compensated,60.6461422400411,58.89045423624126,,
20,3,sO2,Proposed EKF,60.6461422400411,59.482394865330555,,
20,3,sO2,EKF -echo,60.6461422400411,,,
20,3,sO2,EKF -reference,60.6461422400411,,,
20,3,sO2,EKF -fluence corr.,60.6461422400411,,,
20,3,sO2,EKF -depth gating,60.6461422400411,,,
20,3,T,Rectal proxy,34.8538625520244,34.0489708202173,0.3965722521446565,-0.4083194796624454
20,3,T,Scalp thermistor,34.8538625520244,31.676949759379568,0.3965722521446565,-2.780340540500177
20,3,T,PA amplitude (800 nm),34.8538625520244,34.03835375713581,0.3965722521446565,-0.41893654274393555
20,3,T,Echo shift only,34.8538625520244,34.41537783605934,0.3965722521446565,-0.04191246382040248
20,3,T,Proposed EKF,34.8538625520244,34.416043539178155,0.3965722521446565,-0.041246760701589835
20,3,T,EKF -echo,34.8538625520244,,0.3965722521446565,
20,3,T,EKF -reference,34.8538625520244,,0.3965722521446565,
20,3,T,EKF -fluence corr.,34.8538625520244,,0.3965722521446565,
20,3,T,EKF -depth gating,34.8538625520244,,0.3965722521446565,
20,3,Tgrad,Proposed EKF,2.9489206910109047,2.7709246933767573,,
21,0,sO2,NIRS rScO2,51.08375137883926,56.63127042686822,,
21,0,sO2,PA linear unmixing,51.08375137883926,53.555208629032215,,
21,0,sO2,PA fluence-compensated,51.08375137883926,49.033640370355144,,
21,0,sO2,Proposed EKF,51.08375137883926,48.81407756281085,,
21,0,sO2,EKF -echo,51.08375137883926,,,
21,0,sO2,EKF -reference,51.08375137883926,,,
21,0,sO2,EKF -fluence corr.,51.08375137883926,,,
21,0,sO2,EKF -depth gating,51.08375137883926,,,
21,0,T,Rectal proxy,33.60863039353157,32.818116669898494,0.3724942193083066,-0.41801950432476787
21,0,T,Scalp thermistor,33.60863039353157,31.867100040524797,0.3724942193083066,-1.369036133698465
21,0,T,PA amplitude (800 nm),33.60863039353157,32.29891421810751,0.3724942193083066,-0.9372219561157493
21,0,T,Echo shift only,33.60863039353157,33.236393791359134,0.3724942193083066,0.00025761713587257873
21,0,T,Proposed EKF,33.60863039353157,33.237269533516745,0.3724942193083066,0.0011333592934832382
21,0,T,EKF -echo,33.60863039353157,,0.3724942193083066,
21,0,T,EKF -reference,33.60863039353157,,0.3724942193083066,
21,0,T,EKF -fluence corr.,33.60863039353157,,0.3724942193083066,
21,0,T,EKF -depth gating,33.60863039353157,,0.3724942193083066,
21,0,Tgrad,Proposed EKF,1.9391471171673906,1.3801155293783838,,
21,1,sO2,NIRS rScO2,51.63647469858124,53.39238852476787,,
21,1,sO2,PA linear unmixing,51.63647469858124,54.237507511212655,,
21,1,sO2,PA fluence-compensated,51.63647469858124,50.94127640118368,,
21,1,sO2,Proposed EKF,51.63647469858124,51.167348784035816,,
21,1,sO2,EKF -echo,51.63647469858124,,,
21,1,sO2,EKF -reference,51.63647469858124,,,
21,1,sO2,EKF -fluence corr.,51.63647469858124,,,
21,1,sO2,EKF -depth gating,51.63647469858124,,,
21,1,T,Rectal proxy,34.49026826433543,34.018906993875234,0.09279834879384052,-0.37856292166635086
21,1,T,Scalp thermistor,34.49026826433543,32.37056604670657,0.09279834879384052,-2.0269038688350136
21,1,T,PA amplitude (800 nm),34.49026826433543,34.0903935411378,0.09279834879384052,-0.30707637440378477
21,1,T,Echo shift only,34.49026826433543,34.42060222447451,0.09279834879384052,0.023132308932922285
21,1,T,Proposed EKF,34.49026826433543,34.423345559830956,0.09279834879384052,0.02587564428937128
21,1,T,EKF -echo,34.49026826433543,,0.09279834879384052,
21,1,T,EKF -reference,34.49026826433543,,0.09279834879384052,
21,1,T,EKF -fluence corr.,34.49026826433543,,0.09279834879384052,
21,1,T,EKF -depth gating,34.49026826433543,,0.09279834879384052,
21,1,Tgrad,Proposed EKF,2.3860025435760193,2.1318377092299112,,
21,2,sO2,NIRS rScO2,74.08611939623786,80.37708814997389,,
21,2,sO2,PA linear unmixing,74.08611939623786,75.30258804600112,,
21,2,sO2,PA fluence-compensated,74.08611939623786,75.31273375226442,,
21,2,sO2,Proposed EKF,74.08611939623786,75.42805164082614,,
21,2,sO2,EKF -echo,74.08611939623786,,,
21,2,sO2,EKF -reference,74.08611939623786,,,
21,2,sO2,EKF -fluence corr.,74.08611939623786,,,
21,2,sO2,EKF -depth gating,74.08611939623786,,,
21,2,T,Rectal proxy,38.24882227991298,37.67576314447828,0.17632708690337606,-0.3967320485313195
21,2,T,Scalp thermistor,38.24882227991298,35.56682680489232,0.17632708690337606,-2.5056683881172788
21,2,T,PA amplitude (800 nm),38.24882227991298,38.03562520401653,0.17632708690337606,-0.03686998899306815
21,2,T,Echo shift only,38.24882227991298,38.05909281007191,0.17632708690337606,-0.01340238293769147
21,2,T,Proposed EKF,38.24882227991298,38.0615745355101,0.17632708690337606,-0.010920657499504216
21,2,T,EKF -echo,38.24882227991298,,0.17632708690337606,
21,2,T,EKF -reference,38.24882227991298,,0.17632708690337606,
21,2,T,EKF -fluence corr.,38.24882227991298,,0.17632708690337606,
21,2,T,EKF -depth gating,38.24882227991298,,0.17632708690337606,
21,2,Tgrad,Proposed EKF,2.8343982199265483,2.562802310039454,,
21,3,sO2,NIRS rScO2,74.91771359560654,77.6510940187998,,
21,3,sO2,PA linear unmixing,74.91771359560654,76.08270773493466,,
21,3,sO2,PA fluence-compensated,74.91771359560654,76.23588259171406,,
21,3,sO2,Proposed EKF,74.91771359560654,76.34621468737349,,
21,3,sO2,EKF -echo,74.91771359560654,,,
21,3,sO2,EKF -reference,74.91771359560654,,,
21,3,sO2,EKF -fluence corr.,74.91771359560654,,,
21,3,sO2,EKF -depth gating,74.91771359560654,,,
21,3,T,Rectal proxy,38.02869316688336,37.5172136052479,0.07417487629997621,-0.4373046853354765
21,3,T,Scalp thermistor,38.02869316688336,35.11529370082267,0.07417487629997621,-2.839224589760711
21,3,T,PA amplitude (800 nm),38.02869316688336,38.35733866645359,0.07417487629997621,0.40282037587021335
21,3,T,Echo shift only,38.02869316688336,37.99001408143327,0.07417487629997621,0.03549579084989318
21,3,T,Proposed EKF,38.02869316688336,37.99142642844216,0.07417487629997621,0.036908137858780776
21,3,T,EKF -echo,38.02869316688336,,0.07417487629997621,
21,3,T,EKF -reference,38.02869316688336,,0.07417487629997621,
21,3,T,EKF -fluence corr.,38.02869316688336,,0.07417487629997621,
21,3,T,EKF -depth gating,38.02869316688336,,0.07417487629997621,
21,3,Tgrad,Proposed EKF,2.5996766115460943,2.9240854966597998,,
22,0,sO2,NIRS rScO2,61.04494448697997,69.309584374289,,
22,0,sO2,PA linear unmixing,61.04494448697997,62.764235067766016,,
22,0,sO2,PA fluence-compensated,61.04494448697997,60.47747820586904,,
22,0,sO2,Proposed EKF,61.04494448697997,61.319547880677035,,
22,0,sO2,EKF -echo,61.04494448697997,,,
22,0,sO2,EKF -reference,61.04494448697997,,,
22,0,sO2,EKF -fluence corr.,61.04494448697997,,,
22,0,sO2,EKF -depth gating,61.04494448697997,,,
22,0,T,Rectal proxy,33.119098651186654,32.702964668848196,0.021442371130133586,-0.39469161120832297
22,0,T,Scalp thermistor,33.119098651186654,30.447855585698363,0.021442371130133586,-2.649800694358156
22,0,T,PA amplitude (800 nm),33.119098651186654,32.766771604025934,0.021442371130133586,-0.33088467603058547
22,0,T,Echo shift only,33.119098651186654,33.099507639796165,0.021442371130133586,0.001851359739646341
22,0,T,Proposed EKF,33.119098651186654,33.10635736284741,0.021442371130133586,0.008701082790892656
22,0,T,EKF -echo,33.119098651186654,,0.021442371130133586,
22,0,T,EKF -reference,33.119098651186654,,0.021442371130133586,
22,0,T,EKF -fluence corr.,33.119098651186654,,0.021442371130133586,
22,0,T,EKF -depth gating,33.119098651186654,,0.021442371130133586,
22,0,Tgrad,Proposed EKF,2.7312419911372636,2.685552249591214,,
22,1,sO2,NIRS rScO2,55.45417084270121,69.14384182029409,,
22,1,sO2,PA linear unmixing,55.45417084270121,57.78761511069133,,
22,1,sO2,PA fluence-compensated,55.45417084270121,54.83104076017613,,
22,1,sO2,Proposed EKF,55.45417084270121,55.63056367797506,,
22,1,sO2,EKF -echo,55.45417084270121,,,
22,1,sO2,EKF -reference,55.45417084270121,,,
22,1,sO2,EKF -fluence corr.,55.45417084270121,,,
22,1,sO2,EKF -depth gating,55.45417084270121,,,
22,1,T,Rectal proxy,34.78364371715293,34.38910099011336,-0.03475662000284674,-0.42929934704240935
22,1,T,Scalp thermistor,34.78364371715293,32.62780702644483,-0.03475662000284674,-2.1905933107109448
22,1,T,PA amplitude (800 nm),34.78364371715293,34.494919574487675,-0.03475662000284674,-0.32348076266809755
22,1,T,Echo shift only,34.78364371715293,34.841059948177566,-0.03475662000284674,0.022659611021794035
22,1,T,Proposed EKF,34.78364371715293,34.842743369296564,-0.03475662000284674,0.024343032140791365
22,1,T,EKF -echo,34.78364371715293,,-0.03475662000284674,
22,1,T,EKF -reference,34.78364371715293,,-0.03475662000284674,
22,1,T,EKF -fluence corr.,34.78364371715293,,-0.03475662000284674,
22,1,T,EKF -depth gating,34.78364371715293,,-0.03475662000284674,
22,1,Tgrad,Proposed EKF,1.815171648971372,2.178161783719405,,
22,2,sO2,NIRS rScO2,89.78146962773931,84.02759086412681,,
22,2,sO2,PA linear unmixing,89.78146962773931,85.85129000460879,,
22,2,sO2,PA fluence-compensated,89.78146962773931,87.34311799525777,,
22,2,sO2,Proposed EKF,89.78146962773931,88.00305122637528,,
22,2,sO2,EKF -echo,89.78146962773931,,,
22,2,sO2,EKF -reference,89.78146962773931,,,
22,2,sO2,EKF -fluence corr.,89.78146962773931,,,
22,2,sO2,EKF -depth gating,89.78146962773931,,,
22,2,T,Rectal proxy,33.326435298867935,32.569260907736194,0.3428098518362205,-0.4143645392955193
22,2,T,Scalp thermistor,33.326435298867935,32.00423589054663,0.3428098518362205,-0.9793895564850814
22,2,T,PA amplitude (800 nm),33.326435298867935,32.71816546451176,0.3428098518362205,-0.26545998251994973
22,2,T,Echo shift only,33.326435298867935,32.98051662664492,0.3428098518362205,-0.003108820386792388
22,2,T,Proposed EKF,33.326435298867935,32.98086134134964,0.3428098518362205,-0.002764105682075524
22,2,T,EKF -echo,33.326435298867935,,0.3428098518362205,
22,2,T,EKF -reference,33.326435298867935,,0.3428098518362205,
22,2,T,EKF -fluence corr.,33.326435298867935,,0.3428098518362205,
22,2,T,EKF -depth gating,33.326435298867935,,0.3428098518362205,
22,2,Tgrad,Proposed EKF,1.442000689633204,1.0442546238525336,,
22,3,sO2,NIRS rScO2,59.67102573757692,66.60089968407144,,
22,3,sO2,PA linear unmixing,59.67102573757692,61.29375111031974,,
22,3,sO2,PA fluence-compensated,59.67102573757692,58.43813673901005,,
22,3,sO2,Proposed EKF,59.67102573757692,60.37751860546325,,
22,3,sO2,EKF -echo,59.67102573757692,,,
22,3,sO2,EKF -reference,59.67102573757692,,,
22,3,sO2,EKF -fluence corr.,59.67102573757692,,,
22,3,sO2,EKF -depth gating,59.67102573757692,,,
22,3,T,Rectal proxy,34.82698095805918,34.223403236266776,0.15180762164633277,-0.4517701001460708
22,3,T,Scalp thermistor,34.82698095805918,33.12499928003095,0.15180762164633277,-1.5501740563818984
22,3,T,PA amplitude (800 nm),34.82698095805918,35.03592779603977,0.15180762164633277,0.360754459626925
22,3,T,Echo shift only,34.82698095805918,34.67900841986314,0.15180762164633277,0.0038350834502907105
22,3,T,Proposed EKF,34.82698095805918,34.67657131419142,0.15180762164633277,0.0013979777785735337
22,3,T,EKF -echo,34.82698095805918,,0.15180762164633277,
22,3,T,EKF -reference,34.82698095805918,,0.15180762164633277,
22,3,T,EKF -fluence corr.,34.82698095805918,,0.15180762164633277,
22,3,T,EKF -depth gating,34.82698095805918,,0.15180762164633277,
22,3,Tgrad,Proposed EKF,1.9870401270720848,1.5212789793788466,,
23,0,sO2,NIRS rScO2,67.01489096666839,75.42274581724865,,
23,0,sO2,PA linear unmixing,67.01489096666839,69.04367218365107,,
23,0,sO2,PA fluence-compensated,67.01489096666839,67.70863451494495,,
23,0,sO2,Proposed EKF,67.01489096666839,68.28119145160709,,
23,0,sO2,EKF -echo,67.01489096666839,,,
23,0,sO2,EKF -reference,67.01489096666839,,,
23,0,sO2,EKF -fluence corr.,67.01489096666839,,,
23,0,sO2,EKF -depth gating,67.01489096666839,,,
23,0,T,Rectal proxy,36.60153815243331,36.027120225172155,0.1748514263069353,-0.3995665009542151
23,0,T,Scalp thermistor,36.60153815243331,34.033205569668,0.1748514263069353,-2.393481156458371
23,0,T,PA amplitude (800 nm),36.60153815243331,36.16113898439371,0.1748514263069353,-0.2655477417326608
23,0,T,Echo shift only,36.60153815243331,36.42708288756112,0.1748514263069353,0.0003961614347502973
23,0,T,Proposed EKF,36.60153815243331,36.42685387487326,0.1748514263069353,0.0001671487468897226
23,0,T,EKF -echo,36.60153815243331,,0.1748514263069353,
23,0,T,EKF -reference,36.60153815243331,,0.1748514263069353,
23,0,T,EKF -fluence corr.,36.60153815243331,,0.1748514263069353,
23,0,T,EKF -depth gating,36.60153815243331,,0.1748514263069353,
23,0,Tgrad,Proposed EKF,2.602530278828368,2.41360132296597,,
23,1,sO2,NIRS rScO2,68.46590133901832,77.69990109675162,,
23,1,sO2,PA linear unmixing,68.46590133901832,70.32320329734368,,
23,1,sO2,PA fluence-compensated,68.46590133901832,68.86085349003832,,
23,1,sO2,Proposed EKF,68.46590133901832,69.07362139013358,,
23,1,sO2,EKF -echo,68.46590133901832,,,
23,1,sO2,EKF -reference,68.46590133901832,,,
23,1,sO2,EKF -fluence corr.,68.46590133901832,,,
23,1,sO2,EKF -depth gating,68.46590133901832,,,
23,1,T,Rectal proxy,37.10154358155888,36.35723855465857,0.33573191038880024,-0.40857311651150496
23,1,T,Scalp thermistor,37.10154358155888,35.08999593119414,0.33573191038880024,-1.6758157399759384
23,1,T,PA amplitude (800 nm),37.10154358155888,36.20545255143997,0.33573191038880024,-0.5603591197301085
23,1,T,Echo shift only,37.10154358155888,36.76295949904194,0.33573191038880024,-0.0028521721281364876
23,1,T,Proposed EKF,37.10154358155888,36.76360008649634,0.33573191038880024,-0.002211584673737832
23,1,T,EKF -echo,37.10154358155888,,0.33573191038880024,
23,1,T,EKF -reference,37.10154358155888,,0.33573191038880024,
23,1,T,EKF -fluence corr.,37.10154358155888,,0.33573191038880024,
23,1,T,EKF -depth gating,37.10154358155888,,0.33573191038880024,
23,1,Tgrad,Proposed EKF,2.188046446271109,1.71301171134912,,
23,2,sO2,NIRS rScO2,50.62073483811671,54.99735794064539,,
23,2,sO2,PA linear unmixing,50.62073483811671,54.61070845327829,,
23,2,sO2,PA fluence-compensated,50.62073483811671,51.197646584916946,,
23,2,sO2,Proposed EKF,50.62073483811671,51.24779021607454,,
23,2,sO2,EKF -echo,50.62073483811671,,,
23,2,sO2,EKF -reference,50.62073483811671,,,
23,2,sO2,EKF -fluence corr.,50.62073483811671,,,
23,2,sO2,EKF -depth gating,50.62073483811671,,,
23,2,T,Rectal proxy,37.209610284985715,36.65340404417185,0.156396040890192,-0.39981019992367095
23,2,T,Scalp thermistor,37.209610284985715,34.460101182572735,0.156396040890192,-2.5931130615227858
23,2,T,PA amplitude (800 nm),37.209610284985715,36.98494296962666,0.156396040890192,-0.06827127446886294
23,2,T,Echo shift only,37.209610284985715,37.06677653951544,0.156396040890192,0.013562295419916381
23,2,T,Proposed EKF,37.209610284985715,37.070813022153814,0.156396040890192,0.017598778058292908
23,2,T,EKF -echo,37.209610284985715,,0.156396040890192,
23,2,T,EKF -reference,37.209610284985715,,0.156396040890192,
23,2,T,EKF -fluence corr.,37.209610284985715,,0.156396040890192,
23,2,T,EKF -depth gating,37.209610284985715,,0.156396040890192,
23,2,Tgrad,Proposed EKF,3.0847374607133773,2.650548390225153,,
23,3,sO2,NIRS rScO2,63.24235934986115,74.55843891734698,,
23,3,sO2,PA linear unmixing,63.24235934986115,65.79179339056168,,
23,3,sO2,PA fluence-compensated,63.24235934986115,63.80855208076584,,
23,3,sO2,Proposed EKF,63.24235934986115,64.18670639783899,,
23,3,sO2,EKF -echo,63.24235934986115,,,
23,3,sO2,EKF -reference,63.24235934986115,,,
23,3,sO2,EKF -fluence corr.,63.24235934986115,,,
23,3,sO2,EKF -depth gating,63.24235934986115,,,
23,3,T,Rectal proxy,34.60147430036694,33.982332121238024,0.23627409094303997,-0.38286808818587303
23,3,T,Scalp thermistor,34.60147430036694,32.35488909206919,0.23627409094303997,-2.0103111173547035
23,3,T,PA amplitude (800 nm),34.60147430036694,35.133241150539355,0.23627409094303997,0.7680409411154585
23,3,T,Echo shift only,34.60147430036694,34.37337661858817,0.23627409094303997,0.008176409164271092
23,3,T,Proposed EKF,34.60147430036694,34.37319340786051,0.23627409094303997,0.0079931984366155
23,3,T,EKF -echo,34.60147430036694,,0.23627409094303997,
23,3,T,EKF -reference,34.60147430036694,,0.23627409094303997,
23,3,T,EKF -fluence corr.,34.60147430036694,,0.23627409094303997,
23,3,T,EKF -depth gating,34.60147430036694,,0.23627409094303997,
23,3,Tgrad,Proposed EKF,2.4189350942911574,2.066097994116691,,
24,0,sO2,NIRS rScO2,42.05631157984672,56.35445943775586,,
24,0,sO2,PA linear unmixing,42.05631157984672,46.937243978108555,,
24,0,sO2,PA fluence-compensated,42.05631157984672,42.6501005172145,,
24,0,sO2,Proposed EKF,42.05631157984672,43.184599216155874,,
24,0,sO2,EKF -echo,42.05631157984672,,,
24,0,sO2,EKF -reference,42.05631157984672,,,
24,0,sO2,EKF -fluence corr.,42.05631157984672,,,
24,0,sO2,EKF -depth gating,42.05631157984672,,,
24,0,T,Rectal proxy,34.49439647182779,34.041839638218406,0.02696358684334965,-0.4255932467660344
24,0,T,Scalp thermistor,34.49439647182779,32.80122006627474,0.02696358684334965,-1.6662128187097025
24,0,T,PA amplitude (800 nm),34.49439647182779,33.65878659538311,0.02696358684334965,-0.8086462896013273
24,0,T,Echo shift only,34.49439647182779,34.44674430529473,0.02696358684334965,-0.020688579689711162
24,0,T,Proposed EKF,34.49439647182779,34.43951502015091,0.02696358684334965,-0.0279178648335332
24,0,T,EKF -echo,34.49439647182779,,0.02696358684334965,
24,0,T,EKF -reference,34.49439647182779,,0.02696358684334965,
24,0,T,EKF -fluence corr.,34.49439647182779,,0.02696358684334965,
24,0,T,EKF -depth gating,34.49439647182779,,0.02696358684334965,
24,0,Tgrad,Proposed EKF,1.397865639543852,1.606555686115044,,
24,1,sO2,NIRS rScO2,64.54157487889947,67.29313641023988,,
24,1,sO2,PA linear unmixing,64.54157487889947,67.3030508148882,,
24,1,sO2,PA fluence-compensated,64.54157487889947,65.53899972837498,,
24,1,sO2,Proposed EKF,64.54157487889947,65.92477862731577,,
24,1,sO2,EKF -echo,64.54157487889947,,,
24,1,sO2,EKF -reference,64.54157487889947,,,
24,1,sO2,EKF -fluence corr.,64.54157487889947,,,
24,1,sO2,EKF -depth gating,64.54157487889947,,,
24,1,T,Rectal proxy,33.5065482816476,32.797812707865454,0.299661488174776,-0.40907408560737224
24,1,T,Scalp thermistor,33.5065482816476,30.521086133725465,0.299661488174776,-2.685800659747361
24,1,T,PA amplitude (800 nm),33.5065482816476,33.42731949288238,0.299661488174776,0.22043269940955668
24,1,T,Echo shift only,33.5065482816476,33.223355981628764,0.299661488174776,0.016469188155937786
24,1,T,Proposed EKF,33.5065482816476,33.217715889537466,0.299661488174776,0.010829096064639998
24,1,T,EKF -echo,33.5065482816476,,0.299661488174776,
24,1,T,EKF -reference,33.5065482816476,,0.299661488174776,
24,1,T,EKF -fluence corr.,33.5065482816476,,0.299661488174776,
24,1,T,EKF -depth gating,33.5065482816476,,0.299661488174776,
24,1,Tgrad,Proposed EKF,2.915902545835202,2.6705196614273894,,
24,2,sO2,NIRS rScO2,84.65993924442758,82.61148927382358,,
24,2,sO2,PA linear unmixing,84.65993924442758,84.05625932846326,,
24,2,sO2,PA fluence-compensated,84.65993924442758,83.90867913263436,,
24,2,sO2,Proposed EKF,84.65993924442758,83.94583617273722,,
24,2,sO2,EKF -echo,84.65993924442758,,,
24,2,sO2,EKF -reference,84.65993924442758,,,
24,2,sO2,EKF -fluence corr.,84.65993924442758,,,
24,2,sO2,EKF -depth gating,84.65993924442758,,,
24,2,T,Rectal proxy,32.51934195622851,32.06086127870416,0.029783227846627347,-0.4286974496777205
24,2,T,Scalp thermistor,32.51934195622851,31.2264840880309,0.029783227846627347,-1.263074640350979
24,2,T,PA amplitude (800 nm),32.51934195622851,32.53852248282198,0.029783227846627347,0.048963754440102036
24,2,T,Echo shift only,32.51934195622851,32.509513167388235,0.029783227846627347,0.019954439006355074
24,2,T,Proposed EKF,32.51934195622851,32.50775283472936,0.029783227846627347,0.018194106347479533
24,2,T,EKF -echo,32.51934195622851,,0.029783227846627347,
24,2,T,EKF -reference,32.51934195622851,,0.029783227846627347,
24,2,T,EKF -fluence corr.,32.51934195622851,,0.029783227846627347,
24,2,T,EKF -depth gating,32.51934195622851,,0.029783227846627347,
24,2,Tgrad,Proposed EKF,1.1169791954127177,1.2820878571513818,,
24,3,sO2,NIRS rScO2,62.847867086545016,62.2706771892339,,
24,3,sO2,PA linear unmixing,62.847867086545016,65.87738496219768,,
24,3,sO2,PA fluence-compensated,62.847867086545016,63.90479558111816,,
24,3,sO2,Proposed EKF,62.847867086545016,64.23838776241759,,
24,3,sO2,EKF -echo,62.847867086545016,,,
24,3,sO2,EKF -reference,62.847867086545016,,,
24,3,sO2,EKF -fluence corr.,62.847867086545016,,,
24,3,sO2,EKF -depth gating,62.847867086545016,,,
24,3,T,Rectal proxy,37.32217736829813,36.939471037095096,-0.007593215164754974,-0.3902995463677854
24,3,T,Scalp thermistor,37.32217736829813,34.77011767350791,-0.007593215164754974,-2.55965290995497
24,3,T,PA amplitude (800 nm),37.32217736829813,37.622325686942,-0.007593215164754974,0.29255510347911695
24,3,T,Echo shift only,37.32217736829813,37.32082587756656,-0.007593215164754974,-0.008944705896318794
24,3,T,Proposed EKF,37.32217736829813,37.3193559218846,-0.007593215164754974,-0.01041466157828097
24,3,T,EKF -echo,37.32217736829813,,-0.007593215164754974,
24,3,T,EKF -reference,37.32217736829813,,-0.007593215164754974,
24,3,T,EKF -fluence corr.,37.32217736829813,,-0.007593215164754974,
24,3,T,EKF -depth gating,37.32217736829813,,-0.007593215164754974,
24,3,Tgrad,Proposed EKF,2.766564337483601,2.515345277218316,,
25,0,sO2,NIRS rScO2,69.84305804657653,81.08148174325794,,
25,0,sO2,PA linear unmixing,69.84305804657653,69.57699853427701,,
25,0,sO2,PA fluence-compensated,69.84305804657653,70.75722529688882,,
25,0,sO2,Proposed EKF,69.84305804657653,71.77458391592054,,
25,0,sO2,EKF -echo,69.84305804657653,,,
25,0,sO2,EKF -reference,69.84305804657653,,,
25,0,sO2,EKF -fluence corr.,69.84305804657653,,,
25,0,sO2,EKF -depth gating,69.84305804657653,,,
25,0,T,Rectal proxy,37.23940508447215,36.85953778928417,-0.032820634904014434,-0.4126879300919981
25,0,T,Scalp thermistor,37.23940508447215,35.28688081113229,-0.032820634904014434,-1.9853449082438743
25,0,T,PA amplitude (800 nm),37.23940508447215,37.273509501944865,-0.032820634904014434,0.0012837825686986548
25,0,T,Echo shift only,37.23940508447215,37.29468630477819,-0.032820634904014434,0.02246058540202256
25,0,T,Proposed EKF,37.23940508447215,37.295841440519425,-0.032820634904014434,0.023615721143258384
25,0,T,EKF -echo,37.23940508447215,,-0.032820634904014434,
25,0,T,EKF -reference,37.23940508447215,,-0.032820634904014434,
25,0,T,EKF -fluence corr.,37.23940508447215,,-0.032820634904014434,
25,0,T,EKF -depth gating,37.23940508447215,,-0.032820634904014434,
25,0,Tgrad,Proposed EKF,1.637875678514142,2.023150157504508,,
25,1,sO2,NIRS rScO2,55.84062744525997,68.26007432911615,,
25,1,sO2,PA linear unmixing,55.84062744525997,57.7033621556023,,
25,1,sO2,PA fluence-compensated,55.84062744525997,54.734624846384264,,
25,1,sO2,Proposed EKF,55.84062744525997,55.25901143529129,,
25,1,sO2,EKF -echo,55.84062744525997,,,
25,1,sO2,EKF -reference,55.84062744525997,,,
25,1,sO2,EKF -fluence corr.,55.84062744525997,,,
25,1,sO2,EKF -depth gating,55.84062744525997,,,
25,1,T,Rectal proxy,37.6236713453837,36.915497881147914,0.2773629815977955,-0.4308104826379875
25,1,T,Scalp thermistor,37.6236713453837,35.58131743638384,0.2773629815977955,-1.76499092740206
25,1,T,PA amplitude (800 nm),37.6236713453837,37.31313706666076,0.2773629815977955,-0.03317129712514344
25,1,T,Echo shift only,37.6236713453837,37.29853289840053,0.2773629815977955,-0.04777546538537081
25,1,T,Proposed EKF,37.6236713453837,37.31023217683888,0.2773629815977955,-0.03607618694702097
25,1,T,EKF -echo,37.6236713453837,,0.2773629815977955,
25,1,T,EKF -reference,37.6236713453837,,0.2773629815977955,
25,1,T,EKF -fluence corr.,37.6236713453837,,0.2773629815977955,
25,1,T,EKF -depth gating,37.6236713453837,,0.2773629815977955,
25,1,Tgrad,Proposed EKF,2.138262472867858,2.034676692707609,,
25,2,sO2,NIRS rScO2,57.91560302760615,74.02489594397184,,
25,2,sO2,PA linear unmixing,57.91560302760615,60.01512128932276,,
25,2,sO2,PA fluence-compensated,57.91560302760615,57.41971449253626,,
25,2,sO2,Proposed EKF,57.91560302760615,58.08099051749649,,
25,2,sO2,EKF -echo,57.91560302760615,,,
25,2,sO2,EKF -reference,57.91560302760615,,,
25,2,sO2,EKF -fluence corr.,57.91560302760615,,,
25,2,sO2,EKF -depth gating,57.91560302760615,,,
25,2,T,Rectal proxy,38.05295656583518,37.43516679881061,0.25683605556996836,-0.36095371145459865
25,2,T,Scalp thermistor,38.05295656583518,35.468392826298846,0.25683605556996836,-2.3277276839663656
25,2,T,PA amplitude (800 nm),38.05295656583518,37.83915066021241,0.25683605556996836,0.04303014994719945
25,2,T,Echo shift only,38.05295656583518,37.79968134401206,0.25683605556996836,0.003560833746846015
25,2,T,Proposed EKF,38.05295656583518,37.808493089414945,0.25683605556996836,0.012372579149733554
25,2,T,EKF -echo,38.05295656583518,,0.25683605556996836,
25,2,T,EKF -reference,38.05295656583518,,0.25683605556996836,
25,2,T,EKF -fluence corr.,38.05295656583518,,0.25683605556996836,
25,2,T,EKF -depth gating,38.05295656583518,,0.25683605556996836,
25,2,Tgrad,Proposed EKF,2.7727014198962365,2.9251777218981667,,
25,3,sO2,NIRS rScO2,75.7444791982142,79.22180707073584,,
25,3,sO2,PA linear unmixing,75.7444791982142,74.3097577939365,,
25,3,sO2,PA fluence-compensated,75.7444791982142,73.36322217784908,,
25,3,sO2,Proposed EKF,75.7444791982142,73.82778655692017,,
25,3,sO2,EKF -echo,75.7444791982142,,,
25,3,sO2,EKF -reference,75.7444791982142,,,
25,3,sO2,EKF -fluence corr.,75.7444791982142,,,
25,3,sO2,EKF -depth gating,75.7444791982142,,,
25,3,T,Rectal proxy,35.117104482757995,34.74595162939646,-0.048030811229617165,-0.4191836645911522
25,3,T,Scalp thermistor,35.117104482757995,32.918632504167704,-0.048030811229617165,-2.246502789819907
25,3,T,PA amplitude (800 nm),35.117104482757995,35.59686307167611,-0.048030811229617165,0.4317277776885007
25,3,T,Echo shift only,35.117104482757995,35.14843224652883,-0.048030811229617165,-0.01670304745878326
25,3,T,Proposed EKF,35.117104482757995,35.151173197600215,-0.048030811229617165,-0.013962096387395206
25,3,T,EKF -echo,35.117104482757995,,-0.048030811229617165,
25,3,T,EKF -reference,35.117104482757995,,-0.048030811229617165,
25,3,T,EKF -fluence corr.,35.117104482757995,,-0.048030811229617165,
25,3,T,EKF -depth gating,35.117104482757995,,-0.048030811229617165,
25,3,Tgrad,Proposed EKF,1.9921104587320855,2.674408380041477,,
