scenario,quantity,method,rmse_mean,rmse_std,bias_mean,bias_std,mae_mean,mae_std,maxerr_mean,maxerr_std,loa_lo_mean,loa_lo_std,loa_hi_mean,loa_hi_std,sensitivity_mean,sensitivity_std,false_alarms_per_h_mean,false_alarms_per_h_std,latency_s_mean,latency_s_std,coverage95_mean,coverage95_std,rmse_rel_mean,rmse_rel_std,grad_rmse_mean,grad_rmse_std,g_rmse_mean,g_rmse_std
S1-bedside,T,EKF -depth gating,0.42071065953940306,0.20363702568109052,-0.1594591031920779,0.39358192990610874,0.3821803359628384,0.1935894433361497,0.761683437332084,0.2501562085197438,-0.553281711905085,0.5084029878947026,0.23436350552092913,0.3017889262331134,,,,,,,,,0.4173684120225436,0.21001753285028485,,,,
S1-bedside,T,EKF -echo,120.84802994156846,393.86252655754924,82.94321061587743,316.32643614631115,99.60677117388502,318.0229376822061,1249.3946327095725,4831.609461127475,-54.55964916982283,157.41028922665103,220.4460704015777,788.2868821620416,,,,,,,,,120.85376890232723,393.8428722804276,,,,
S1-bedside,T,EKF -fluence corr.,0.4179762562588114,0.20213062084847847,-0.15431275205141212,0.39253830385315075,0.37935583138667145,0.1922887422290259,0.7586161064675769,0.24965484777307867,-0.5462382490567695,0.5049671761161685,0.23761274495394533,0.30355192527152847,,,,,,,,,0.41502400390756766,0.20789658630681737,,,,
S1-bedside,T,EKF -reference,0.4198552054587795,0.2020486319894981,-0.15259605433469123,0.3927937198864409,0.38009979187688164,0.1923053510202962,0.7824499702226664,0.2489386029615722,-0.5556822277607537,0.49648828144064294,0.25049011909137137,0.3122997378174636,,,,,,,,,0.41655935968676344,0.20648507422159873,,,,
S1-bedside,T,Echo shift only,0.39900429252810243,0.2180476494918846,-0.1695114700472542,0.39394141614664024,0.3690126818788677,0.20307952293828654,0.609699797320022,0.2880054739740833,-0.46764051491053665,0.5136553737854594,0.12861757481602826,0.31484056354870465,,,,,,,,,0.39830349425773826,0.22145402683152896,,,,
S1-bedside,T,PA amplitude (800 nm),7.828114713094978,1.2327106408237287,-6.561068258100995,1.284050877382386,6.610940755468411,1.237733312643509,18.95156495889398,2.748897892381969,-14.848686649990913,1.9632923276462044,1.7265501337889222,1.1575625419694684,,,,,,,,,7.840991778795116,1.1977580996732689,,,,
S1-bedside,T,Proposed EKF,0.4179084647083478,0.20243770878401693,-0.1535991563036269,0.39201588314661223,0.379749437816021,0.19259021369557588,0.7583457496919741,0.2503189027244859,-0.5486230940687108,0.5066274601542711,0.241424781461457,0.29980449150109,,,,,,,0.8246180555555556,0.2643557833592321,0.41508527610785556,0.20828680742464073,0.42182118709424743,0.22062945593468486,0.03864337487636797,0.02016153552403763
S1-bedside,T,Rectal proxy,0.5628393955314877,0.11049811939645635,-0.5454372038850123,0.11384185823965673,0.5454671783672225,0.11380761122387018,1.079964664728843,0.1539872107890701,-0.8117999025771432,0.11359334610753337,-0.2790745051928813,0.118132834434295,,,,,,,,,0.25724514793598574,0.1072632958175878,,,,
S1-bedside,T,Scalp thermistor,2.6169397611564125,0.6243026439754327,-2.6085793796869803,0.6264715630120834,2.6085793796869803,0.6264715630120834,3.302167801325395,0.6191436914355163,-3.0054676494346877,0.6261360665923585,-2.2116911099392733,0.6277229607188608,,,,,,,,,0.29649990529500503,0.06495004632433472,,,,
S1-bedside,sO2,EKF -depth gating,2.7781984260328465,3.7025510103973467,0.6327246213686897,4.423601219903147,2.6672567753044505,3.55018407910895,8.120253646669477,5.854416830970385,-0.8780832310579665,6.597514031633149,2.1435324737953456,2.3865525575909796,0.96875,0.12499999999999999,0.043774319066147864,0.17509727626459143,41.875,32.08712098854201,,,,,,,,
S1-bedside,sO2,EKF -echo,6.5677741687611135,8.088857055841753,-0.6761306468451954,9.751267486761542,5.92083931479058,7.7249834815847,17.768818224256574,13.834834534471385,-6.322597280380651,12.336164905182583,4.9703359866902606,9.585402121720286,0.625,0.4281744192888376,1.544608115619789,5.469538884245524,50.833333333333336,25.030284687057627,,,,,,,,
S1-bedside,sO2,EKF -fluence corr.,0.9856402216164859,0.834279422275525,-0.6881107687429998,0.9674817883986133,0.8828028341980587,0.8385491866357865,4.185275870462083,1.110717721680747,-1.642910584107278,1.2589551324384862,0.26668904662127835,0.7612573209173102,0.96875,0.12499999999999999,0.0,0.0,33.125,4.787135538781691,,,,,,,,
S1-bedside,sO2,EKF -reference,1.450824148643135,3.1059533542936055,1.1232621820621045,3.201054517307096,1.354791350419956,3.116541858635916,6.525667671260142,8.195961612865124,0.23388874403472099,2.7229008222289752,2.0126356200894877,3.700488247418884,0.96875,0.12499999999999999,0.0,0.0,28.75,6.191391873668904,,,,,,,,
S1-bedside,sO2,NIRS rScO2,5.229148168113687,3.4836071357281155,3.9033480802286413,4.568168756033156,4.8513900217059875,3.6018048288910984,12.083061105209573,4.247017334604498,0.024758381165597698,4.5789077994460055,7.7819377792916855,4.561962616879527,1.0,0.0,0.26264591439688717,0.1259005186537646,28.75,7.187952884282608,,,,,,,,
S1-bedside,sO2,PA fluence-compensated,1.2029364617535545,1.946731030042646,-0.9378154522314264,1.9000169172986898,1.1169394750242396,1.7983454041332627,4.470222021246176,11.42198245618318,-1.804956107342049,3.351359622532568,-0.07067479712080382,0.6453059933860074,1.0,0.0,0.1000555864369094,0.40022234574763754,21.25,3.415650255319865,,,,,,,,
S1-bedside,sO2,PA linear unmixing,1.0991448282649845,0.4341063023829494,0.9071924850031574,0.5458315050345172,0.9887191664369492,0.45501265964661514,4.295462220234856,1.8917864291193167,-0.0549794350395331,0.8137952107744625,1.869364405045848,0.5231219919715149,0.96875,0.12499999999999999,0.0,0.0,25.0,6.32455532033676,,,,,,,,
S1-bedside,sO2,Proposed EKF,1.3904749440615178,3.2169304402209096,0.9031452292900578,3.349638306725057,1.3006586774323337,3.2189973225282316,6.8338001137687785,11.28020507164306,0.034090465268762984,2.7431686078285984,1.7721999933113526,3.971016454533026,0.96875,0.12499999999999999,0.0,0.0,28.75,6.191391873668903,0.9370833333333334,0.2455938884107081,,,,,,
S1-wearable,T,Echo shift only,0.4003286539536442,0.21834114153344747,-0.17008786145136626,0.3954395708902203,0.3705737480510756,0.2034745746113163,0.6093231766102312,0.28760703538690224,-0.4678775644878787,0.5134664307058132,0.12770184158514616,0.3179380070559045,,,,,,,,,0.3986232597353165,0.2230354080867526,,,,
S1-wearable,T,PA amplitude (800 nm),7.823563243301631,1.2484952809410512,-6.558188727963189,1.3002220711130428,6.610379918036732,1.2498504813185887,18.972748080184406,2.7275623333933035,-14.839212737823203,1.9808130409009468,1.7228352818968244,1.137152892005428,,,,,,,,,7.8363319808147205,1.213524544247012,,,,
S1-wearable,T,Proposed EKF,0.4212853433190465,0.20222123190386243,-0.1539628535232153,0.39382846061834126,0.3820755477005057,0.19228725495797022,0.7812083230561373,0.24993257483017778,-0.5574501254334555,0.49701114239683836,0.24952441838702488,0.31409632308641827,,,,,,,0.8078472222222222,0.26147310407837093,0.4191442477777825,0.2080200233041476,0.4244501585634841,0.22368756878757554,0.03808906572502852,0.01975501201870622
S1-wearable,T,Rectal proxy,0.5628393955314877,0.11049811939645635,-0.5454372038850123,0.11384185823965673,0.5454671783672225,0.11380761122387018,1.079964664728843,0.1539872107890701,-0.8117999025771432,0.11359334610753337,-0.2790745051928813,0.118132834434295,,,,,,,,,0.25724514793598574,0.1072632958175878,,,,
S1-wearable,T,Scalp thermistor,2.6169397611564125,0.6243026439754327,-2.6085793796869803,0.6264715630120834,2.6085793796869803,0.6264715630120834,3.302167801325395,0.6191436914355163,-3.0054676494346877,0.6261360665923585,-2.2116911099392733,0.6277229607188608,,,,,,,,,0.29649990529500503,0.06495004632433472,,,,
S1-wearable,sO2,NIRS rScO2,5.229148168113687,3.4836071357281155,3.9033480802286413,4.568168756033156,4.8513900217059875,3.6018048288910984,12.083061105209573,4.247017334604498,0.024758381165597698,4.5789077994460055,7.7819377792916855,4.561962616879527,1.0,0.0,0.26264591439688717,0.1259005186537646,28.75,7.187952884282608,,,,,,,,
S1-wearable,sO2,PA fluence-compensated,1.0375456346958412,1.360069408298136,-0.548566716777222,1.423346313729733,0.9463341831472768,1.2007972941795813,4.175734625284797,9.47305214072047,-1.3907878929188235,2.613060508411556,0.29365445936437956,0.8446561723694459,1.0,0.0,0.09380211228460257,0.3752084491384102,21.25,3.415650255319865,,,,,,,,
S1-wearable,sO2,PA linear unmixing,1.20346271464847,0.4488439238088937,1.0207068478990724,0.5513517101781714,1.0955685225025025,0.4689749758499387,4.432300992818261,2.4424474642208036,0.03946820152057426,0.8913533593074647,2.0019454942775705,0.5504187596197264,0.96875,0.12499999999999999,0.0,0.0,25.0,6.32455532033676,,,,,,,,
S1-wearable,sO2,Proposed EKF,1.0892326561352874,2.4596050255321904,-0.09231483802137062,0.4579141680440772,0.9262888038922824,2.2286553361192936,6.654200014089882,8.386439939557865,-1.9857838077849164,5.140361983793476,1.801154131742175,4.568442129488683,0.96875,0.12499999999999999,0.043774319066147864,0.17509727626459143,35.0,23.38090388900024,0.9870486111111111,0.04588351629835313,,,,,,
S2-bedside,T,EKF -depth gating,0.08857995832759577,0.04875761918394913,0.026099185540159296,0.0989998074415414,0.08691368984027818,0.04980734747416892,0.12934023251968974,0.04726043688501324,-0.001836239813792457,0.09889528991755955,0.054034610894111046,0.0992043167060362,,,,,,,,,0.028881265984639297,0.0123808145549818,,,,
S2-bedside,T,EKF -echo,14.528293658848497,9.56575140206069,0.09819102440868677,15.739145616018773,12.871086110297018,8.740838270779514,27.553384119539743,19.888283176103823,-13.213328472635409,13.208270762329974,13.409710521452782,21.736009070629994,,,,,,,,,14.544949465963459,9.549860021196777,,,,
S2-bedside,T,EKF -fluence corr.,0.08885710205379953,0.049131881863359324,0.027126141328701125,0.09918802390351754,0.08725432249438383,0.050143391102999445,0.12888229219159264,0.048263840938944556,-0.0003455014645530087,0.09904469614439557,0.05459778412195526,0.09945493447510594,,,,,,,,,0.029444449402806785,0.012393597837870484,,,,
S2-bedside,T,EKF -reference,0.08942160272158141,0.049146234246985734,0.02753366353692287,0.09956647956378244,0.0877361535876457,0.050277118008233576,0.1304622563852238,0.04742456761017098,-0.0004769954544128572,0.09954659636982983,0.0555443225282586,0.09976662935582992,,,,,,,,,0.029354136935705724,0.012235209925287906,,,,
S2-bedside,T,Echo shift only,0.09214621800108103,0.04714692027567164,0.027270373970992214,0.09902523591920022,0.08818756430755396,0.04873427747575397,0.17076365698982032,0.05094979713643212,-0.02221126738692577,0.09901474292239615,0.0767520153289102,0.09906417435791717,,,,,,,,,0.036843356157351494,0.010479930747920677,,,,
S2-bedside,T,PA amplitude (800 nm),4.549028428068463,1.737191954851846,-3.1172308665936885,1.8259372881212927,3.4513097633984726,1.5405461132499019,13.464714894841181,3.860732005179432,-9.341532265073866,3.224113674831057,3.1070705318864875,1.0730504257213802,,,,,,,,,4.569136859329016,1.7443206226917458,,,,
S2-bedside,T,Proposed EKF,0.08896797307367726,0.04912465326572043,0.027082660011238237,0.09933098756845764,0.08737965571422,0.050157330507315544,0.1291552219791492,0.0476466965112236,-5.426688899488191e-05,0.09938392821659342,0.054219586911471364,0.0993836381492012,,,,,,,1.0,0.0,0.029424123001021082,0.012531412345841984,0.2136286565082774,0.14228276214872568,0.04457923051102746,0.02132854899519483
S2-bedside,T,Rectal proxy,0.39658832435947355,0.09852448936080854,-0.38186695885613475,0.10226027353249804,0.38200086763715785,0.10210328469947917,0.7298056500176533,0.11495295612906242,-0.5850665650599103,0.10217814245794693,-0.17866735265235928,0.10268490746758815,,,,,,,,,0.13481483412572504,0.04114805388800594,,,,
S2-bedside,T,Scalp thermistor,1.3393528582325689,0.32156967503467987,-1.332136469122271,0.324143580419398,1.332136469122271,0.324143580419398,1.7553385482395583,0.334368491098392,-1.5918943299326285,0.31921311957825127,-1.0723786083119133,0.33094119427426727,,,,,,,,,0.15567363609645343,0.02800882980888673,,,,
S2-bedside,sO2,EKF -depth gating,3.123500577137966,1.544292670184064,2.134894945566521,1.538072798177018,2.457375832797396,1.649754490886893,12.453158705539161,4.631836928876639,-2.065564730095508,1.396282775036629,6.33535462122855,2.809356106197991,0.8854166666666666,0.12123973801552887,0.0,0.0,10.0,7.366591251499344,,,,,,,,
S2-bedside,sO2,EKF -echo,4.208801911709457,2.7000449009520557,-0.7082080583430741,2.7629423025797384,2.7825503177167823,2.395132193434869,18.3209506711075,6.090788689292232,-7.997109182507801,5.782323403777283,6.580693065821652,2.6297735210221322,0.8072916666666666,0.14819516036482286,0.0,0.0,12.125,5.071160288007732,,,,,,,,
S2-bedside,sO2,EKF -fluence corr.,1.5364070975819555,0.6142402585566681,-0.821079120129806,0.5152226815433095,1.3579924312266574,0.6206655247227946,5.944315375521972,1.8441367997863582,-3.279195195669341,1.3244750574086683,1.6370369554097286,0.7524436606752747,0.90625,0.06718548123582124,0.0,0.0,6.5,1.7511900715418263,,,,,,,,
S2-bedside,sO2,EKF -reference,1.5475092262309968,1.207639628422354,0.3442323086648086,1.068984958774574,1.189798519361461,1.1293443496583735,7.384366114921042,5.467928884286743,-2.253235027443643,1.0148204166432329,2.9416996447732604,2.818295397707704,0.9114583333333333,0.06432520098283008,0.0,0.0,5.9375,1.6520189667999174,,,,,,,,
S2-bedside,sO2,NIRS rScO2,6.91536563238626,1.141482561735554,2.080381792461914,3.026222191228122,5.583507829211899,1.0076475276300736,23.02426786480631,2.536596810136084,-9.697132022954097,3.0610675443313786,13.857895607877923,3.0221650089924017,0.9427083333333333,0.0501733107449679,78.97516679021497,23.02478356547152,3.25,1.3416407864998738,,,,,,,,
S2-bedside,sO2,PA fluence-compensated,1.5708319811074027,1.4982355534959002,-0.4513060591311375,1.4975882771521782,1.4094876046493505,1.3528958465690992,5.621885014158233,8.218516845269097,-2.3695564168109895,2.1110621933318585,1.4669442985487142,3.278251714507441,0.921875,0.047810873550162516,0.0,0.0,3.3125,1.5370426148939396,,,,,,,,
S2-bedside,sO2,PA linear unmixing,1.4078381625782015,0.6299816233930269,0.542282628082764,0.7643627321158921,0.9716944551051554,0.6842667980103129,5.634434571466876,1.586776922547618,-1.6664383313132622,1.7093814223843575,2.75100358747879,0.48257592463123145,0.90625,0.06718548123582124,0.0,0.0,4.75,1.61245154965971,,,,,,,,
S2-bedside,sO2,Proposed EKF,1.4342067417809632,1.118630964387633,0.19427023845929384,0.8964483843807789,1.097212889915464,1.0801687260069721,7.360807071774628,5.528137201090058,-2.3286824357327034,1.2974761370672487,2.717222912651291,2.516474096886333,0.921875,0.047810873550162516,0.0,0.0,5.8125,1.5585784121008048,0.7830092592592592,0.29730008595111207,,,,,,
S2-wearable,T,Echo shift only,0.0920888749102938,0.0490240307718755,0.027454514453813195,0.10005101105429223,0.08831646263693475,0.05057384102386532,0.1692660241815953,0.05291703432257833,-0.02033800173353234,0.1000829831248271,0.07524703064115874,0.10004413974904809,,,,,,,,,0.03702467526719154,0.010520531342482823,,,,
S2-wearable,T,PA amplitude (800 nm),4.5408131947606885,1.7275419587774141,-3.1122993214594055,1.7990285028148199,3.4370923033696084,1.5310764885446635,13.46135853471796,3.8578937177069488,-9.34052601832605,3.204940192080535,3.1159273754072396,1.0524638496739627,,,,,,,,,4.559971456798118,1.736417246772618,,,,
S2-wearable,T,Proposed EKF,0.08922359277995934,0.0504801136197585,0.02719704796050022,0.10013620655672494,0.08752693666050315,0.051590497728273496,0.12936286786545814,0.0486673578194263,-0.0009178732740075593,0.0999234787852361,0.05531196919500799,0.1005047757776412,,,,,,,1.0,0.0,0.030185215151163607,0.01269224032497664,0.22085101219135003,0.1437456864333338,0.044331188421078555,0.021253195361658844
S2-wearable,T,Rectal proxy,0.39658832435947355,0.09852448936080854,-0.38186695885613475,0.10226027353249804,0.38200086763715785,0.10210328469947917,0.7298056500176533,0.11495295612906242,-0.5850665650599103,0.10217814245794693,-0.17866735265235928,0.10268490746758815,,,,,,,,,0.13481483412572504,0.04114805388800594,,,,
S2-wearable,T,Scalp thermistor,1.3393528582325689,0.32156967503467987,-1.332136469122271,0.324143580419398,1.332136469122271,0.324143580419398,1.7553385482395583,0.334368491098392,-1.5918943299326285,0.31921311957825127,-1.0723786083119133,0.33094119427426727,,,,,,,,,0.15567363609645343,0.02800882980888673,,,,
S2-wearable,sO2,NIRS rScO2,6.91536563238626,1.141482561735554,2.080381792461914,3.026222191228122,5.583507829211899,1.0076475276300736,23.02426786480631,2.536596810136084,-9.697132022954097,3.0610675443313786,13.857895607877923,3.0221650089924017,0.9427083333333333,0.0501733107449679,78.97516679021497,23.02478356547152,3.25,1.3416407864998738,,,,,,,,
S2-wearable,sO2,PA fluence-compensated,1.5602114008484276,1.5630194549543137,-0.24630431569999445,1.4604928599838927,1.3809020265419445,1.3721861867610556,5.89110008192074,9.097499650522982,-2.267471535479609,2.309070510146047,1.7748629040796204,3.471837659659476,0.921875,0.047810873550162516,0.0,0.0,3.4375,1.1528949070347507,,,,,,,,
S2-wearable,sO2,PA linear unmixing,1.476837962193952,0.6913075012901869,0.6341986209809531,0.7845029924045944,1.0607451672683363,0.7165031482372427,5.736002299070505,1.8623743633896965,-1.5989674983888214,1.9324453822043484,2.8673647403507276,0.6157564760664188,0.90625,0.06718548123582124,0.0,0.0,4.8125,1.4705441169852742,,,,,,,,
S2-wearable,sO2,Proposed EKF,1.6115821842666884,1.0980802004867816,0.12670653302394372,0.8640706510145009,1.1954378442926614,1.0539718295612461,8.207652355171646,5.862233997316043,-2.763942910420141,1.5238890747986766,3.0173559764680284,2.454901246746013,0.9114583333333333,0.06432520098283008,0.0,0.0,6.375,1.7841898254763513,0.7977314814814814,0.24801588054085819,,,,,,
