scenario,quantity,baseline,metric,p,proposed_mean,baseline_mean
S1-bedside,T,Rectal proxy,rmse,0.033538818359375,0.41790846470834775,0.5628393955314877
S1-bedside,T,Scalp thermistor,rmse,3.0517578125e-05,0.41790846470834775,2.616939761156412
S1-bedside,T,PA amplitude (800 nm),rmse,3.0517578125e-05,0.41790846470834775,7.828114713094978
S1-bedside,T,Echo shift only,rmse,0.001312255859375,0.41790846470834775,0.39900429252810243
S1-bedside,T,EKF -echo,rmse,3.0517578125e-05,0.41790846470834775,120.84802994156846
S1-bedside,T,EKF -reference,rmse,0.231201171875,0.41790846470834775,0.4198552054587795
S1-bedside,T,EKF -fluence corr.,rmse,0.93988037109375,0.41790846470834775,0.4179762562588114
S1-bedside,T,EKF -depth gating,rmse,0.17535400390625,0.41790846470834775,0.42071065953940306
S1-bedside,sO2,NIRS rScO2,rmse,0.00335693359375,1.390474944061518,5.229148168113687
S1-bedside,sO2,PA linear unmixing,rmse,0.03863525390625,1.390474944061518,1.0991448282649845
S1-bedside,sO2,PA fluence-compensated,rmse,0.49542236328125,1.390474944061518,1.2029364617535547
S1-bedside,sO2,EKF -echo,rmse,0.001678466796875,1.390474944061518,6.567774168761113
S1-bedside,sO2,EKF -reference,rmse,0.252227783203125,1.390474944061518,1.4508241486431348
S1-bedside,sO2,EKF -fluence corr.,rmse,0.17535400390625,1.390474944061518,0.9856402216164859
S1-bedside,sO2,EKF -depth gating,rmse,0.000213623046875,1.390474944061518,2.778198426032846
S1-wearable,T,Rectal proxy,rmse,0.03863525390625,0.42128534331904643,0.5628393955314877
S1-wearable,T,Scalp thermistor,rmse,3.0517578125e-05,0.42128534331904643,2.616939761156412
S1-wearable,T,PA amplitude (800 nm),rmse,3.0517578125e-05,0.42128534331904643,7.823563243301632
S1-wearable,T,Echo shift only,rmse,0.000762939453125,0.42128534331904643,0.40032865395364425
S1-wearable,sO2,NIRS rScO2,rmse,0.001678466796875,1.0892326561352874,5.229148168113687
S1-wearable,sO2,PA linear unmixing,rmse,0.00762939453125,1.0892326561352874,1.20346271464847
S1-wearable,sO2,PA fluence-compensated,rmse,0.021392822265625,1.0892326561352874,1.0375456346958412
S2-bedside,T,Rectal proxy,rmse,3.0517578125e-05,0.08896797307367726,0.39658832435947355
S2-bedside,T,Scalp thermistor,rmse,3.0517578125e-05,0.08896797307367726,1.3393528582325689
S2-bedside,T,PA amplitude (800 nm),rmse,3.0517578125e-05,0.08896797307367726,4.549028428068464
S2-bedside,T,Echo shift only,rmse,0.001312255859375,0.08896797307367726,0.09214621800108103
S2-bedside,T,EKF -echo,rmse,3.0517578125e-05,0.08896797307367726,14.528293658848497
S2-bedside,T,EKF -reference,rmse,0.033538818359375,0.08896797307367726,0.08942160272158141
S2-bedside,T,EKF -fluence corr.,rmse,0.5618896484375,0.08896797307367726,0.08885710205379951
S2-bedside,T,EKF -depth gating,rmse,0.2978515625,0.08896797307367726,0.08857995832759577
S2-bedside,sO2,NIRS rScO2,rmse,3.0517578125e-05,1.4342067417809632,6.91536563238626
S2-bedside,sO2,PA linear unmixing,rmse,0.05767822265625,1.4342067417809632,1.4078381625782015
S2-bedside,sO2,PA fluence-compensated,rmse,0.979949951171875,1.4342067417809632,1.5708319811074027
S2-bedside,sO2,EKF -echo,rmse,3.0517578125e-05,1.4342067417809632,4.208801911709457
S2-bedside,sO2,EKF -reference,rmse,0.01824951171875,1.4342067417809632,1.5475092262309968
S2-bedside,sO2,EKF -fluence corr.,rmse,0.05767822265625,1.4342067417809632,1.5364070975819555
S2-bedside,sO2,EKF -depth gating,rmse,3.0517578125e-05,1.4342067417809632,3.1235005771379662
S2-wearable,T,Rectal proxy,rmse,3.0517578125e-05,0.08922359277995934,0.39658832435947355
S2-wearable,T,Scalp thermistor,rmse,3.0517578125e-05,0.08922359277995934,1.3393528582325689
S2-wearable,T,PA amplitude (800 nm),rmse,3.0517578125e-05,0.08922359277995934,4.5408131947606885
S2-wearable,T,Echo shift only,rmse,0.000152587890625,0.08922359277995934,0.0920888749102938
S2-wearable,sO2,NIRS rScO2,rmse,3.0517578125e-05,1.6115821842666884,6.91536563238626
S2-wearable,sO2,PA linear unmixing,rmse,0.274444580078125,1.6115821842666884,1.4768379621939522
S2-wearable,sO2,PA fluence-compensated,rmse,0.083251953125,1.6115821842666884,1.5602114008484276
