setting,value,quantity,method,rmse_mean,rmse_std,bias_mean,bias_std,rmse_rel_mean,rmse_rel_std
bone,0.0,T,Echo shift only,0.35016296402461705,0.2888775683510896,0.12529795455737047,0.44294056896286943,0.36591727917049877,0.2866060180637649
bone,0.0,T,PA amplitude (800 nm),7.524252225801087,1.1772357695938727,-6.42605827379314,1.338647543686394,7.390423906645837,1.1498879841806897
bone,0.0,T,Proposed EKF,0.3936448996591855,0.25966671626992316,0.17305201663844644,0.43391889810918444,0.42659890771865383,0.26731894673798773
bone,0.0,T,Rectal proxy,0.7714379012063046,0.1655996072377924,-0.7616504195428742,0.16868218495694035,0.2367411869439266,0.08255498019103975
bone,0.0,T,Scalp thermistor,2.711526917580466,0.6675755360378904,-2.704214054070059,0.6696442475985781,0.2858123176115173,0.055689803359841604
bone,0.0,sO2,NIRS rScO2,8.632953770767745,2.734535083136333,8.389326094579316,2.8359445303091126,,
bone,0.0,sO2,PA fluence-compensated,2.2953756593733874,1.2684483063483125,-2.249339154423181,1.220004464285733,,
bone,0.0,sO2,PA linear unmixing,0.8614855694281237,0.336002482331145,0.019859577839077214,0.7045505206832167,,
bone,0.0,sO2,Proposed EKF,1.5115170734331698,1.8835697695731917,-1.277047740115071,1.864868593792189,,
bone,0.05,T,Echo shift only,0.3343288550963855,0.2837336640453559,0.1266917150795369,0.4253035994559159,0.3543351825091194,0.275578929356341
bone,0.05,T,PA amplitude (800 nm),7.584448758705197,1.1624533488693756,-6.507080918847473,1.313399358713682,7.449888377201025,1.1398348423464861
bone,0.05,T,Proposed EKF,0.3792395469939206,0.2767075213655159,0.17863510395113258,0.43004691683307333,0.40994177112364294,0.27353363635379163
bone,0.05,T,Rectal proxy,0.7714379012063046,0.1655996072377924,-0.7616504195428742,0.16868218495694035,0.2367411869439266,0.08255498019103975
bone,0.05,T,Scalp thermistor,2.711526917580466,0.6675755360378904,-2.704214054070059,0.6696442475985781,0.2858123176115173,0.055689803359841604
bone,0.05,sO2,NIRS rScO2,8.632953770767745,2.734535083136333,8.389326094579316,2.8359445303091126,,
bone,0.05,sO2,PA fluence-compensated,1.1879179848690382,0.7275387013134272,-1.1454880137929113,0.7468789844580856,,
bone,0.05,sO2,PA linear unmixing,0.7986246524666948,0.3650279516199967,0.5538594125278405,0.5711130622647297,,
bone,0.05,sO2,Proposed EKF,0.707350468557079,0.5095854581686959,-0.17734256760675696,0.8068231224460957,,
bone,0.1,T,Echo shift only,0.33782448374333385,0.2843681539905627,0.1196004486804656,0.4309739681124878,0.354565988259425,0.2781136481565285
bone,0.1,T,PA amplitude (800 nm),7.523799484776196,1.1245016411433488,-6.438490666052434,1.2371711931198384,7.38927133966839,1.1070644034098527
bone,0.1,T,Proposed EKF,0.38417035370345504,0.258883436906859,0.1698395562989555,0.42620404971055725,0.4151737902408146,0.26997491185481043
bone,0.1,T,Rectal proxy,0.7714379012063046,0.1655996072377924,-0.7616504195428742,0.16868218495694035,0.2367411869439266,0.08255498019103975
bone,0.1,T,Scalp thermistor,2.711526917580466,0.6675755360378904,-2.704214054070059,0.6696442475985781,0.2858123176115173,0.055689803359841604
bone,0.1,sO2,NIRS rScO2,8.632953770767745,2.734535083136333,8.389326094579316,2.8359445303091126,,
bone,0.1,sO2,PA fluence-compensated,2.3885152526637787,1.781636563259281,-2.2865397516776227,1.816336321386166,,
bone,0.1,sO2,PA linear unmixing,1.0020972438156677,0.37228932097469064,0.008252825176093978,0.8790344109466043,,
bone,0.1,sO2,Proposed EKF,1.3781972270818608,0.8101031869543087,-0.20028113820218787,1.4471416492792384,,
bone,0.15,T,Echo shift only,0.3439982318334311,0.2967170395722502,0.12051041944956409,0.44407397676246646,0.35658171923272486,0.2919143403183116
bone,0.15,T,PA amplitude (800 nm),7.541477276994839,1.088226627599907,-6.462115950348365,1.2119280189305444,7.406518274362627,1.0683779707496106
bone,0.15,T,Proposed EKF,0.38931480066587654,0.28068022857293884,0.16607890507473855,0.4480231888197919,0.41501325756885554,0.2886608056693565
bone,0.15,T,Rectal proxy,0.7714379012063046,0.1655996072377924,-0.7616504195428742,0.16868218495694035,0.2367411869439266,0.08255498019103975
bone,0.15,T,Scalp thermistor,2.711526917580466,0.6675755360378904,-2.704214054070059,0.6696442475985781,0.2858123176115173,0.055689803359841604
bone,0.15,sO2,NIRS rScO2,8.632953770767745,2.734535083136333,8.389326094579316,2.8359445303091126,,
bone,0.15,sO2,PA fluence-compensated,4.540621476653939,3.618702282143743,-4.228653399301504,3.4987706418805917,,
bone,0.15,sO2,PA linear unmixing,1.29103176543065,0.3736661125197179,-0.7370858150536214,0.6069534027953852,,
bone,0.15,sO2,Proposed EKF,4.567267046599609,4.5917764357732676,4.287127175318539,4.6830666489209465,,
bone,0.2,T,Echo shift only,0.34530379784369547,0.31738127175385084,0.14190530476861074,0.4517513762056562,0.37565506120111364,0.30235493935209823
bone,0.2,T,PA amplitude (800 nm),7.4511508374150885,1.2074180395733423,-6.336502255368322,1.3501350180672587,7.318154079770956,1.185188156871601
bone,0.2,T,Proposed EKF,0.36808315266969516,0.3038718527691222,0.14780955538683363,0.45733026646827873,0.39171220307157123,0.3007000865269968
bone,0.2,T,Rectal proxy,0.7714379012063046,0.1655996072377924,-0.7616504195428742,0.16868218495694035,0.2367411869439266,0.08255498019103975
bone,0.2,T,Scalp thermistor,2.711526917580466,0.6675755360378904,-2.704214054070059,0.6696442475985781,0.2858123176115173,0.055689803359841604
bone,0.2,sO2,NIRS rScO2,8.632953770767745,2.734535083136333,8.389326094579316,2.8359445303091126,,
bone,0.2,sO2,PA fluence-compensated,9.677721833636875,10.527343433863766,-7.255528255081606,10.998379609909245,,
bone,0.2,sO2,PA linear unmixing,1.0348366732192207,0.5467930779362653,-0.5317857094948446,0.7127066122290097,,
bone,0.2,sO2,Proposed EKF,7.107863014625012,5.231900560128276,5.646978115189812,5.982042967652742,,
bone,0.3,T,Echo shift only,0.37216927777833375,0.3036925054769073,0.13096094850628712,0.46945293222671763,0.3886810293394845,0.29790866792214227
bone,0.3,T,PA amplitude (800 nm),6.997832725575094,1.1338282052128075,-5.778231213116521,1.2094706541699176,6.870656661233403,1.1422763140705552
bone,0.3,T,Proposed EKF,0.37350482738577545,0.2941941073488974,0.11482585654441956,0.4698554623850593,0.3854831416363647,0.2984946743449883
bone,0.3,T,Rectal proxy,0.7714379012063046,0.1655996072377924,-0.7616504195428742,0.16868218495694035,0.2367411869439266,0.08255498019103975
bone,0.3,T,Scalp thermistor,2.711526917580466,0.6675755360378904,-2.704214054070059,0.6696442475985781,0.2858123176115173,0.055689803359841604
bone,0.3,sO2,NIRS rScO2,8.632953770767745,2.734535083136333,8.389326094579316,2.8359445303091126,,
bone,0.3,sO2,PA fluence-compensated,23.07296112473601,11.599190461075144,-7.13542539308366,16.73614167129007,,
bone,0.3,sO2,PA linear unmixing,1.3681512292270217,0.6800658229729263,-0.7239878810575164,0.8257782811425619,,
bone,0.3,sO2,Proposed EKF,6.519772688356303,2.7827797441920477,-3.7080798320498722,3.623188698513729,,
fill,0.3,T,Echo shift only,0.330592859067266,0.2861875098989601,0.10262018000751687,0.431343644231814,0.3345475519687729,0.2931082674750454
fill,0.3,T,PA amplitude (800 nm),7.5397851544599535,1.1169827003115647,-6.453091235760515,1.24322458576564,7.405497942279573,1.0982327650441874
fill,0.3,T,Proposed EKF,0.36662126242715454,0.27476631522397976,0.15073294139052787,0.4305912568883219,0.3804048716718206,0.2938723661875751
fill,0.3,T,Rectal proxy,0.7714379012063046,0.1655996072377924,-0.7616504195428742,0.16868218495694035,0.2367411869439266,0.08255498019103975
fill,0.3,T,Scalp thermistor,2.711526917580466,0.6675755360378904,-2.704214054070059,0.6696442475985781,0.2858123176115173,0.055689803359841604
fill,0.3,sO2,NIRS rScO2,8.632953770767745,2.734535083136333,8.389326094579316,2.8359445303091126,,
fill,0.3,sO2,PA fluence-compensated,1.7171218278432314,0.7305005983960483,-1.698163706725935,0.7379939111333838,,
fill,0.3,sO2,PA linear unmixing,0.5798165008814449,0.23185211964928096,-0.010264125903837518,0.5128328063757025,,
fill,0.3,sO2,Proposed EKF,0.823121483687212,0.5039535457009828,-0.4358562862932008,0.8387350663409137,,
fill,0.7,T,Echo shift only,0.330592859067266,0.2861875098989601,0.10262018000751687,0.431343644231814,0.3345475519687729,0.2931082674750454
fill,0.7,T,PA amplitude (800 nm),7.529387069542366,1.120839250566629,-6.440989772592522,1.2464597587808786,7.395128716695627,1.1007715319428537
fill,0.7,T,Proposed EKF,0.3666831776476217,0.2751972280205307,0.14969096533081405,0.43104553264852735,0.3784807498872082,0.28900301441498005
fill,0.7,T,Rectal proxy,0.7714379012063046,0.1655996072377924,-0.7616504195428742,0.16868218495694035,0.2367411869439266,0.08255498019103975
fill,0.7,T,Scalp thermistor,2.711526917580466,0.6675755360378904,-2.704214054070059,0.6696442475985781,0.2858123176115173,0.055689803359841604
fill,0.7,sO2,NIRS rScO2,8.632953770767745,2.734535083136333,8.389326094579316,2.8359445303091126,,
fill,0.7,sO2,PA fluence-compensated,0.9498112581781359,0.6030189055409106,-0.8713705029964399,0.7040418317373487,,
fill,0.7,sO2,PA linear unmixing,0.8544323708321075,0.3430887181651525,0.6752475291683951,0.5021022564094656,,
fill,0.7,sO2,Proposed EKF,0.76101582820036,0.429240815133034,-0.5069416477781126,0.6834840072034414,,
kc_bias,0.7,T,Echo shift only,0.7891080582275635,0.25131868162396864,0.7661266763184245,0.2530685439306265,0.9404972149846977,0.19954705841704734
kc_bias,0.7,T,PA amplitude (800 nm),7.547477433742271,1.1186339734299557,-6.463912652588397,1.2450804473676553,7.413033569557272,1.0984151524238845
kc_bias,0.7,T,Proposed EKF,0.8175722653134746,0.25421851598253925,0.7964160437326981,0.25568450060551884,0.9693618561164808,0.1967927974878258
kc_bias,0.7,T,Rectal proxy,0.7714379012063046,0.1655996072377924,-0.7616504195428742,0.16868218495694035,0.2367411869439266,0.08255498019103975
kc_bias,0.7,T,Scalp thermistor,2.711526917580466,0.6675755360378904,-2.704214054070059,0.6696442475985781,0.2858123176115173,0.055689803359841604
kc_bias,0.7,sO2,NIRS rScO2,8.632953770767745,2.734535083136333,8.389326094579316,2.8359445303091126,,
kc_bias,0.7,sO2,PA fluence-compensated,1.2347366503342152,0.749389690062259,-1.1892928647861163,0.8048447297158857,,
kc_bias,0.7,sO2,PA linear unmixing,0.7451045967354764,0.26448828046363415,0.4115864835685865,0.5805060328763569,,
kc_bias,0.7,sO2,Proposed EKF,0.7180669750337367,0.47339693886305906,-0.4265640595980577,0.7299617649956954,,
kc_bias,1.3,T,Echo shift only,0.948570739087214,0.37246618204396953,-0.9344888705836918,0.3677559369846793,0.7942898813002283,0.3541596973018488
kc_bias,1.3,T,PA amplitude (800 nm),7.514426976904616,1.1037725111113683,-6.422160793180222,1.2277255767178377,7.380518961791202,1.085710699614668
kc_bias,1.3,T,Proposed EKF,0.8802730748673939,0.37732165193145245,-0.8512434455621849,0.3682285339575712,0.7297277656139731,0.3478089809539217
kc_bias,1.3,T,Rectal proxy,0.7714379012063046,0.1655996072377924,-0.7616504195428742,0.16868218495694035,0.2367411869439266,0.08255498019103975
kc_bias,1.3,T,Scalp thermistor,2.711526917580466,0.6675755360378904,-2.704214054070059,0.6696442475985781,0.2858123176115173,0.055689803359841604
kc_bias,1.3,sO2,NIRS rScO2,8.632953770767745,2.734535083136333,8.389326094579316,2.8359445303091126,,
kc_bias,1.3,sO2,PA fluence-compensated,1.2355888951708858,0.7487255170365026,-1.1900511349457923,0.8044295302890382,,
kc_bias,1.3,sO2,PA linear unmixing,0.7450152487261599,0.26365533687424536,0.4109568221353679,0.5805498368353029,,
kc_bias,1.3,sO2,Proposed EKF,0.8204624269739442,0.4907734016197555,-0.5592960555002746,0.7311143702167576,,
kg_bias,0.7,T,Echo shift only,0.330592859067266,0.2861875098989601,0.10262018000751687,0.431343644231814,0.3345475519687729,0.2931082674750454
kg_bias,0.7,T,PA amplitude (800 nm),6.921217959531179,1.112205483745965,-5.593429524023603,1.3553814779832447,6.792169040262205,1.0840800496431218
kg_bias,0.7,T,Proposed EKF,0.36718474366166687,0.27297962921041913,0.14964504653855876,0.42981808362952323,0.3819460727364353,0.28698109514940645
kg_bias,0.7,T,Rectal proxy,0.7714379012063046,0.1655996072377924,-0.7616504195428742,0.16868218495694035,0.2367411869439266,0.08255498019103975
kg_bias,0.7,T,Scalp thermistor,2.711526917580466,0.6675755360378904,-2.704214054070059,0.6696442475985781,0.2858123176115173,0.055689803359841604
kg_bias,0.7,sO2,NIRS rScO2,8.632953770767745,2.734535083136333,8.389326094579316,2.8359445303091126,,
kg_bias,0.7,sO2,PA fluence-compensated,1.2371301419970129,0.7503363824367906,-1.192880319538424,0.8043034440785454,,
kg_bias,0.7,sO2,PA linear unmixing,0.7436554331816257,0.2630014481190678,0.4085925587191086,0.5805155060491721,,
kg_bias,0.7,sO2,Proposed EKF,0.7533265516408659,0.4941101673295783,-0.5057183472276786,0.7137410145380374,,
kg_bias,1.3,T,Echo shift only,0.330592859067266,0.2861875098989601,0.10262018000751687,0.431343644231814,0.3345475519687729,0.2931082674750454
kg_bias,1.3,T,PA amplitude (800 nm),7.997483018251218,1.1513252708685953,-7.032101944430147,1.2683357122264434,7.858065037062481,1.1244491792159692
kg_bias,1.3,T,Proposed EKF,0.3701586394937849,0.26757511973679127,0.1479420669115591,0.42975483326079966,0.3778496154847885,0.2901755782751779
kg_bias,1.3,T,Rectal proxy,0.7714379012063046,0.1655996072377924,-0.7616504195428742,0.16868218495694035,0.2367411869439266,0.08255498019103975
kg_bias,1.3,T,Scalp thermistor,2.711526917580466,0.6675755360378904,-2.704214054070059,0.6696442475985781,0.2858123176115173,0.055689803359841604
kg_bias,1.3,sO2,NIRS rScO2,8.632953770767745,2.734535083136333,8.389326094579316,2.8359445303091126,,
kg_bias,1.3,sO2,PA fluence-compensated,1.2323413925343754,0.747626278154471,-1.186410336142652,0.8034096309648909,,
kg_bias,1.3,sO2,PA linear unmixing,0.7464483184102486,0.2641912223845146,0.41394524825989626,0.579821948773438,,
kg_bias,1.3,sO2,Proposed EKF,0.7687923126751237,0.46362771682217774,-0.5003023386468415,0.7127850512153533,,
noise_scale,0.25,T,Echo shift only,0.330592859067266,0.2861875098989601,0.10262018000751687,0.431343644231814,0.3345475519687729,0.2931082674750454
noise_scale,0.25,T,PA amplitude (800 nm),7.525131856173388,1.1211142995826728,-6.435468336134083,1.247054467167156,7.390898125287817,1.1006794620139806
noise_scale,0.25,T,Proposed EKF,0.37075643993263585,0.27973455189796786,0.15370285211821627,0.4365561200664654,0.3794202952102787,0.30049796154544217
noise_scale,0.25,T,Rectal proxy,0.7714379012063046,0.1655996072377924,-0.7616504195428742,0.16868218495694035,0.2367411869439266,0.08255498019103975
noise_scale,0.25,T,Scalp thermistor,2.711526917580466,0.6675755360378904,-2.704214054070059,0.6696442475985781,0.2858123176115173,0.055689803359841604
noise_scale,0.25,sO2,NIRS rScO2,8.632953770767745,2.734535083136333,8.389326094579316,2.8359445303091126,,
noise_scale,0.25,sO2,PA fluence-compensated,1.2287928498706415,0.7545209294282276,-1.1900584151956533,0.8048558888662011,,
noise_scale,0.25,sO2,PA linear unmixing,0.7411380838510133,0.26489183477981754,0.4111191038556379,0.5809380900001758,,
noise_scale,0.25,sO2,Proposed EKF,0.7730875723688914,0.49053523990017445,-0.520970426082364,0.7272249425977203,,
noise_scale,4.0,T,Echo shift only,0.330592859067266,0.2861875098989601,0.10262018000751687,0.431343644231814,0.3345475519687729,0.2931082674750454
noise_scale,4.0,T,PA amplitude (800 nm),7.542762441802545,1.1090781726561383,-6.4566448065481845,1.234733145916626,7.4084058452044355,1.0903767752019555
noise_scale,4.0,T,Proposed EKF,0.3702680712161312,0.26273037509764724,0.15133928582553313,0.42440074938639627,0.3873830333576138,0.279944732679453
noise_scale,4.0,T,Rectal proxy,0.7714379012063046,0.1655996072377924,-0.7616504195428742,0.16868218495694035,0.2367411869439266,0.08255498019103975
noise_scale,4.0,T,Scalp thermistor,2.711526917580466,0.6675755360378904,-2.704214054070059,0.6696442475985781,0.2858123176115173,0.055689803359841604
noise_scale,4.0,sO2,NIRS rScO2,8.632953770767745,2.734535083136333,8.389326094579316,2.8359445303091126,,
noise_scale,4.0,sO2,PA fluence-compensated,1.2583134903994306,0.7328473048076911,-1.187794646985318,0.8045713581369063,,
noise_scale,4.0,sO2,PA linear unmixing,0.7639272645327394,0.2610724040180953,0.41223991272566185,0.5800279012156467,,
noise_scale,4.0,sO2,Proposed EKF,0.7647803947329035,0.47468880176432754,-0.45686353224842885,0.7268804129308392,,
noise_scale,16.0,T,Echo shift only,0.330592859067266,0.2861875098989601,0.10262018000751687,0.431343644231814,0.3345475519687729,0.2931082674750454
noise_scale,16.0,T,PA amplitude (800 nm),7.565372427196084,1.0964478399626616,-6.482455564378379,1.2250643637955696,7.430918994944583,1.0798924836403994
noise_scale,16.0,T,Proposed EKF,0.3775747795207169,0.25876212682799343,0.15663599180700888,0.42616428618411795,0.3966996167262395,0.278752550392178
noise_scale,16.0,T,Rectal proxy,0.7714379012063046,0.1655996072377924,-0.7616504195428742,0.16868218495694035,0.2367411869439266,0.08255498019103975
noise_scale,16.0,T,Scalp thermistor,2.711526917580466,0.6675755360378904,-2.704214054070059,0.6696442475985781,0.2858123176115173,0.055689803359841604
noise_scale,16.0,sO2,NIRS rScO2,8.632953770767745,2.734535083136333,8.389326094579316,2.8359445303091126,,
noise_scale,16.0,sO2,PA fluence-compensated,1.337049945410225,0.6938998832057265,-1.1862411423610961,0.8028695025810261,,
noise_scale,16.0,sO2,PA linear unmixing,0.8336852160623774,0.24850977206680416,0.41176171392438765,0.5785685621697065,,
noise_scale,16.0,sO2,Proposed EKF,0.8276482688443993,0.468054268778497,-0.4481246291821295,0.7358250383604712,,
