I_avg_Wcm2,q_elec_Wcm2,contact,T_core,dT_skin_20min,dT_cortex_20min,dT_skin_5min,T_skin_abs,dT_max_profile
0.0,0.0,insulated patch,37.0,-2.3455015707440907e-11,-1.971045548998518e-11,-2.3455015707440907e-11,36.75654830964939,0.0
0.0,0.0,insulated patch,33.5,0.0,0.0,0.0,33.469568538720836,0.0
0.0,0.0,open probe,37.0,-3.823430461125099e-11,-4.083489102413296e-11,-3.823430461125099e-11,36.348900558702944,0.0
0.0,0.0,open probe,33.5,0.0,0.0,0.0,33.418612569851824,0.0
0.0,0.02,insulated patch,37.0,2.419805790409697,0.30601918121544713,2.246462431702639,39.19061434963691,2.4340724149341355
0.0,0.02,insulated patch,33.5,2.4198057904341965,0.3060191812349373,2.246462431722925,35.9036345787094,2.434072414958635
0.0,0.02,open probe,37.0,2.1558261461344443,0.2728819168168073,2.03292738960689,38.51898695442999,2.170089927790052
0.0,0.02,open probe,33.5,2.1558261461726076,0.2728819168571377,2.032927389638317,35.58869896557879,2.1700899278282293
0.0,0.05,insulated patch,37.0,6.0495144760863155,0.7650479530882066,5.6161560793077925,42.84171340964508,6.085181037397412
0.0,0.05,insulated patch,33.5,6.049514476110808,0.7650479531077039,5.616156079328121,39.55473363871756,6.085181037421897
0.0,0.05,open probe,37.0,5.3895653654171625,0.6822047921229242,5.082318474084531,41.77411654804426,5.4252248195562345
0.0,0.05,open probe,33.5,5.389565365455304,0.6822047921632262,5.082318474115951,38.84382855919304,5.425224819594376
0.02,0.0,insulated patch,37.0,0.37292487072281233,0.11439585235279282,0.33287211083109725,37.1295695597583,0.3731884617900292
0.02,0.0,insulated patch,33.5,0.37292487074730474,0.11439585237230432,0.33287211085129087,33.84258978883078,0.3731884618145571
0.02,0.0,open probe,37.0,0.33248038926583234,0.10932329464139912,0.30257504563113,36.681477327369656,0.33452805355403115
0.02,0.0,open probe,33.5,0.3324803893040098,0.10932329468171531,0.30257504566246496,33.75118933851847,0.33452805359268467
0.02,0.02,insulated patch,37.0,2.7927306611739056,0.4204150336012802,2.5793345425678567,39.563635599763764,2.807095255686349
0.02,0.02,insulated patch,33.5,2.7927306611984193,0.4204150336208059,2.5793345425880503,36.27665582883626,2.8070952557108555
0.02,0.02,open probe,37.0,2.4883065354543987,0.382205211512165,2.3355024352828906,38.85156372311259,2.50266764708433
0.02,0.02,open probe,33.5,2.4883065354925193,0.3822052115524599,2.335502435314261,35.92127573426135,2.5026676471224576
0.02,0.05,insulated patch,37.0,6.422439346850467,0.8794438054740397,5.949028190173095,43.21473465977187,6.458203878149554
0.02,0.05,insulated patch,33.5,6.422439346875002,0.879443805493537,5.949028190193275,39.9277548888444,6.458203878174096
0.02,0.05,open probe,37.0,5.722045754737103,0.7915280868182393,5.384893519760567,42.10669331672684,5.757802538850463
0.02,0.05,open probe,33.5,5.7220457547752375,0.7915280868585413,5.384893519791909,39.17640532787562,5.757802538888605
0.05,0.0,insulated patch,37.0,0.9323121768692673,0.28598963093156016,0.8321802771290194,37.68910143494872,0.932971154537384
0.05,0.0,insulated patch,33.5,0.9323121768937668,0.28598963095107877,0.832180277149277,34.40212166402121,0.932971154561919
0.05,0.0,open probe,37.0,0.8312009732458705,0.27330823668446413,0.7564376141452627,37.180342480393655,0.8363201339673267
0.05,0.0,open probe,33.5,0.8312009732839698,0.2733082367247519,0.7564376141766189,34.2500544915424,0.8363201340059234
0.05,0.02,insulated patch,37.0,3.352117967320318,0.592008812180083,3.078642708865843,40.12316747495414,3.3666295168147258
0.05,0.02,insulated patch,33.5,3.352117967344796,0.5920088121996088,3.078642708886022,36.83618770402661,3.3666295168392253
0.05,0.02,open probe,37.0,2.98702711943443,0.5461901535552016,2.7893650037970303,39.35042887613658,3.001534226025818
0.05,0.02,open probe,33.5,2.9870271194724936,0.5461901535955036,2.789365003828401,36.420140887285285,3.0015342260638675
0.05,0.05,insulated patch,37.0,6.981826652996915,1.0510375840528496,6.448336356471067,43.77426653496229,7.017738139277995
0.05,0.05,insulated patch,33.5,6.981826653021429,1.051037584072354,6.448336356491232,40.487286764034785,7.017738139302509
0.05,0.05,open probe,37.0,6.220766338717127,0.9555130288613043,5.8387560882747,42.60555846975083,6.256669117791965
0.05,0.05,open probe,33.5,6.220766338755261,0.9555130289015992,5.838756088306042,39.675270480899606,6.2566691178301
0.1,0.0,insulated patch,37.0,1.86462435377954,0.5719792618961037,1.6643605542919815,38.6216545602656,1.8659423091158445
0.1,0.0,insulated patch,33.5,1.8646243538040608,0.5719792619156223,1.6643605543121538,35.33467478933811,1.8659423091404008
0.1,0.0,open probe,37.0,1.6624019465455149,0.5466164734227306,1.5128752283351687,38.011784402099906,1.6726402679891024
0.1,0.0,open probe,33.5,1.6624019465836781,0.5466164734630183,1.5128752283665037,35.081496413248715,1.6726402680277417
0.1,0.02,insulated patch,37.0,4.284430144230647,0.8779984431446124,3.910822986028762,41.05572060027107,4.299186618695046
0.1,0.02,insulated patch,33.5,4.284430144255154,0.877998443164131,3.910822986048963,37.76874082934357,4.29918661871956
0.1,0.02,open probe,37.0,3.8182280927340173,0.8194983902934609,3.545802617986972,40.18187079784278,3.8329785242611933
0.1,0.02,open probe,33.5,3.818228092772131,0.8194983903337629,3.5458026180183424,37.25158280899153,3.8329785242992997
0.1,0.05,insulated patch,37.0,7.914138829907216,1.3370272150173577,7.280516633633958,44.706819660279194,7.9502952411582655
0.1,0.05,insulated patch,33.5,7.914138829931716,1.3370272150368834,7.280516633654166,41.41983988935168,7.950295241182772
0.1,0.05,open probe,37.0,7.051967312016778,1.2288212655995352,6.595193702464606,43.43700039145709,7.088113416027383
0.1,0.05,open probe,33.5,7.051967312054877,1.2288212656398656,6.595193702495983,40.50671240260583,7.088113416065482
0.15,0.0,insulated patch,37.0,2.7969365306902105,0.8579688928607396,2.4965408314551993,39.554207685582874,2.79891346369466
0.15,0.0,insulated patch,33.5,2.796936530714703,0.8579688928802156,2.4965408314753716,36.26722791465536,2.7989134637191952
0.15,0.0,open probe,37.0,2.493602919845486,0.8199247101610965,2.2693128425253377,38.84322632380648,2.5089604020111835
0.15,0.0,open probe,33.5,2.4936029198835854,0.8199247102014056,2.269312842556687,35.91293833495523,2.508960402049766
0.15,0.02,insulated patch,37.0,5.216742321141261,1.1639880741092483,4.743003263192001,41.98827372558829,5.231743720575636
0.15,0.02,insulated patch,33.5,5.216742321165739,1.1639880741287527,4.743003263212238,38.70129395466076,5.2317437206001145
0.15,0.02,open probe,37.0,4.649429066033925,1.092806627031841,4.302240232177098,41.01331271954929,4.66442282249686
0.15,0.02,open probe,33.5,4.6494290660720665,1.0928066270721217,4.302240232208469,38.08302473069807,4.664422822534995
0.15,0.05,insulated patch,37.0,8.846451006817873,1.6230168459820007,8.112696910797226,45.63937278559646,8.882852343038898
0.15,0.05,insulated patch,33.5,8.846451006842344,1.623016846001498,8.112696910817398,42.35239301466891,8.88285234306337
0.15,0.05,open probe,37.0,7.883168285316685,1.5021295023379295,7.351631316654753,44.268442313163604,7.919557714263078
0.15,0.05,open probe,33.5,7.883168285354834,1.5021295023782173,7.351631316686131,41.33815432431239,7.919557714301213
0.2,0.0,insulated patch,37.0,3.729248707600526,1.1439585238252619,3.328721108618133,40.486760810899796,3.7318846182731846
0.2,0.0,insulated patch,33.5,3.72924870762499,1.1439585238447734,3.328721108638341,37.19978103997225,3.73188461829767
0.2,0.0,open probe,37.0,3.324803893145102,1.0932329468993487,3.025750456715251,39.674668245512706,3.3452805360329165
0.2,0.0,open probe,33.5,3.324803893183237,1.093232946939672,3.0257504567466356,36.744380256661486,3.3452805360715345
0.2,0.02,insulated patch,37.0,6.149054498051562,1.4499777050737706,5.575183540354928,42.9208268509052,6.1643008224559
0.2,0.02,insulated patch,33.5,6.1490544980760475,1.4499777050932678,5.575183540375114,39.63384707997768,6.164300822480399
0.2,0.02,open probe,37.0,5.480630039333597,1.3661148637700862,5.058677846367047,41.84475464125557,5.495867120732299
0.2,0.02,open probe,33.5,5.48063003937169,1.3661148638104166,5.058677846398389,38.9144666524043,5.495867120770406
0.2,0.05,insulated patch,37.0,9.778763183728124,1.90900647694653,8.944877187960088,46.571925910913315,9.815409444919148
0.2,0.05,insulated patch,33.5,9.77876318375268,1.9090064769660628,8.944877187980303,43.284946139985855,9.815409444943697
0.2,0.05,open probe,37.0,8.714369258616316,1.7754377390761746,8.10806893084471,45.09988423486984,8.751002012498475
0.2,0.05,open probe,33.5,8.714369258654486,1.7754377391165193,8.108068930876051,42.16959624601865,8.75100201253661
0.32,0.0,insulated patch,37.0,5.966797932185756,1.8303336381402886,5.325953773809601,42.724888311660884,5.971015389262007
0.32,0.0,insulated patch,33.5,5.966797932210234,1.830333638159786,5.325953773829802,39.437908540733346,5.971015389286499
0.32,0.0,open probe,37.0,5.319686229064693,1.7491727150713388,4.841200730771398,41.670128857608155,5.352448857685609
0.32,0.0,open probe,33.5,5.3196862291027855,1.7491727151116478,4.841200730802775,38.739840868756886,5.352448857724177
0.32,0.02,insulated patch,37.0,8.386603722636835,2.1363528193888115,7.572416205546382,45.15895435166633,8.40243786696913
0.32,0.02,insulated patch,33.5,8.386603722661306,2.1363528194083017,7.572416205566604,41.87197458073879,8.402437866993608
0.32,0.02,open probe,37.0,7.475512375253167,2.0220546319420833,6.874128120423187,43.840215253351,7.491333436497726
0.32,0.02,open probe,33.5,7.475512375291281,2.0220546319823853,6.8741281204545714,40.90992726449975,7.491333436535854
0.32,0.05,insulated patch,37.0,12.016312408313432,2.5953815912615568,10.942109853151635,48.810053411674474,12.053546489432392
0.32,0.05,insulated patch,33.5,12.016312408337939,2.5953815912810825,10.942109853171779,45.52307364074697,12.053546489456899
0.32,0.05,open probe,37.0,10.709251594535907,2.431377507248172,9.923519204900877,47.09534484696528,10.746468328263887
0.32,0.05,open probe,33.5,10.709251594574035,2.431377507288495,9.923519204932212,44.165056858114056,10.74646832830203
